id,query,tools,raw_output,pred_tool,pred_args
0,"Find the maximum sum of a subarray in [4, -1, 2, 1] and calculate the 20th Fibonacci number.","[{""name"": ""find_max_subarray_sum"", ""description"": ""Finds the maximum sum of a contiguous subarray within a list of integers."", ""parameters"": {""nums"": {""description"": ""The input list of integers."", ""type"": ""List[int]""}}}, {""name"": ""fibonacci"", ""description"": ""Calculates the nth Fibonacci number."", ""parameters"": {""n"": {""description"": ""The position of the Fibonacci number."", ""type"": ""int""}}}, {""name"": ""is_sum_of_cubes"", ""description"": ""Checks if a number is the sum of the cubes of its digits."", ""parameters"": {""num"": {""description"": ""The number to check."", ""type"": ""int""}}}, {""name"": ""reverse_words"", ""description"": ""Reverses the order of words in a sentence."", ""parameters"": {""sentence"": {""description"": ""The input sentence."", ""type"": ""str""}}}]","{""tool"":""find_max_subarray_sum"",""arguments"":{""nums"":[4,-1,2,1]}}",find_max_subarray_sum,"{""nums"": [4, -1, 2, 1]}"
1,Determine if the numbers 1741725 and 42108183 are sums of the cubes of their digits.,"[{""name"": ""is_sum_of_cubes"", ""description"": ""Checks if a number is the sum of the cubes of its digits."", ""parameters"": {""num"": {""description"": ""The number to check."", ""type"": ""int""}}}]","{""tool"":""is_sum_of_cubes"",""arguments"":{""num"":1741725}}",is_sum_of_cubes,"{""num"": 1741725}"
2,"What is the ascending order of these numbers: [15, 5, 20, 10, 25, 15, 30, 20]? Please sort them.","[{""name"": ""sort_numbers"", ""description"": ""Sorts a list of numbers in ascending or descending order."", ""parameters"": {""numbers"": {""description"": ""The list of numbers to be sorted."", ""type"": ""List[float]""}, ""descending"": {""description"": ""If True, sorts the numbers in descending order. Defaults to False."", ""type"": ""bool, optional""}}}]","{""tool"":""sort_numbers"",""arguments"":{""numbers"":[15,5,20,10,25,15,30,20],""descending"":false}}",sort_numbers,"{""numbers"": [15, 5, 20, 10, 25, 15, 30, 20], ""descending"": false}"
3,"Project the population of a city currently at 500,000 people, with an annual growth rate of 1.5%, over the next 10 years.","[{""name"": ""get_pokemon_move_info"", ""description"": ""Retrieves information about a Pokémon's move using the PokéAPI."", ""parameters"": {""pokemon_name"": {""description"": ""The name of the Pokémon."", ""type"": ""str"", ""default"": ""run""}, ""move_name"": {""description"": ""The name of the move to check. Defaults to \""run\""."", ""type"": ""str, optional"", ""default"": ""run""}}}, {""name"": ""whole_foods_order"", ""description"": ""Places an order at Whole Foods."", ""parameters"": {""store_location"": {""description"": ""The location of the Whole Foods store."", ""type"": ""str""}, ""item_list"": {""description"": ""A list of items to order."", ""type"": ""list""}, ""order_size"": {""description"": ""The size of the order. Allowed values: \""small\"", \""medium\"", or \""large\""."", ""type"": ""str""}}}, {""name"": ""calculate_calorie_intake"", ""description"": ""Calculates the recommended daily calorie intake and macronutrient distribution based on personal characteristics and goals."", ""parameters"": {""weight_kg"": {""description"": ""Body weight in kilograms."", ""type"": ""float""}, ""height_cm"": {""description"": ""Height in centimeters."", ""type"": ""float""}, ""age"": {""description"": ""Age in years."", ""type"": ""int""}, ""sex"": {""description"": ""Biological sex, either 'male' or 'female'."", ""type"": ""str""}, ""activity_level"": {""description"": ""Activity level on a scale of 1 to 5 (1 = sedentary, 5 = extremely active)."", ""type"": ""int""}, ""goal"": {""description"": ""Fitness goal, either 'lose', 'maintain', or 'gain'."", ""type"": ""str""}}}, {""name"": ""get_city_from_zipcode"", ""description"": ""Retrieves the city name for a given ZIP code using the Ziptastic API."", ""parameters"": {""zipcode"": {""description"": ""The ZIP code to look up."", ""type"": ""str""}}}, {""name"": ""project_population"", ""description"": ""Projects the population size after a specified number of years."", ""parameters"": {""current_pop"": {""description"": ""The current population size."", ""type"": ""int"", ""default"": 1.2}, ""num_years"": {""description"": ""The number of years into the future to make the projection."", ""type"": ""int"", ""default"": 1.2}, ""annual_growth"": {""description"": ""The annual population growth rate as a percentage. Defaults to 1.2."", ""type"": ""float, optional""}}}, {""name"": ""project_investment_growth"", ""description"": ""Projects the growth of an investment over a specified number of years."", ""parameters"": {""principal"": {""description"": ""The initial investment amount."", ""type"": ""float"", ""default"": true}, ""annual_addition"": {""description"": ""The amount added to the investment annually."", ""type"": ""float"", ""default"": true}, ""years"": {""description"": ""The number of years to project the investment growth."", ""type"": ""int""}, ""return_rate"": {""description"": ""The annual return rate as a decimal (e.g., 0.07 for 7%)."", ""type"": ""float""}, ""inflation"": {""description"": ""A list of annual inflation rates as decimals."", ""type"": ""List[float]""}, ""inflation_adjusted"": {""description"": ""Whether to adjust the final value for inflation. Defaults to True."", ""type"": ""bool, optional""}}}]","{""tool"":""project_population"",""arguments"":{""current_pop"":500000,""num_years"":10,""annual_growth"":1.5}}",project_population,"{""current_pop"": 500000, ""num_years"": 10, ""annual_growth"": 1.5}"
4,"Find the 3 largest numbers from the list [15, 8, 22, 36, 10, 45, 30].","[{""name"": ""convert_cooking_measurements"", ""description"": ""Converts a quantity of a cooking ingredient from one measurement unit to another."", ""parameters"": {""quantity"": {""description"": ""The quantity of the item to convert."", ""type"": ""float""}, ""from_unit"": {""description"": ""The unit of the input quantity (e.g., 'cup', 'gram')."", ""type"": ""str""}, ""to_unit"": {""description"": ""The unit to which the quantity should be converted (e.g., 'ounce', 'kilogram')."", ""type"": ""str""}, ""item"": {""description"": ""The cooking ingredient being converted (e.g., 'flour', 'sugar')."", ""type"": ""str""}}}, {""name"": ""find_n_largest_numbers"", ""description"": ""Finds the n largest numbers in a list."", ""parameters"": {""nums"": {""description"": ""The list of numbers."", ""type"": ""List[int]""}, ""n"": {""description"": ""The number of largest numbers to find."", ""type"": ""int""}}}, {""name"": ""create_histogram"", ""description"": ""Create a histogram based on provided data."", ""parameters"": {""data"": {""description"": ""The data for which histogram needs to be plotted."", ""type"": ""list"", ""default"": 10}, ""bins"": {""description"": ""The number of equal-width bins in the range. Default is 10."", ""type"": ""int"", ""default"": 10}}}]","{""tool"":""find_n_largest_numbers"",""arguments"":{""nums"":[15,8,22,36,10,45,30],""n"":3}}",find_n_largest_numbers,"{""nums"": [15, 8, 22, 36, 10, 45, 30], ""n"": 3}"
5,Is 123.456.789.0 a valid IP address?,"[{""name"": ""is_valid_ip_address"", ""description"": ""Checks if a string is a valid IP address (IPv4)."", ""parameters"": {""ip"": {""description"": ""The string to check."", ""type"": ""str""}}}]","{""tool"":""is_valid_ip_address"",""arguments"":{""ip"":""123.456.789.0""}}",is_valid_ip_address,"{""ip"": ""123.456.789.0""}"
6,"Compute the sum of '1010' and '1101' in binary, and find the 5 largest numbers in [1, 2, 3, 4, 5, 6, 7, 8, 9, 10].","[{""name"": ""binary_addition"", ""description"": ""Adds two binary numbers and returns the result as a binary string."", ""parameters"": {""a"": {""description"": ""The first binary number."", ""type"": ""str""}, ""b"": {""description"": ""The second binary number."", ""type"": ""str""}}}, {""name"": ""find_n_largest_numbers"", ""description"": ""Finds the n largest numbers in a list."", ""parameters"": {""nums"": {""description"": ""The list of numbers."", ""type"": ""List[int]""}, ""n"": {""description"": ""The number of largest numbers to find."", ""type"": ""int""}}}]","{""tool"":""binary_addition"",""arguments"":{""a"":""1010"",""b"":""1101""}}",binary_addition,"{""a"": ""1010"", ""b"": ""1101""}"
7,"Please calculate the average for the numbers 1.1, 2.2, 3.3 and also the average for 1.2, 2.4, 3.6.","[{""name"": ""average"", ""description"": ""Calculates the arithmetic mean of a list of numbers."", ""parameters"": {""numbers"": {""description"": ""The list of numbers."", ""type"": ""List[float]""}}}]","{""tool"":""average"",""arguments"":{""numbers"":[1.1,2.2,3.3]}}",average,"{""numbers"": [1.1, 2.2, 3.3]}"
8,"Perform a Chi-Square test for independence on a contingency table [[30, 20], [15, 35]] with a significance level of 0.01.","[{""name"": ""find_longest_palindromic_substring"", ""description"": ""Finds the longest palindromic substring in a string."", ""parameters"": {""s"": {""description"": ""The input string."", ""type"": ""str""}}}, {""name"": ""find_pairs_with_sum"", ""description"": ""Finds all pairs of integers in a list that sum up to a target value."", ""parameters"": {""nums"": {""description"": ""The list of integers."", ""type"": ""List[int]""}, ""target"": {""description"": ""The target sum value."", ""type"": ""int""}}}, {""name"": ""chi_square_independence_test"", ""description"": ""Performs a Chi-Square test for independence on a 2x2 contingency table."", ""parameters"": {""contingency_table"": {""description"": ""A 2x2 contingency table represented as a list of lists."", ""type"": ""List[List[int]]"", ""default"": 0.05}, ""significance_level"": {""description"": ""The significance level for the Chi-Square test. Defaults to 0.05."", ""type"": ""float, optional"", ""default"": 0.05}}}, {""name"": ""expand_around_center"", ""description"": ""Helper function to expand around a center for finding palindromic substrings."", ""parameters"": {""s"": {""description"": ""The input string."", ""type"": ""str""}, ""left"": {""description"": ""The left index of the center."", ""type"": ""int""}, ""right"": {""description"": ""The right index of the center."", ""type"": ""int""}}}, {""name"": ""probability_of_consecutive_rolls"", ""description"": ""Calculates the probability of rolling a specific value on a die consecutively for a given number of rolls."", ""parameters"": {""target_value"": {""description"": ""The desired value to be rolled."", ""type"": ""int"", ""default"": 6}, ""num_rolls"": {""description"": ""The number of consecutive rolls."", ""type"": ""int"", ""default"": 6}, ""num_sides"": {""description"": ""The number of sides on the die. Defaults to 6."", ""type"": ""int, optional""}}}, {""name"": ""fibonacci_numbers"", ""description"": ""Generates the first n Fibonacci numbers."", ""parameters"": {""n"": {""description"": ""The number of Fibonacci numbers to generate."", ""type"": ""int""}}}]","{""tool"":""chi_square_independence_test"",""arguments"":{""contingency_table"":[[30,20],[15,35]],""significance_level"":0.01}}",chi_square_independence_test,"{""contingency_table"": [[30, 20], [15, 35]], ""significance_level"": 0.01}"
9,"Check the palindrome status of 'A Santa at NASA' and 'No sir, away! A papaya war is on.'","[{""name"": ""is_palindrome"", ""description"": ""Checks if a string is a palindrome."", ""parameters"": {""text"": {""description"": ""The input string."", ""type"": ""str""}}}]","{""tool"":""is_palindrome"",""arguments"":{""text"":""A Santa at NASA""}}",is_palindrome,"{""text"": ""A Santa at NASA""}"
10,"Compute the standard deviation for the dataset [7.1, 14.2, 21.3, 28.4, 35.5] and determine the number of permutations when selecting 5 items from a set of 11.","[{""name"": ""std_deviation"", ""description"": ""Calculates the standard deviation of a list of numbers."", ""parameters"": {""numbers"": {""description"": ""The list of numbers."", ""type"": ""List[float]""}}}, {""name"": ""permutation_count"", ""description"": ""Calculates the number of permutations of k elements from a set of n elements."", ""parameters"": {""n"": {""description"": ""The total number of elements in the set."", ""type"": ""int""}, ""k"": {""description"": ""The number of elements to choose for the permutation."", ""type"": ""int""}}}]","{""tool"":""permutation_count"",""arguments"":{""n"":11,""k"":5}}",permutation_count,"{""n"": 11, ""k"": 5}"
11,"Check if 19 and 29 are prime numbers. Also, find a peak in the array [3, 6, 9, 12, 15, 18].","[{""name"": ""is_prime"", ""description"": ""Checks if a number is prime."", ""parameters"": {""num"": {""description"": ""The number to be checked."", ""type"": ""int""}}}, {""name"": ""find_peak_element"", ""description"": ""Finds a peak element in a list of integers."", ""parameters"": {""nums"": {""description"": ""The list of integers."", ""type"": ""List[int]""}}}, {""name"": ""dice_roll_probability"", ""description"": ""Calculates the probability of rolling a specific sum with a given number of dice, each having a certain number of faces."", ""parameters"": {""target_sum"": {""description"": ""The target sum to calculate the probability for."", ""type"": ""int"", ""default"": 6}, ""num_dice"": {""description"": ""The number of dice being rolled."", ""type"": ""int"", ""default"": 6}, ""num_faces"": {""description"": ""The number of faces on each die. Defaults to 6."", ""type"": ""int, optional""}}}]","{""tool"":""is_prime"",""arguments"":{""num"":19}}",is_prime,"{""num"": 19}"
12,"Find the weighted average for [78, 84, 91] with weights [0.3, 0.4, 0.3], and check if 370 is a sum of cubes.","[{""name"": ""calculate_grade"", ""description"": ""Calculates the weighted average grade based on scores and their corresponding weights."", ""parameters"": {""scores"": {""description"": ""A list of scores."", ""type"": ""List[float]""}, ""weights"": {""description"": ""A list of weights corresponding to each score."", ""type"": ""List[float]""}}}, {""name"": ""is_sum_of_cubes"", ""description"": ""Checks if a number is the sum of the cubes of its digits."", ""parameters"": {""num"": {""description"": ""The number to check."", ""type"": ""int""}}}]","{""tool"":""calculate_grade"",""arguments"":{""scores"":[78,84,91],""weights"":[0.3,0.4,0.3]}}",calculate_grade,"{""scores"": [78, 84, 91], ""weights"": [0.3, 0.4, 0.3]}"
13,"Determine the index of 9 in the sequence [1, 3, 5, 7, 9, 11, 13, 15, 17] and reverse the statement 'Machine learning is powerful'.","[{""name"": ""binary_search"", ""description"": ""Performs binary search on a sorted list to find the index of a target value."", ""parameters"": {""arr"": {""description"": ""The sorted list of integers."", ""type"": ""List[int]""}, ""target"": {""description"": ""The target value to search for."", ""type"": ""int""}}}, {""name"": ""reverse_words"", ""description"": ""Reverses the order of words in a sentence."", ""parameters"": {""sentence"": {""description"": ""The input sentence."", ""type"": ""str""}}}]","{""tool"":""binary_search"",""arguments"":{""arr"":[1,3,5,7,9,11,13,15,17],""target"":9}}",binary_search,"{""arr"": [1, 3, 5, 7, 9, 11, 13, 15, 17], ""target"": 9}"
14,"Search for companies in 'healthcare,biotech' and get case details for 'case999'.","[{""name"": ""loginuser"", ""description"": ""Logs in a user by sending their credentials to a specified endpoint."", ""parameters"": {""username"": {""description"": ""The user's username for login."", ""type"": ""str"", ""default"": """"}, ""password"": {""description"": ""The user's password for login in clear text."", ""type"": ""str"", ""default"": """"}}}, {""name"": ""get_case_by_id"", ""description"": ""Fetch the case payload from the Yardillo API using the given case ID."", ""parameters"": {""is_id"": {""description"": ""The ID of the case to fetch."", ""type"": ""str"", ""default"": ""611c0765e9308692195b8538""}}}, {""name"": ""label_templates"", ""description"": ""Fetches a list of label templates filtered by various parameters such as paper format, brand, label size, and shape."", ""parameters"": {""format"": {""description"": ""The paper format, either 'Letter' (8.5 inch by 11 inch) or 'A4' (210 mm by 297 mm)."", ""type"": ""str"", ""default"": ""letter""}, ""brand"": {""description"": ""The name of the label manufacturer. Default is 'avery'. Possible values include 'Avery', 'Herma', 'Onlinelabels', 'Uline', 'Megastar', 'Sheetlabels'."", ""type"": ""str, optional"", ""default"": ""avery""}, ""height"": {""description"": ""The height of the label."", ""type"": ""str, optional"", ""default"": """"}, ""code"": {""description"": ""A string representing approximate label sizes in the format [width]x[height]. Default is '2x2'."", ""type"": ""str, optional"", ""default"": ""2x2""}, ""width"": {""description"": ""The width of the label."", ""type"": ""str, optional"", ""default"": """"}, ""shape"": {""description"": ""The shape of the label. Valid values include 'square', 'rectangle', 'circle', 'oval'."", ""type"": ""str, optional"", ""default"": """"}}}, {""name"": ""label_template_brands"", ""description"": ""Returns the list of blank label sheet brands supported by Ecardify on the given date."", ""parameters"": {""format"": {""description"": ""The paper size format, which can be either \""Letter\"" (8.5 inch by 11 inch) or \""A4\"" (210 mm by 297 mm)."", ""type"": ""str"", ""default"": ""a4""}}}, {""name"": ""search"", ""description"": ""This function performs a search query using the Market Intelligence by Automata API, returning information about related companies based on the provided search terms."", ""parameters"": {""terms"": {""description"": ""Search terms separated by commas, which are used to filter the companies. Example: 'cloud computing,enterprise,security'."", ""type"": ""str"", ""default"": """"}, ""page"": {""description"": ""Page number for paginated search results. Default is '0'. Example: '0', '1', '2', etc."", ""type"": ""str, optional"", ""default"": ""0""}}}, {""name"": ""get_all_images_of_an_collection"", ""description"": ""Fetches all images from a specified collection using the Pulsar6 API."", ""parameters"": {""is_id"": {""description"": ""The ID of the collection to retrieve images from."", ""type"": ""str"", ""default"": """"}}}, {""name"": ""convert_url_to_image"", ""description"": ""Converts a URL to an image by making a GET request to the Cloudlayer.io API."", ""parameters"": {""url"": {""description"": ""The URL to be converted to an image."", ""type"": ""str"", ""default"": ""https://google.com""}, ""timeout"": {""description"": ""The request timeout in milliseconds. Defaults to None."", ""type"": ""int, optional"", ""default"": """"}}}, {""name"": ""similar"", ""description"": ""Fetches information about companies related to the provided website link."", ""parameters"": {""link"": {""description"": ""The website link to identify related companies. For example, 'ibm.com'."", ""type"": ""str"", ""default"": """"}, ""page"": {""description"": ""Page number of search results. Default is '0'."", ""type"": ""str, optional"", ""default"": ""0""}}}]","{""tool"":""search"",""arguments"":{""terms"":""healthcare,biotech"",""page"":""0""}}",search,"{""terms"": ""healthcare,biotech"", ""page"": ""0""}"
15,Check if the number 'two hundred and fifty-six' is a power of two.,"[{""name"": ""is_power_of_two"", ""description"": ""Checks if a number is a power of two."", ""parameters"": {""num"": {""description"": ""The number to check."", ""type"": ""int""}}}, {""name"": ""dice_roll_probability"", ""description"": ""Calculates the probability of rolling a specific sum with a given number of dice, each having a certain number of faces."", ""parameters"": {""target_sum"": {""description"": ""The target sum to calculate the probability for."", ""type"": ""int"", ""default"": 6}, ""num_dice"": {""description"": ""The number of dice being rolled."", ""type"": ""int"", ""default"": 6}, ""num_faces"": {""description"": ""The number of faces on each die. Defaults to 6."", ""type"": ""int, optional""}}}, {""name"": ""mean_confidence_interval"", ""description"": ""Calculates the confidence interval for a sample mean."", ""parameters"": {""std_dev"": {""description"": ""The standard deviation of the sample."", ""type"": ""float"", ""default"": 0.95}, ""sample_size"": {""description"": ""The size of the sample."", ""type"": ""int"", ""default"": 0.95}, ""mean"": {""description"": ""The mean of the sample."", ""type"": ""float""}, ""confidence"": {""description"": ""The desired confidence level. Default is 0.95."", ""type"": ""float, optional""}}}]","{""tool"":""is_power_of_two"",""arguments"":{""num"":256}}",is_power_of_two,"{""num"": 256}"
16,Simulate querying a database for users who are active and have a role of 'admin' in the 'users' table.,"[{""name"": ""simulate_query_database"", ""description"": ""Simulates querying a database based on certain conditions."", ""parameters"": {""table"": {""description"": ""Name of the table to query."", ""type"": ""str""}, ""conditions"": {""description"": ""Conditions for the query, each condition is a dictionary."", ""type"": ""list""}}}, {""name"": ""is_leap_year"", ""description"": ""Checks if a year is a leap year."", ""parameters"": {""year"": {""description"": ""The year to check."", ""type"": ""int""}}}, {""name"": ""get_ip_location"", ""description"": ""Retrieves the latitude and longitude coordinates of a given IP address using the ip-api.com API."", ""parameters"": {""ip"": {""description"": ""The IP address to locate."", ""type"": ""str""}}}]","{""tool"":""simulate_query_database"",""arguments"":{""table"":""users"",""conditions"":[{""field"":""active"",""operator"":""="",""value"":true},{""field"":""role"",""operator"":""="",""value"":""admin""}]}}",simulate_query_database,"{""table"": ""users"", ""conditions"": [{""field"": ""active"", ""operator"": ""="", ""value"": true}, {""field"": ""role"", ""operator"": ""="", ""value"": ""admin""}]}"
17,"Please calculate the factorial of 45. Also, do you have any recommendations for a good book?","[{""name"": ""calculate_factorial"", ""description"": ""Calculates the factorial of a non-negative integer."", ""parameters"": {""n"": {""description"": ""The non-negative integer."", ""type"": ""int""}}}]","{""tool"":""calculate_factorial"",""arguments"":{""n"":45}}",calculate_factorial,"{""n"": 45}"
18,Integrate the function 2x + 3 from -2 to 2 using the trapezoidal rule with 5000 subdivisions.,"[{""name"": ""is_power"", ""description"": ""Checks if a number is a power of a given base."", ""parameters"": {""num"": {""description"": ""The number to check."", ""type"": ""int""}, ""base"": {""description"": ""The base to check against."", ""type"": ""int""}}}, {""name"": ""trapezoidal_integration"", ""description"": ""Calculates the definite integral of a function using the trapezoidal rule."", ""parameters"": {""func"": {""description"": ""The function to integrate, expressed as a string (e.g., \""x**2 + 2*x\"")."", ""type"": ""str"", ""default"": 10000}, ""a"": {""description"": ""The lower limit of integration."", ""type"": ""float"", ""default"": 10000}, ""b"": {""description"": ""The upper limit of integration."", ""type"": ""float""}, ""n"": {""description"": ""The number of subdivisions for the trapezoidal approximation. Defaults to 10000."", ""type"": ""int, optional""}}}, {""name"": ""cagr"", ""description"": ""Calculates the Compound Annual Growth Rate (CAGR) of an investment."", ""parameters"": {""start_value"": {""description"": ""The initial value of the investment."", ""type"": ""float""}, ""end_value"": {""description"": ""The final value of the investment."", ""type"": ""float""}, ""years"": {""description"": ""The number of years between the initial and final values."", ""type"": ""int""}}}, {""name"": ""is_perfect_square"", ""description"": ""Checks if a number is a perfect square."", ""parameters"": {""num"": {""description"": ""The number to check."", ""type"": ""int""}}}]","{""tool"":""trapezoidal_integration"",""arguments"":{""func"":""2*x + 3"",""a"":-2,""b"":2,""n"":5000}}",trapezoidal_integration,"{""func"": ""2*x + 3"", ""a"": -2, ""b"": 2, ""n"": 5000}"
19,What city is associated with the ZIP code 10001?,"[{""name"": ""get_city_from_zipcode"", ""description"": ""Retrieves the city name for a given ZIP code using the Ziptastic API."", ""parameters"": {""zipcode"": {""description"": ""The ZIP code to look up."", ""type"": ""str""}}}, {""name"": ""calculate_calorie_intake"", ""description"": ""Calculates the recommended daily calorie intake and macronutrient distribution based on personal characteristics and goals."", ""parameters"": {""weight_kg"": {""description"": ""Body weight in kilograms."", ""type"": ""float""}, ""height_cm"": {""description"": ""Height in centimeters."", ""type"": ""float""}, ""age"": {""description"": ""Age in years."", ""type"": ""int""}, ""sex"": {""description"": ""Biological sex, either 'male' or 'female'."", ""type"": ""str""}, ""activity_level"": {""description"": ""Activity level on a scale of 1 to 5 (1 = sedentary, 5 = extremely active)."", ""type"": ""int""}, ""goal"": {""description"": ""Fitness goal, either 'lose', 'maintain', or 'gain'."", ""type"": ""str""}}}]","{""tool"":""get_city_from_zipcode"",""arguments"":{""zipcode"":""10001""}}",get_city_from_zipcode,"{""zipcode"": ""10001""}"
20,Determine the 95% confidence interval for a sample mean of 50 with a standard deviation of 10 and a sample size of 100.,"[{""name"": ""linear_regression_prediction"", ""description"": ""Predicts the y-value for a given x-value using linear regression."", ""parameters"": {""x_values"": {""description"": ""The x-coordinates of the data points."", ""type"": ""List[float]""}, ""y_values"": {""description"": ""The y-coordinates of the data points."", ""type"": ""List[float]""}, ""target_x"": {""description"": ""The x-value for which to predict the y-value."", ""type"": ""float""}}}, {""name"": ""california_alimony"", ""description"": ""Calculates the total alimony one spouse would have to pay to the other in California over a given duration."", ""parameters"": {""payor_monthly_income"": {""description"": ""The monthly gross income of the payor spouse."", ""type"": ""int""}, ""recipient_monthly_income"": {""description"": ""The monthly gross income of the recipient spouse."", ""type"": ""int""}, ""duration_years"": {""description"": ""The duration of the alimony in years."", ""type"": ""int""}}}, {""name"": ""mean_confidence_interval"", ""description"": ""Calculates the confidence interval for a sample mean."", ""parameters"": {""std_dev"": {""description"": ""The standard deviation of the sample."", ""type"": ""float"", ""default"": 0.95}, ""sample_size"": {""description"": ""The size of the sample."", ""type"": ""int"", ""default"": 0.95}, ""mean"": {""description"": ""The mean of the sample."", ""type"": ""float""}, ""confidence"": {""description"": ""The desired confidence level. Default is 0.95."", ""type"": ""float, optional""}}}]","{""tool"":""mean_confidence_interval"",""arguments"":{""std_dev"":10,""sample_size"":100,""mean"":50,""confidence"":0.95}}",mean_confidence_interval,"{""std_dev"": 10, ""sample_size"": 100, ""mean"": 50, ""confidence"": 0.95}"
21,Check if 216 is a power of 6.,"[{""name"": ""cell_density"", ""description"": ""Calculates the cell density based on the optical density (OD) and dilution factor."", ""parameters"": {""od"": {""description"": ""The optical density of the sample."", ""type"": ""float"", ""default"": 1000000000.0}, ""dilution"": {""description"": ""The dilution factor applied to the sample."", ""type"": ""int"", ""default"": 1000000000.0}, ""factor"": {""description"": ""The calibration factor for converting OD to cell density. Defaults to 1e9."", ""type"": ""float, optional""}}}, {""name"": ""is_power"", ""description"": ""Checks if a number is a power of a given base."", ""parameters"": {""num"": {""description"": ""The number to check."", ""type"": ""int""}, ""base"": {""description"": ""The base to check against."", ""type"": ""int""}}}, {""name"": ""sort_numbers"", ""description"": ""Sorts a list of numbers in ascending or descending order."", ""parameters"": {""numbers"": {""description"": ""The list of numbers to be sorted."", ""type"": ""List[float]""}, ""descending"": {""description"": ""If True, sorts the numbers in descending order. Defaults to False."", ""type"": ""bool, optional""}}}]","{""tool"":""is_power"",""arguments"":{""num"":216,""base"":6}}",is_power,"{""num"": 216, ""base"": 6}"
22,"Please merge sorted lists [10, 20, 30] and [15, 25, 35] and calculate the median of the result.","[{""name"": ""merge_sorted_lists"", ""description"": ""Merges two sorted lists into a single sorted list."", ""parameters"": {""list1"": {""description"": ""The first sorted list."", ""type"": ""List[int]""}, ""list2"": {""description"": ""The second sorted list."", ""type"": ""List[int]""}}}, {""name"": ""calculate_median"", ""description"": ""Calculates the median of a list of numbers."", ""parameters"": {""numbers"": {""description"": ""The list of numbers."", ""type"": ""List[Union[int, float]]""}}}]","{""tool"":""merge_sorted_lists"",""arguments"":{""list1"":[10,20,30],""list2"":[15,25,35]}}",merge_sorted_lists,"{""list1"": [10, 20, 30], ""list2"": [15, 25, 35]}"
23,"Perform an independent samples t-test on two samples [1, 2, 3, 4, 5] and [2, 3, 4, 5, 6] with a significance level of 0.05.","[{""name"": ""cagr"", ""description"": ""Calculates the Compound Annual Growth Rate (CAGR) of an investment."", ""parameters"": {""start_value"": {""description"": ""The initial value of the investment."", ""type"": ""float""}, ""end_value"": {""description"": ""The final value of the investment."", ""type"": ""float""}, ""years"": {""description"": ""The number of years between the initial and final values."", ""type"": ""int""}}}, {""name"": ""is_power"", ""description"": ""Checks if a number is a power of a given base."", ""parameters"": {""num"": {""description"": ""The number to check."", ""type"": ""int""}, ""base"": {""description"": ""The base to check against."", ""type"": ""int""}}}, {""name"": ""euclidean_distance"", ""description"": ""Computes the Euclidean distance between two points in a 2D plane."", ""parameters"": {""point_a"": {""description"": ""The coordinates of the first point (x, y)."", ""type"": ""Tuple[float, float]""}, ""point_b"": {""description"": ""The coordinates of the second point (x, y)."", ""type"": ""Tuple[float, float]""}}}, {""name"": ""trapezoidal_integration"", ""description"": ""Calculates the definite integral of a function using the trapezoidal rule."", ""parameters"": {""func"": {""description"": ""The function to integrate, expressed as a string (e.g., \""x**2 + 2*x\"")."", ""type"": ""str"", ""default"": 10000}, ""a"": {""description"": ""The lower limit of integration."", ""type"": ""float"", ""default"": 10000}, ""b"": {""description"": ""The upper limit of integration."", ""type"": ""float""}, ""n"": {""description"": ""The number of subdivisions for the trapezoidal approximation. Defaults to 10000."", ""type"": ""int, optional""}}}, {""name"": ""find_minimum_rotated_sorted_array"", ""description"": ""Finds the minimum element in a rotated sorted array."", ""parameters"": {""nums"": {""description"": ""The rotated sorted array."", ""type"": ""List[int]""}}}, {""name"": ""independent_samples_t_test"", ""description"": ""Conducts a two-sample independent t-test and returns the t-statistic, p-value, and conclusion."", ""parameters"": {""sample1"": {""description"": ""The first sample of observations."", ""type"": ""List[float]"", ""default"": 0.05}, ""sample2"": {""description"": ""The second sample of observations."", ""type"": ""List[float]"", ""default"": 0.05}, ""alpha"": {""description"": ""The significance level of the test. Defaults to 0.05."", ""type"": ""float, optional""}}}, {""name"": ""triangle_area"", ""description"": ""Computes the area of a triangle given its base and height."", ""parameters"": {""base"": {""description"": ""The length of the base of the triangle."", ""type"": ""float""}, ""height"": {""description"": ""The height of the triangle."", ""type"": ""float""}}}, {""name"": ""find_equilibrium_index"", ""description"": ""Finds the equilibrium index of a list, where the sum of elements on the left is equal to the sum of elements on the right."", ""parameters"": {""arr"": {""description"": ""The input list of integers."", ""type"": ""List[int]""}}}]","{""tool"":""independent_samples_t_test"",""arguments"":{""sample1"":[1,2,3,4,5],""sample2"":[2,3,4,5,6],""alpha"":0.05}}",independent_samples_t_test,"{""sample1"": [1, 2, 3, 4, 5], ""sample2"": [2, 3, 4, 5, 6], ""alpha"": 0.05}"
24,"Calculate the quarterly dividend per share for a company with a total dividend of $100,000 and 5000 outstanding shares.","[{""name"": ""triangle_area"", ""description"": ""Computes the area of a triangle given its base and height."", ""parameters"": {""base"": {""description"": ""The length of the base of the triangle."", ""type"": ""float""}, ""height"": {""description"": ""The height of the triangle."", ""type"": ""float""}}}, {""name"": ""calculate_quarterly_dividend"", ""description"": ""Calculates the quarterly dividend per share based on the total dividend payout and the number of outstanding shares."", ""parameters"": {""total_dividend"": {""description"": ""The total dividend payout in USD."", ""type"": ""int""}, ""num_shares"": {""description"": ""The number of outstanding shares."", ""type"": ""int""}}}, {""name"": ""bacterial_growth"", ""description"": ""Calculates the bacterial population after a given time based on the initial population and growth rate."", ""parameters"": {""initial_population"": {""description"": ""The initial bacterial population."", ""type"": ""int"", ""default"": 20}, ""growth_rate"": {""description"": ""The growth rate per unit time."", ""type"": ""float"", ""default"": 20}, ""time"": {""description"": ""The time elapsed."", ""type"": ""float""}, ""doubling_time"": {""description"": ""The doubling time of the bacteria in minutes. Defaults to 20."", ""type"": ""float, optional""}}}, {""name"": ""is_valid_sudoku"", ""description"": ""Checks if a 9x9 Sudoku board is valid."", ""parameters"": {""board"": {""description"": ""The Sudoku board represented as a 2D list of strings."", ""type"": ""List[List[str]]""}}}]","{""tool"":""calculate_quarterly_dividend"",""arguments"":{""total_dividend"":100000,""num_shares"":5000}}",calculate_quarterly_dividend,"{""total_dividend"": 100000, ""num_shares"": 5000}"
25,Find the first non-repeating character in the string 'aabccdeefg'.,"[{""name"": ""flatten_list"", ""description"": ""Flattens a nested list into a single-level list."", ""parameters"": {""nested_list"": {""description"": ""The nested list to be flattened."", ""type"": ""List""}}}, {""name"": ""find_first_non_repeating_char"", ""description"": ""Finds the first non-repeating character in a string."", ""parameters"": {""s"": {""description"": ""The input string."", ""type"": ""str""}}}, {""name"": ""is_anagram"", ""description"": ""Checks if two words are anagrams of each other."", ""parameters"": {""word1"": {""description"": ""The first word."", ""type"": ""str""}, ""word2"": {""description"": ""The second word."", ""type"": ""str""}}}]","{""tool"":""find_first_non_repeating_char"",""arguments"":{""s"":""aabccdeefg""}}",find_first_non_repeating_char,"{""s"": ""aabccdeefg""}"
26,Draw 3 random cards from a shuffled deck.,"[{""name"": ""solve_quadratic"", ""description"": ""Computes the roots of a quadratic equation given its coefficients."", ""parameters"": {""a"": {""description"": ""The coefficient of the quadratic term (x^2)."", ""type"": ""float""}, ""b"": {""description"": ""The coefficient of the linear term (x)."", ""type"": ""float""}, ""c"": {""description"": ""The constant term."", ""type"": ""float""}}}, {""name"": ""draw_cards"", ""description"": ""Shuffles a standard deck of 52 cards and draws a specified number of cards from the top."", ""parameters"": {""num_draw"": {""description"": ""The number of cards to be drawn. Defaults to 1."", ""type"": ""int, optional"", ""default"": 1}}}]","{""tool"":""draw_cards"",""arguments"":{""num_draw"":3}}",draw_cards,"{""num_draw"": 3}"
27,"Calculate the CAGR for a real estate investment that began at $200,000 and ended at $250,000 after 3 years.","[{""name"": ""cagr"", ""description"": ""Calculates the Compound Annual Growth Rate (CAGR) of an investment."", ""parameters"": {""start_value"": {""description"": ""The initial value of the investment."", ""type"": ""float""}, ""end_value"": {""description"": ""The final value of the investment."", ""type"": ""float""}, ""years"": {""description"": ""The number of years between the initial and final values."", ""type"": ""int""}}}, {""name"": ""calculate_angle"", ""description"": ""Calculates the angle between the hour and minute hands of a clock."", ""parameters"": {""hour"": {""description"": ""The hour value (1-12)."", ""type"": ""int""}, ""minute"": {""description"": ""The minute value (0-59)."", ""type"": ""int""}}}]","{""tool"":""cagr"",""arguments"":{""start_value"":200000,""end_value"":250000,""years"":3}}",cagr,"{""start_value"": 200000, ""end_value"": 250000, ""years"": 3}"
28,"Determine the median of the list [100, 200, 300, 400, 500, 600, 700, 800].","[{""name"": ""calculate_median"", ""description"": ""Calculates the median of a list of numbers."", ""parameters"": {""numbers"": {""description"": ""The list of numbers."", ""type"": ""List[Union[int, float]]""}}}]","{""tool"":""calculate_median"",""arguments"":{""numbers"":[100,200,300,400,500,600,700,800]}}",calculate_median,"{""numbers"": [100, 200, 300, 400, 500, 600, 700, 800]}"
29,"Determine the distance between the points (-1,-1) and (1,1).","[{""name"": ""polygon_area_shoelace"", ""description"": ""Calculates the area of a polygon using the shoelace formula."", ""parameters"": {""vertices"": {""description"": ""A list of polygon vertices represented as tuples (x, y)."", ""type"": ""List[Tuple[float, float]]""}}}, {""name"": ""euclidean_distance"", ""description"": ""Computes the Euclidean distance between two points in a 2D plane."", ""parameters"": {""point_a"": {""description"": ""The coordinates of the first point (x, y)."", ""type"": ""Tuple[float, float]""}, ""point_b"": {""description"": ""The coordinates of the second point (x, y)."", ""type"": ""Tuple[float, float]""}}}]","{""tool"":""euclidean_distance"",""arguments"":{""point_a"":{""x"":-1,""y"":-1},""point_b"":{""x"":1,""y"":1}}}",euclidean_distance,"{""point_a"": {""x"": -1, ""y"": -1}, ""point_b"": {""x"": 1, ""y"": 1}}"
30,Determine the total alimony for a payor with a monthly income of $9500 and a recipient with $3800 over 5 years.,"[{""name"": ""california_alimony"", ""description"": ""Calculates the total alimony one spouse would have to pay to the other in California over a given duration."", ""parameters"": {""payor_monthly_income"": {""description"": ""The monthly gross income of the payor spouse."", ""type"": ""int""}, ""recipient_monthly_income"": {""description"": ""The monthly gross income of the recipient spouse."", ""type"": ""int""}, ""duration_years"": {""description"": ""The duration of the alimony in years."", ""type"": ""int""}}}, {""name"": ""calculate_distance"", ""description"": ""Calculates the Euclidean distance between two points in n-dimensional space."", ""parameters"": {""point1"": {""description"": ""The coordinates of the first point."", ""type"": ""List[float]""}, ""point2"": {""description"": ""The coordinates of the second point."", ""type"": ""List[float]""}}}]","{""tool"":""california_alimony"",""arguments"":{""payor_monthly_income"":9500,""recipient_monthly_income"":3800,""duration_years"":5}}",california_alimony,"{""payor_monthly_income"": 9500, ""recipient_monthly_income"": 3800, ""duration_years"": 5}"
31,"Find the longest word in the list ['apple', 'banana', 'kiwi']","[{""name"": ""calculate_age"", ""description"": ""Calculates the age based on the birthdate."", ""parameters"": {""birthdate"": {""description"": ""The birthdate in the format 'YYYY-MM-DD'."", ""type"": ""str""}}}, {""name"": ""get_range"", ""description"": ""Helper function to format the range string."", ""parameters"": {""start"": {""description"": ""The start of the range."", ""type"": ""int""}, ""end"": {""description"": ""The end of the range."", ""type"": ""int""}}}, {""name"": ""find_longest_word"", ""description"": ""Finds the longest word in a list of words."", ""parameters"": {""words"": {""description"": ""A list of words."", ""type"": ""List[str]""}}}]","{""tool"":""find_longest_word"",""arguments"":{""words"":[""apple"",""banana"",""kiwi""]}}",find_longest_word,"{""words"": [""apple"", ""banana"", ""kiwi""]}"
32,"Place an order at Safeway in Palo Alto, CA for 'bread' (2 units), 'milk' (1 unit), and 'eggs' (3 units). Also, verify if the email 'jane.doe123@example.com' is valid.","[{""name"": ""get_ip_zipcode"", ""description"": ""Retrieves the ZIP code of a given IP address using the ip-api.com API."", ""parameters"": {""ip"": {""description"": ""The IP address to locate."", ""type"": ""str""}}}, {""name"": ""whole_foods_order"", ""description"": ""Places an order at Whole Foods."", ""parameters"": {""store_location"": {""description"": ""The location of the Whole Foods store."", ""type"": ""str""}, ""item_list"": {""description"": ""A list of items to order."", ""type"": ""list""}, ""order_size"": {""description"": ""The size of the order. Allowed values: \""small\"", \""medium\"", or \""large\""."", ""type"": ""str""}}}, {""name"": ""is_leap_year"", ""description"": ""Checks if a year is a leap year."", ""parameters"": {""year"": {""description"": ""The year to check."", ""type"": ""int""}}}, {""name"": ""place_safeway_order"", ""description"": ""Order specified items from a Safeway location."", ""parameters"": {""location"": {""description"": ""The location of the Safeway store, e.g., 'Palo Alto, CA'."", ""type"": ""str""}, ""items"": {""description"": ""List of items to order."", ""type"": ""list""}, ""quantity"": {""description"": ""Quantity of each item in the order list."", ""type"": ""list""}}}, {""name"": ""is_valid_email"", ""description"": ""Checks if an email address is valid."", ""parameters"": {""email"": {""description"": ""The email address to validate."", ""type"": ""str""}}}, {""name"": ""assess_diabetes_risk"", ""description"": ""Assesses the risk of developing type 2 diabetes based on body mass index (BMI) and physical activity level."", ""parameters"": {""weight_lbs"": {""description"": ""Body weight in pounds."", ""type"": ""int""}, ""height_inches"": {""description"": ""Height in inches."", ""type"": ""int""}, ""activity"": {""description"": ""Physical activity level. Allowed values: \""sedentary\"", \""lightly active\"", \""moderately active\"", or \""very active\""."", ""type"": ""str""}}}, {""name"": ""is_hotel_available"", ""description"": ""Checks the availability of a hotel for a given date range."", ""parameters"": {""hotel"": {""description"": ""The name of the hotel."", ""type"": ""str""}, ""city"": {""description"": ""The city where the hotel is located."", ""type"": ""str""}, ""checkin"": {""description"": ""The check-in date in the format \""YYYY-MM-DD\""."", ""type"": ""str""}, ""checkout"": {""description"": ""The check-out date in the format \""YYYY-MM-DD\""."", ""type"": ""str""}}}]","{""tool"":""place_safeway_order"",""arguments"":{""location"":""Palo Alto, CA"",""items"":[""bread"",""milk"",""eggs""],""quantity"":[2,1,3]}}",place_safeway_order,"{""location"": ""Palo Alto, CA"", ""items"": [""bread"", ""milk"", ""eggs""], ""quantity"": [2, 1, 3]}"
33,"Retrieve information about product ID 12345. Additionally, get 5 random quotes from the 'inspiration' category.","[{""name"": ""get_podcast_episodes"", ""description"": ""Fetch podcast episodes including audio, image, and description using the username of the podcast."", ""parameters"": {""username"": {""description"": ""The username of the anchor podcast user. For example, for the URL https://anchor.fm/financialfreedomtribe, the username is \""financialfreedomtribe\""."", ""type"": ""str"", ""default"": ""financialfreedomtribe""}}}, {""name"": ""hsl_to_hex"", ""description"": ""Converts an HSL color code to its HEX color code using the Convexity RapidAPI service."", ""parameters"": {""s"": {""description"": ""The saturation component of the HSL color code."", ""type"": ""int"", ""default"": ""78""}, ""h"": {""description"": ""The hue component of the HSL color code."", ""type"": ""int"", ""default"": ""250""}, ""l"": {""description"": ""The lightness component of the HSL color code."", ""type"": ""int"", ""default"": ""45""}}}, {""name"": ""get_product"", ""description"": ""Fetches a product's information from the API using the given product ID."", ""parameters"": {""is_id"": {""description"": ""The ID of the product to retrieve information for."", ""type"": ""int"", ""default"": """"}}}, {""name"": ""get_random_quotes"", ""description"": ""Fetches multiple random quotes from a specified category or from multiple categories if 'all' is specified."", ""parameters"": {""count"": {""description"": ""The number of random quotes to retrieve."", ""type"": ""int"", ""default"": ""2""}, ""category"": {""description"": ""The category from which to fetch quotes. Use 'all' to fetch from multiple categories."", ""type"": ""str"", ""default"": ""all""}}}]","{""tool"":""get_product"",""arguments"":{""is_id"":12345}}",get_product,"{""is_id"": 12345}"
34,What is the 10th Fibonacci number?,"[{""name"": ""flatten_list"", ""description"": ""Flattens a nested list into a single-level list."", ""parameters"": {""nested_list"": {""description"": ""The nested list to be flattened."", ""type"": ""List""}}}, {""name"": ""fibonacci"", ""description"": ""Calculates the nth Fibonacci number."", ""parameters"": {""n"": {""description"": ""The position of the Fibonacci number."", ""type"": ""int""}}}, {""name"": ""longest_common_prefix"", ""description"": ""Finds the longest common prefix among a list of strings."", ""parameters"": {""strs"": {""description"": ""The list of strings."", ""type"": ""List[str]""}}}, {""name"": ""word_frequency"", ""description"": ""Calculates the frequency of each word in a text."", ""parameters"": {""text"": {""description"": ""The input text."", ""type"": ""str""}}}, {""name"": ""calculate_grade"", ""description"": ""Calculates the weighted average grade based on scores and their corresponding weights."", ""parameters"": {""scores"": {""description"": ""A list of scores."", ""type"": ""List[float]""}, ""weights"": {""description"": ""A list of weights corresponding to each score."", ""type"": ""List[float]""}}}]","{""tool"":""fibonacci"",""arguments"":{""n"":10}}",fibonacci,"{""n"": 10}"
35,Estimate the derivative of the function f(x) = x^2 at x = 3 using numerical methods.,"[{""name"": ""cell_density"", ""description"": ""Calculates the cell density based on the optical density (OD) and dilution factor."", ""parameters"": {""od"": {""description"": ""The optical density of the sample."", ""type"": ""float"", ""default"": 1000000000.0}, ""dilution"": {""description"": ""The dilution factor applied to the sample."", ""type"": ""int"", ""default"": 1000000000.0}, ""factor"": {""description"": ""The calibration factor for converting OD to cell density. Defaults to 1e9."", ""type"": ""float, optional""}}}, {""name"": ""numerical_derivative"", ""description"": ""Estimates the derivative of a function at a given point using the central difference formula."", ""parameters"": {""function"": {""description"": ""The function to calculate the derivative of."", ""type"": ""Callable[[float], float]""}, ""x"": {""description"": ""The point at which to estimate the derivative."", ""type"": ""float""}}}, {""name"": ""batting_average"", ""description"": ""Calculates the batting average of a baseball player based on the number of hits and at-bats."", ""parameters"": {""num_hits"": {""description"": ""The number of hits."", ""type"": ""int"", ""default"": 3}, ""num_at_bats"": {""description"": ""The number of at-bats."", ""type"": ""int"", ""default"": 3}, ""precision"": {""description"": ""The number of decimal places to round the batting average. Defaults to 3."", ""type"": ""int, optional""}}}]","{""tool"":""numerical_derivative"",""arguments"":{""function"":""lambda x: x**2"",""x"":3}}",numerical_derivative,"{""function"": ""lambda x: x**2"", ""x"": 3}"
36,"Predict the y-value for x=7 using a linear regression model trained on points (4,4), (5,5), (6,6).","[{""name"": ""cosine_similarity"", ""description"": ""Calculates the cosine similarity between two vectors."", ""parameters"": {""vector_a"": {""description"": ""The first vector."", ""type"": ""List[float]""}, ""vector_b"": {""description"": ""The second vector."", ""type"": ""List[float]""}}}, {""name"": ""linear_regression_prediction"", ""description"": ""Predicts the y-value for a given x-value using linear regression."", ""parameters"": {""x_values"": {""description"": ""The x-coordinates of the data points."", ""type"": ""List[float]""}, ""y_values"": {""description"": ""The y-coordinates of the data points."", ""type"": ""List[float]""}, ""target_x"": {""description"": ""The x-value for which to predict the y-value."", ""type"": ""float""}}}, {""name"": ""polygon_area_shoelace"", ""description"": ""Calculates the area of a polygon using the shoelace formula."", ""parameters"": {""vertices"": {""description"": ""A list of polygon vertices represented as tuples (x, y)."", ""type"": ""List[Tuple[float, float]]""}}}, {""name"": ""is_perfect_square"", ""description"": ""Checks if a number is a perfect square."", ""parameters"": {""num"": {""description"": ""The number to check."", ""type"": ""int""}}}]","{""tool"":""linear_regression_prediction"",""arguments"":{""x_values"":[4.0,5.0,6.0],""y_values"":[4.0,5.0,6.0],""target_x"":7.0}}",linear_regression_prediction,"{""x_values"": [4.0, 5.0, 6.0], ""y_values"": [4.0, 5.0, 6.0], ""target_x"": 7.0}"
37,"Compute the distance between two points in a 5D space. The first point is located at (1, 2, 3, 4, 5) and the second point is at (6, 7, 8, 9, 10).","[{""name"": ""calculate_distance"", ""description"": ""Calculates the Euclidean distance between two points in n-dimensional space."", ""parameters"": {""point1"": {""description"": ""The coordinates of the first point."", ""type"": ""List[float]""}, ""point2"": {""description"": ""The coordinates of the second point."", ""type"": ""List[float]""}}}]","{""tool"":""calculate_distance"",""arguments"":{""point1"":[1,2,3,4,5],""point2"":[6,7,8,9,10]}}",calculate_distance,"{""point1"": [1, 2, 3, 4, 5], ""point2"": [6, 7, 8, 9, 10]}"
38,"What is the final velocity of an object that starts at 10 m/s and accelerates at 5 m/s² for 3 seconds? Also, is 169 a perfect square?","[{""name"": ""find_n_largest_numbers"", ""description"": ""Finds the n largest numbers in a list."", ""parameters"": {""nums"": {""description"": ""The list of numbers."", ""type"": ""List[int]""}, ""n"": {""description"": ""The number of largest numbers to find."", ""type"": ""int""}}}, {""name"": ""final_velocity"", ""description"": ""Calculates the final velocity of an object given its initial velocity, acceleration, and time."", ""parameters"": {""initial_velocity"": {""description"": ""The initial velocity of the object."", ""type"": ""float""}, ""acceleration"": {""description"": ""The acceleration of the object."", ""type"": ""float""}, ""time"": {""description"": ""The time elapsed."", ""type"": ""float""}}}, {""name"": ""sort_numbers"", ""description"": ""Sorts a list of numbers in ascending or descending order."", ""parameters"": {""numbers"": {""description"": ""The list of numbers to be sorted."", ""type"": ""List[float]""}, ""descending"": {""description"": ""If True, sorts the numbers in descending order. Defaults to False."", ""type"": ""bool, optional""}}}, {""name"": ""is_perfect_square"", ""description"": ""Checks if a number is a perfect square."", ""parameters"": {""num"": {""description"": ""The number to check."", ""type"": ""int""}}}]","{""tool"":""final_velocity"",""arguments"":{""initial_velocity"":10,""acceleration"":5,""time"":3}}",final_velocity,"{""initial_velocity"": 10, ""acceleration"": 5, ""time"": 3}"
39,"Log in 'dave' with 'davidson' and get case details for '98765'. Also, recommend for experiment '161718'.","[{""name"": ""loginuser"", ""description"": ""Logs in a user to the specified toolbench API by making a GET request to the login endpoint with the provided username and password."", ""parameters"": {""username"": {""description"": ""The username for login."", ""type"": ""str"", ""default"": """"}, ""password"": {""description"": ""The password for login in clear text."", ""type"": ""str"", ""default"": """"}}}, {""name"": ""get_case_by_id"", ""description"": ""Fetch the case payload from the Yardillo API using the given case ID."", ""parameters"": {""is_id"": {""description"": ""The ID of the case to fetch."", ""type"": ""str"", ""default"": ""611c0765e9308692195b8538""}}}, {""name"": ""read_user"", ""description"": ""Fetch user details from the IronWifi API using the provided user ID."", ""parameters"": {""user_id"": {""description"": ""The ID of the user to be fetched."", ""type"": ""str"", ""default"": """"}}}, {""name"": ""recommend"", ""description"": ""Fetches a recommendation for a given experiment ID using the Toolbench RapidAPI service."", ""parameters"": {""experiment_id"": {""description"": ""The ID of the experiment for which to fetch recommendations."", ""type"": ""int"", ""default"": ""12234""}}}]","{""tool"":""loginuser"",""arguments"":{""username"":""dave"",""password"":""davidson""}}",loginuser,"{""username"": ""dave"", ""password"": ""davidson""}"
40,Predict the evolution rate of a dolphin over 20 years using the Darwin model.,"[{""name"": ""assess_diabetes_risk"", ""description"": ""Assesses the risk of developing type 2 diabetes based on body mass index (BMI) and physical activity level."", ""parameters"": {""weight_lbs"": {""description"": ""Body weight in pounds."", ""type"": ""int""}, ""height_inches"": {""description"": ""Height in inches."", ""type"": ""int""}, ""activity"": {""description"": ""Physical activity level. Allowed values: \""sedentary\"", \""lightly active\"", \""moderately active\"", or \""very active\""."", ""type"": ""str""}}}, {""name"": ""predict_evolution_rate"", ""description"": ""Predict the evolutionary rate for a specific species for a given timeframe."", ""parameters"": {""species"": {""description"": ""The species that the evolution rate will be predicted for."", ""type"": ""str"", ""default"": ""Darwin""}, ""years"": {""description"": ""Number of years for the prediction."", ""type"": ""int"", ""default"": ""Darwin""}, ""model"": {""description"": ""The model used to make the prediction, options: 'Darwin', 'Lamarck', default is 'Darwin'."", ""type"": ""str""}}}]","{""tool"":""predict_evolution_rate"",""arguments"":{""species"":""dolphin"",""years"":20,""model"":""Darwin""}}",predict_evolution_rate,"{""species"": ""dolphin"", ""years"": 20, ""model"": ""Darwin""}"
41,Make a random string of length 12 that includes digits and lowercase letters.,"[{""name"": ""generate_random_string"", ""description"": ""Generates a random string of specified length and character types."", ""parameters"": {""length"": {""description"": ""The length of the random string."", ""type"": ""int"", ""default"": true}, ""uppercase"": {""description"": ""Include uppercase letters. Defaults to True."", ""type"": ""bool, optional"", ""default"": true}, ""lowercase"": {""description"": ""Include lowercase letters. Defaults to True."", ""type"": ""bool, optional"", ""default"": true}, ""digits"": {""description"": ""Include digits. Defaults to True."", ""type"": ""bool, optional""}, ""special_chars"": {""description"": ""Include special characters. Defaults to False."", ""type"": ""bool, optional"", ""default"": true}}}]","{""tool"":""generate_random_string"",""arguments"":{""length"":12,""uppercase"":false,""lowercase"":true,""digits"":true,""special_chars"":false}}",generate_random_string,"{""length"": 12, ""uppercase"": false, ""lowercase"": true, ""digits"": true, ""special_chars"": false}"
42,"Find the next greater element for each number in [13, 7, 6, 12] and the pairs in [3, 4, 5, 6] that sum up to 7.","[{""name"": ""find_next_greater_element"", ""description"": ""Finds the next greater element for each element in a list."", ""parameters"": {""nums"": {""description"": ""The list of numbers."", ""type"": ""List[int]""}}}, {""name"": ""find_pairs_with_sum"", ""description"": ""Finds all pairs of integers in a list that sum up to a target value."", ""parameters"": {""nums"": {""description"": ""The list of integers."", ""type"": ""List[int]""}, ""target"": {""description"": ""The target sum value."", ""type"": ""int""}}}, {""name"": ""dice_roll_probability"", ""description"": ""Calculates the probability of rolling a specific sum with a given number of dice, each having a certain number of faces."", ""parameters"": {""target_sum"": {""description"": ""The target sum to calculate the probability for."", ""type"": ""int"", ""default"": 6}, ""num_dice"": {""description"": ""The number of dice being rolled."", ""type"": ""int"", ""default"": 6}, ""num_faces"": {""description"": ""The number of faces on each die. Defaults to 6."", ""type"": ""int, optional""}}}]","{""tool"":""find_next_greater_element"",""arguments"":{""nums"":[13,7,6,12]}}",find_next_greater_element,"{""nums"": [13, 7, 6, 12]}"
43,"What is the recommended calorie intake for a 70kg, 180cm tall, 30-year-old male who is moderately active and wants to maintain weight? Also, get the city name from the ZIP code 90210.","[{""name"": ""get_dna_sequence"", ""description"": ""Retrieves the DNA sequence for a given sequence ID from the NCBI Nucleotide database."", ""parameters"": {""sequence_id"": {""description"": ""The unique identifier for the DNA sequence."", ""type"": ""str"", ""default"": ""fasta""}, ""file_format"": {""description"": ""The format of the returned sequence. Allowed values: \""fasta\"" (default) or \""gb\""."", ""type"": ""str, optional""}, ""upstream_bases"": {""description"": ""The number of bases upstream of the sequence to include. Defaults to 0."", ""type"": ""int, optional"", ""default"": ""fasta""}}}, {""name"": ""project_population"", ""description"": ""Projects the population size after a specified number of years."", ""parameters"": {""current_pop"": {""description"": ""The current population size."", ""type"": ""int"", ""default"": 1.2}, ""num_years"": {""description"": ""The number of years into the future to make the projection."", ""type"": ""int"", ""default"": 1.2}, ""annual_growth"": {""description"": ""The annual population growth rate as a percentage. Defaults to 1.2."", ""type"": ""float, optional""}}}, {""name"": ""calculate_calorie_intake"", ""description"": ""Calculates the recommended daily calorie intake and macronutrient distribution based on personal characteristics and goals."", ""parameters"": {""weight_kg"": {""description"": ""Body weight in kilograms."", ""type"": ""float""}, ""height_cm"": {""description"": ""Height in centimeters."", ""type"": ""float""}, ""age"": {""description"": ""Age in years."", ""type"": ""int""}, ""sex"": {""description"": ""Biological sex, either 'male' or 'female'."", ""type"": ""str""}, ""activity_level"": {""description"": ""Activity level on a scale of 1 to 5 (1 = sedentary, 5 = extremely active)."", ""type"": ""int""}, ""goal"": {""description"": ""Fitness goal, either 'lose', 'maintain', or 'gain'."", ""type"": ""str""}}}, {""name"": ""get_city_from_zipcode"", ""description"": ""Retrieves the city name for a given ZIP code using the Ziptastic API."", ""parameters"": {""zipcode"": {""description"": ""The ZIP code to look up."", ""type"": ""str""}}}, {""name"": ""geocode_city"", ""description"": ""Retrieves the latitude and longitude coordinates of a given city using the Maps.co Geocoding API."", ""parameters"": {""city"": {""description"": ""The name of the city."", ""type"": ""str""}}}]","{""tool"":""calculate_calorie_intake"",""arguments"":{""weight_kg"":70,""height_cm"":180,""age"":30,""sex"":""male"",""activity_level"":3,""goal"":""maintain""}}",calculate_calorie_intake,"{""weight_kg"": 70, ""height_cm"": 180, ""age"": 30, ""sex"": ""male"", ""activity_level"": 3, ""goal"": ""maintain""}"
44,"I'm interested in the WHOIS report for 'travelguide.me'. Also, what are the download details for the video 'nopqrst' from the UK?","[{""name"": ""whois"", ""description"": ""Fetches the WHOIS details of a given domain using the Toolbench RapidAPI."", ""parameters"": {""domain"": {""description"": ""The domain name for which WHOIS information is to be fetched."", ""type"": ""str"", ""default"": ""rapidapi.com""}}}, {""name"": ""download_stream"", ""description"": ""Downloads or streams video information from YouTube using the provided RapidAPI key."", ""parameters"": {""is_id"": {""description"": ""YouTube Video ID to stream or download information."", ""type"": ""str"", ""default"": ""UxxajLWwzqY""}, ""cgeo"": {""description"": ""Country code in ISO 3166 format of the end user. Defaults to None."", ""type"": ""str, optional"", ""default"": """"}}}]","{""tool"":""whois"",""arguments"":{""domain"":""travelguide.me""}}",whois,"{""domain"": ""travelguide.me""}"
45,"Calculate the final amount for an investment of $2000 at a 4.5% annual rate for 7 years, compounded quarterly.","[{""name"": ""compound_interest"", ""description"": ""Calculates the compound interest of an investment."", ""parameters"": {""principal"": {""description"": ""The initial investment amount."", ""type"": ""float"", ""default"": 1}, ""rate"": {""description"": ""The annual interest rate expressed as a decimal."", ""type"": ""float"", ""default"": 1}, ""time"": {""description"": ""The time in years for which the investment is held."", ""type"": ""float""}, ""n"": {""description"": ""The number of times interest is compounded per year. Defaults to 1."", ""type"": ""int, optional""}}}]","{""tool"":""compound_interest"",""arguments"":{""principal"":2000,""rate"":0.045,""time"":7,""n"":4}}",compound_interest,"{""principal"": 2000, ""rate"": 0.045, ""time"": 7, ""n"": 4}"
46,"What is the 3rd smallest number in the list [56, 23, 89, 12, 45]?","[{""name"": ""find_kth_smallest_number"", ""description"": ""Finds the kth smallest number in a list."", ""parameters"": {""nums"": {""description"": ""The list of numbers."", ""type"": ""List[int]""}, ""k"": {""description"": ""The position (1-based index) of the smallest number to find."", ""type"": ""int""}}}, {""name"": ""final_velocity"", ""description"": ""Calculates the final velocity of an object given its initial velocity, acceleration, and time."", ""parameters"": {""initial_velocity"": {""description"": ""The initial velocity of the object."", ""type"": ""float""}, ""acceleration"": {""description"": ""The acceleration of the object."", ""type"": ""float""}, ""time"": {""description"": ""The time elapsed."", ""type"": ""float""}}}]","{""tool"":""find_kth_smallest_number"",""arguments"":{""nums"":[56,23,89,12,45],""k"":3}}",find_kth_smallest_number,"{""nums"": [56, 23, 89, 12, 45], ""k"": 3}"
47,"Determine the duration between a 440 Hz note and a 660 Hz note at a standard tempo of 120 BPM, and then between a 330 Hz note and a 440 Hz note at the same tempo.","[{""name"": ""note_duration"", ""description"": ""Calculates the duration between two musical notes based on their frequencies and the tempo."", ""parameters"": {""freq1"": {""description"": ""The frequency of the first note in Hz."", ""type"": ""int"", ""default"": 120}, ""freq2"": {""description"": ""The frequency of the second note in Hz."", ""type"": ""int"", ""default"": 120}, ""bpm"": {""description"": ""The tempo of the music in beats per minute. Defaults to 120."", ""type"": ""int, optional""}}}]","{""tool"":""note_duration"",""arguments"":{""freq1"":440,""freq2"":660,""bpm"":120}}",note_duration,"{""freq1"": 440, ""freq2"": 660, ""bpm"": 120}"
48,Reverse the string 'Python is fun!',"[{""name"": ""split_list"", ""description"": ""Splits a list into chunks of a specified size."", ""parameters"": {""lst"": {""description"": ""The input list."", ""type"": ""List""}, ""chunk_size"": {""description"": ""The size of each chunk."", ""type"": ""int""}}}, {""name"": ""format_date"", ""description"": ""Converts a date string from one format to another."", ""parameters"": {""date"": {""description"": ""The date string to convert."", ""type"": ""str""}, ""input_format"": {""description"": ""The format of the input date string."", ""type"": ""str""}, ""output_format"": {""description"": ""The desired format of the output date string."", ""type"": ""str""}}}, {""name"": ""find_first_non_repeating_char"", ""description"": ""Finds the first non-repeating character in a string."", ""parameters"": {""s"": {""description"": ""The input string."", ""type"": ""str""}}}, {""name"": ""reverse_string"", ""description"": ""Reverses the characters in a string."", ""parameters"": {""text"": {""description"": ""The input string."", ""type"": ""str""}}}]","{""tool"":""reverse_string"",""arguments"":{""text"":""Python is fun!""}}",reverse_string,"{""text"": ""Python is fun!""}"
49,Can you fetch the first 10 products in the 'Electronics' category and convert the hex color code '#AABBCC' to RGB?,"[{""name"": ""get_products_in_category"", ""description"": ""Fetches products from a specific category using the Toolbench RapidAPI."", ""parameters"": {""category"": {""description"": ""The category from which to retrieve products."", ""type"": ""str"", ""default"": """"}, ""limit"": {""description"": ""The maximum number of products to return."", ""type"": ""int"", ""default"": """"}, ""skip"": {""description"": ""The number of products to skip in the results."", ""type"": ""int"", ""default"": """"}}}, {""name"": ""convert_hex"", ""description"": ""Converts a hex color code to other color formats such as RGB, HSL, and CMYK using the Convexity API."", ""parameters"": {""hex"": {""description"": ""The hex color code to be converted."", ""type"": ""str"", ""default"": ""ffffff""}}}, {""name"": ""inn_general_director"", ""description"": ""Retrieves the general director information of a company based on its INN (tax identification number) using the Toolbench RapidAPI."", ""parameters"": {""inn"": {""description"": ""The INN number of the company."", ""type"": ""str"", ""default"": ""7736050003""}}}]","{""tool"":""get_products_in_category"",""arguments"":{""category"":""Electronics"",""limit"":10,""skip"":0}}",get_products_in_category,"{""category"": ""Electronics"", ""limit"": 10, ""skip"": 0}"
50,Check if 'abcd' is a rotation of 'cdab'.,"[{""name"": ""is_rotation"", ""description"": ""Checks if one string is a rotation of another string."", ""parameters"": {""str1"": {""description"": ""The first string."", ""type"": ""str""}, ""str2"": {""description"": ""The second string."", ""type"": ""str""}}}, {""name"": ""find_majority_element"", ""description"": ""Finds the majority element in a list, which appears more than ⌊n / 2⌋ times."", ""parameters"": {""nums"": {""description"": ""The input list of integers."", ""type"": ""List[int]""}}}, {""name"": ""find_first_non_repeating_char"", ""description"": ""Finds the first non-repeating character in a string."", ""parameters"": {""s"": {""description"": ""The input string."", ""type"": ""str""}}}]","{""tool"":""is_rotation"",""arguments"":{""str1"":""abcd"",""str2"":""cdab""}}",is_rotation,"{""str1"": ""abcd"", ""str2"": ""cdab""}"
51,"Suppose there are meetings with intervals [10,15], [11,16], [12,17], [13,20], [15,22]. What is the minimum number of meeting rooms required?","[{""name"": ""min_meeting_rooms"", ""description"": ""Finds the minimum number of meeting rooms required to accommodate all meetings."", ""parameters"": {""intervals"": {""description"": ""A list of meeting time intervals, where each interval is represented as [start_time, end_time]."", ""type"": ""List[List[int]]""}}}]","{""tool"":""min_meeting_rooms"",""arguments"":{""intervals"":[[10,15],[11,16],[12,17],[13,20],[15,22]]}}",min_meeting_rooms,"{""intervals"": [[10, 15], [11, 16], [12, 17], [13, 20], [15, 22]]}"
52,"Is the string 'A man, a plan, a canal: Panama' a valid palindrome? Additionally, estimate the derivative of the function f(x) = x^2 at the point x = 2.","[{""name"": ""count_bits"", ""description"": ""Counts the number of set bits (1's) in the binary representation of a number."", ""parameters"": {""num"": {""description"": ""The input number."", ""type"": ""int""}}}, {""name"": ""numerical_derivative"", ""description"": ""Estimates the derivative of a function at a given point using the central difference formula."", ""parameters"": {""function"": {""description"": ""The function to calculate the derivative of."", ""type"": ""Callable[[float], float]""}, ""x"": {""description"": ""The point at which to estimate the derivative."", ""type"": ""float""}}}, {""name"": ""average"", ""description"": ""Calculates the arithmetic mean of a list of numbers."", ""parameters"": {""numbers"": {""description"": ""The list of numbers."", ""type"": ""List[float]""}}}, {""name"": ""is_valid_palindrome"", ""description"": ""Checks if a string is a valid palindrome, considering only alphanumeric characters and ignoring case."", ""parameters"": {""s"": {""description"": ""The input string."", ""type"": ""str""}}}]","{""tool"":""is_valid_palindrome"",""arguments"":{""s"":""A man, a plan, a canal: Panama""}}",is_valid_palindrome,"{""s"": ""A man, a plan, a canal: Panama""}"
53,"Calculate the cell density of a sample with an optical density of 0.3 and a dilution factor of 5, using a custom calibration factor of 500000000.","[{""name"": ""cell_density"", ""description"": ""Calculates the cell density based on the optical density (OD) and dilution factor."", ""parameters"": {""od"": {""description"": ""The optical density of the sample."", ""type"": ""float"", ""default"": 1000000000.0}, ""dilution"": {""description"": ""The dilution factor applied to the sample."", ""type"": ""int"", ""default"": 1000000000.0}, ""factor"": {""description"": ""The calibration factor for converting OD to cell density. Defaults to 1e9."", ""type"": ""float, optional""}}}, {""name"": ""wire_resistance"", ""description"": ""Calculates the resistance of a wire based on its length, cross-sectional area, and material resistivity."", ""parameters"": {""length_m"": {""description"": ""The length of the wire in meters."", ""type"": ""int"", ""default"": ""copper""}, ""area_sq_m"": {""description"": ""The cross-sectional area of the wire in square meters."", ""type"": ""float"", ""default"": ""copper""}, ""material"": {""description"": ""The material of the wire. Allowed values: \""copper\"" (default) or \""aluminum\""."", ""type"": ""str, optional""}}}, {""name"": ""draw_cards"", ""description"": ""Shuffles a standard deck of 52 cards and draws a specified number of cards from the top."", ""parameters"": {""num_draw"": {""description"": ""The number of cards to be drawn. Defaults to 1."", ""type"": ""int, optional"", ""default"": 1}}}, {""name"": ""calculate_quarterly_dividend"", ""description"": ""Calculates the quarterly dividend per share based on the total dividend payout and the number of outstanding shares."", ""parameters"": {""total_dividend"": {""description"": ""The total dividend payout in USD."", ""type"": ""int""}, ""num_shares"": {""description"": ""The number of outstanding shares."", ""type"": ""int""}}}]","{""tool"":""cell_density"",""arguments"":{""od"":0.3,""dilution"":5,""factor"":500000000}}",cell_density,"{""od"": 0.3, ""dilution"": 5, ""factor"": 500000000}"
54,"Generate the first 5 Fibonacci numbers, calculate the bacterial population after 1 hour given an initial population of 50 and a growth rate of 0.3 per hour, and calculate the probability of rolling a sum of 7 with 2 six-sided dice.","[{""name"": ""fibonacci_numbers"", ""description"": ""Generates the first n Fibonacci numbers."", ""parameters"": {""n"": {""description"": ""The number of Fibonacci numbers to generate."", ""type"": ""int""}}}, {""name"": ""calculate_median"", ""description"": ""Calculates the median of a list of numbers."", ""parameters"": {""numbers"": {""description"": ""The list of numbers."", ""type"": ""List[Union[int, float]]""}}}, {""name"": ""bacterial_growth"", ""description"": ""Calculates the bacterial population after a given time based on the initial population and growth rate."", ""parameters"": {""initial_population"": {""description"": ""The initial bacterial population."", ""type"": ""int"", ""default"": 20}, ""growth_rate"": {""description"": ""The growth rate per unit time."", ""type"": ""float"", ""default"": 20}, ""time"": {""description"": ""The time elapsed."", ""type"": ""float""}, ""doubling_time"": {""description"": ""The doubling time of the bacteria in minutes. Defaults to 20."", ""type"": ""float, optional""}}}, {""name"": ""dice_roll_probability"", ""description"": ""Calculates the probability of rolling a specific sum with a given number of dice, each having a certain number of faces."", ""parameters"": {""target_sum"": {""description"": ""The target sum to calculate the probability for."", ""type"": ""int"", ""default"": 6}, ""num_dice"": {""description"": ""The number of dice being rolled."", ""type"": ""int"", ""default"": 6}, ""num_faces"": {""description"": ""The number of faces on each die. Defaults to 6."", ""type"": ""int, optional""}}}]","{""tool"":""fibonacci_numbers"",""arguments"":{""n"":5}}",fibonacci_numbers,"{""n"": 5}"
55,"Predict the change in forest area for the Siberian Taiga over the next 20 years, while considering human impact.","[{""name"": ""predict_forest_area"", ""description"": ""Predicts the change in forest area over a specified number of years."", ""parameters"": {""location"": {""description"": ""The geographic location for the prediction."", ""type"": ""str""}, ""num_years"": {""description"": ""The number of years into the future to make the prediction."", ""type"": ""int""}, ""include_humans"": {""description"": ""Whether to include the impact of human activities in the prediction. Defaults to False."", ""type"": ""bool, optional""}}}, {""name"": ""analyze_social_group_dynamics"", ""description"": ""Analyzes the social dynamics within a group based on the personality traits and group size."", ""parameters"": {""total"": {""description"": ""The total group size."", ""type"": ""int""}, ""extroverts"": {""description"": ""The number of extroverted members in the group."", ""type"": ""int""}, ""introverts"": {""description"": ""The number of introverted members in the group."", ""type"": ""int""}}}, {""name"": ""is_valid_email"", ""description"": ""Checks if an email address is valid."", ""parameters"": {""email"": {""description"": ""The email address to validate."", ""type"": ""str""}}}, {""name"": ""get_ip_zipcode"", ""description"": ""Retrieves the ZIP code of a given IP address using the ip-api.com API."", ""parameters"": {""ip"": {""description"": ""The IP address to locate."", ""type"": ""str""}}}]","{""tool"":""predict_forest_area"",""arguments"":{""location"":""Siberian Taiga"",""num_years"":20,""include_humans"":true}}",predict_forest_area,"{""location"": ""Siberian Taiga"", ""num_years"": 20, ""include_humans"": true}"
56,What is the area of a circle with a radius of 7 units?,"[{""name"": ""calculate_standard_deviation"", ""description"": ""Calculates the standard deviation of a list of numbers."", ""parameters"": {""numbers"": {""description"": ""The list of numbers."", ""type"": ""List[Union[int, float]]""}}}, {""name"": ""circle_area"", ""description"": ""Computes the area of a circle given its radius."", ""parameters"": {""radius"": {""description"": ""The radius of the circle."", ""type"": ""float""}}}, {""name"": ""linear_regression_prediction"", ""description"": ""Predicts the y-value for a given x-value using linear regression."", ""parameters"": {""x_values"": {""description"": ""The x-coordinates of the data points."", ""type"": ""List[float]""}, ""y_values"": {""description"": ""The y-coordinates of the data points."", ""type"": ""List[float]""}, ""target_x"": {""description"": ""The x-value for which to predict the y-value."", ""type"": ""float""}}}, {""name"": ""convert_cooking_measurements"", ""description"": ""Converts a quantity of a cooking ingredient from one measurement unit to another."", ""parameters"": {""quantity"": {""description"": ""The quantity of the item to convert."", ""type"": ""float""}, ""from_unit"": {""description"": ""The unit of the input quantity (e.g., 'cup', 'gram')."", ""type"": ""str""}, ""to_unit"": {""description"": ""The unit to which the quantity should be converted (e.g., 'ounce', 'kilogram')."", ""type"": ""str""}, ""item"": {""description"": ""The cooking ingredient being converted (e.g., 'flour', 'sugar')."", ""type"": ""str""}}}, {""name"": ""min_meeting_rooms"", ""description"": ""Finds the minimum number of meeting rooms required to accommodate all meetings."", ""parameters"": {""intervals"": {""description"": ""A list of meeting time intervals, where each interval is represented as [start_time, end_time]."", ""type"": ""List[List[int]]""}}}]","{""tool"":""circle_area"",""arguments"":{""radius"":7}}",circle_area,"{""radius"": 7}"
57,What is the greatest common divisor of 120 and 96?,"[{""name"": ""min_meeting_rooms"", ""description"": ""Finds the minimum number of meeting rooms required to accommodate all meetings."", ""parameters"": {""intervals"": {""description"": ""A list of meeting time intervals, where each interval is represented as [start_time, end_time]."", ""type"": ""List[List[int]]""}}}, {""name"": ""california_alimony"", ""description"": ""Calculates the total alimony one spouse would have to pay to the other in California over a given duration."", ""parameters"": {""payor_monthly_income"": {""description"": ""The monthly gross income of the payor spouse."", ""type"": ""int""}, ""recipient_monthly_income"": {""description"": ""The monthly gross income of the recipient spouse."", ""type"": ""int""}, ""duration_years"": {""description"": ""The duration of the alimony in years."", ""type"": ""int""}}}, {""name"": ""calculate_angle"", ""description"": ""Calculates the angle between the hour and minute hands of a clock."", ""parameters"": {""hour"": {""description"": ""The hour value (1-12)."", ""type"": ""int""}, ""minute"": {""description"": ""The minute value (0-59)."", ""type"": ""int""}}}, {""name"": ""find_n_largest_numbers"", ""description"": ""Finds the n largest numbers in a list."", ""parameters"": {""nums"": {""description"": ""The list of numbers."", ""type"": ""List[int]""}, ""n"": {""description"": ""The number of largest numbers to find."", ""type"": ""int""}}}, {""name"": ""greatest_common_divisor"", ""description"": ""Computes the greatest common divisor (GCD) of two non-negative integers."", ""parameters"": {""a"": {""description"": ""The first non-negative integer."", ""type"": ""int""}, ""b"": {""description"": ""The second non-negative integer."", ""type"": ""int""}}}]","{""tool"":""greatest_common_divisor"",""arguments"":{""a"":120,""b"":96}}",greatest_common_divisor,"{""a"": 120, ""b"": 96}"
58,Calculate the area of a triangle with a base of 5 units and a height of 7 units.,"[{""name"": ""california_alimony"", ""description"": ""Calculates the total alimony one spouse would have to pay to the other in California over a given duration."", ""parameters"": {""payor_monthly_income"": {""description"": ""The monthly gross income of the payor spouse."", ""type"": ""int""}, ""recipient_monthly_income"": {""description"": ""The monthly gross income of the recipient spouse."", ""type"": ""int""}, ""duration_years"": {""description"": ""The duration of the alimony in years."", ""type"": ""int""}}}, {""name"": ""triangle_area"", ""description"": ""Computes the area of a triangle given its base and height."", ""parameters"": {""base"": {""description"": ""The length of the base of the triangle."", ""type"": ""float""}, ""height"": {""description"": ""The height of the triangle."", ""type"": ""float""}}}, {""name"": ""linear_regression_prediction"", ""description"": ""Predicts the y-value for a given x-value using linear regression."", ""parameters"": {""x_values"": {""description"": ""The x-coordinates of the data points."", ""type"": ""List[float]""}, ""y_values"": {""description"": ""The y-coordinates of the data points."", ""type"": ""List[float]""}, ""target_x"": {""description"": ""The x-value for which to predict the y-value."", ""type"": ""float""}}}, {""name"": ""numerical_derivative"", ""description"": ""Estimates the derivative of a function at a given point using the central difference formula."", ""parameters"": {""function"": {""description"": ""The function to calculate the derivative of."", ""type"": ""Callable[[float], float]""}, ""x"": {""description"": ""The point at which to estimate the derivative."", ""type"": ""float""}}}]","{""tool"":""triangle_area"",""arguments"":{""base"":5.0,""height"":7.0}}",triangle_area,"{""base"": 5.0, ""height"": 7.0}"
59,Find the ZIP code of an IP address '1.1.1.1'.,"[{""name"": ""get_ip_zipcode"", ""description"": ""Retrieves the ZIP code of a given IP address using the ip-api.com API."", ""parameters"": {""ip"": {""description"": ""The IP address to locate."", ""type"": ""str""}}}]","{""tool"":""get_ip_zipcode"",""arguments"":{""ip"":""1.1.1.1""}}",get_ip_zipcode,"{""ip"": ""1.1.1.1""}"
60,"Count the number of set bits in the binary representation of the number 25. Furthermore, estimate the derivative of the function f(x) = sin(x) at the point x = pi/2.","[{""name"": ""count_bits"", ""description"": ""Counts the number of set bits (1's) in the binary representation of a number."", ""parameters"": {""num"": {""description"": ""The input number."", ""type"": ""int""}}}, {""name"": ""numerical_derivative"", ""description"": ""Estimates the derivative of a function at a given point using the central difference formula."", ""parameters"": {""function"": {""description"": ""The function to calculate the derivative of."", ""type"": ""Callable[[float], float]""}, ""x"": {""description"": ""The point at which to estimate the derivative."", ""type"": ""float""}}}, {""name"": ""average"", ""description"": ""Calculates the arithmetic mean of a list of numbers."", ""parameters"": {""numbers"": {""description"": ""The list of numbers."", ""type"": ""List[float]""}}}, {""name"": ""is_valid_palindrome"", ""description"": ""Checks if a string is a valid palindrome, considering only alphanumeric characters and ignoring case."", ""parameters"": {""s"": {""description"": ""The input string."", ""type"": ""str""}}}]","{""tool"":""count_bits"",""arguments"":{""num"":25}}",count_bits,"{""num"": 25}"
61,"Check if the following email addresses are valid: example@example.com, invalidemail, email@com, email@.com, and another.valid@email.com.","[{""name"": ""is_valid_email"", ""description"": ""Checks if an email address is valid."", ""parameters"": {""email"": {""description"": ""The email address to validate."", ""type"": ""str""}}}]","{""tool"":""is_valid_email"",""arguments"":{""email"":""example@example.com""}}",is_valid_email,"{""email"": ""example@example.com""}"
62,"If the initial population is 400 bacteria, the growth rate is 0.035, the time is 200 minutes, and the doubling time is set to 40 minutes, what is the final count?","[{""name"": ""bacterial_growth"", ""description"": ""Calculates the bacterial population after a given time based on the initial population and growth rate."", ""parameters"": {""initial_population"": {""description"": ""The initial bacterial population."", ""type"": ""int"", ""default"": 20}, ""growth_rate"": {""description"": ""The growth rate per unit time."", ""type"": ""float"", ""default"": 20}, ""time"": {""description"": ""The time elapsed."", ""type"": ""float""}, ""doubling_time"": {""description"": ""The doubling time of the bacteria in minutes. Defaults to 20."", ""type"": ""float, optional""}}}]","{""tool"":""bacterial_growth"",""arguments"":{""initial_population"":400,""growth_rate"":0.035,""time"":200,""doubling_time"":40}}",bacterial_growth,"{""initial_population"": 400, ""growth_rate"": 0.035, ""time"": 200, ""doubling_time"": 40}"
63,"Check if the string '(([]))' contains valid parentheses and generate a random string of length 5 with only lowercase letters. Also, find the duplicate number in the list [4, 2, 3, 1, 2].","[{""name"": ""is_palindrome"", ""description"": ""Checks if a string is a palindrome."", ""parameters"": {""text"": {""description"": ""The input string."", ""type"": ""str""}}}, {""name"": ""is_valid_parentheses"", ""description"": ""Checks if a string contains valid parentheses."", ""parameters"": {""s"": {""description"": ""The input string."", ""type"": ""str""}}}, {""name"": ""generate_random_string"", ""description"": ""Generates a random string of specified length and character types."", ""parameters"": {""length"": {""description"": ""The length of the random string."", ""type"": ""int"", ""default"": true}, ""uppercase"": {""description"": ""Include uppercase letters. Defaults to True."", ""type"": ""bool, optional"", ""default"": true}, ""lowercase"": {""description"": ""Include lowercase letters. Defaults to True."", ""type"": ""bool, optional"", ""default"": true}, ""digits"": {""description"": ""Include digits. Defaults to True."", ""type"": ""bool, optional""}, ""special_chars"": {""description"": ""Include special characters. Defaults to False."", ""type"": ""bool, optional"", ""default"": true}}}, {""name"": ""find_duplicate_number"", ""description"": ""Finds the duplicate number in a list of integers."", ""parameters"": {""nums"": {""description"": ""The list of integers."", ""type"": ""List[int]""}}}]","{""tool"":""is_valid_parentheses"",""arguments"":{""s"":""(([]))""}}",is_valid_parentheses,"{""s"": ""(([]))""}"
64,"Two documents are represented as TF-IDF vectors: doc1 = [0.1, 0.2, 0.3] and doc2 = [0.3, 0.2, 0.1]. What is the cosine similarity between them?","[{""name"": ""cosine_similarity"", ""description"": ""Calculates the cosine similarity between two vectors."", ""parameters"": {""vector_a"": {""description"": ""The first vector."", ""type"": ""List[float]""}, ""vector_b"": {""description"": ""The second vector."", ""type"": ""List[float]""}}}]","{""tool"":""cosine_similarity"",""arguments"":{""vector_a"":[0.1,0.2,0.3],""vector_b"":[0.3,0.2,0.1]}}",cosine_similarity,"{""vector_a"": [0.1, 0.2, 0.3], ""vector_b"": [0.3, 0.2, 0.1]}"
65,"Calculate the batting average of a player who had 200 hits in 600 at-bats, rounding the result to 3 decimal places. Also, find the batting average of a player who had one hundred thirty-five hits in 450 at-bats, rounding the result to 2 decimal places.","[{""name"": ""batting_average"", ""description"": ""Calculates the batting average of a baseball player based on the number of hits and at-bats."", ""parameters"": {""num_hits"": {""description"": ""The number of hits."", ""type"": ""int"", ""default"": 3}, ""num_at_bats"": {""description"": ""The number of at-bats."", ""type"": ""int"", ""default"": 3}, ""precision"": {""description"": ""The number of decimal places to round the batting average. Defaults to 3."", ""type"": ""int, optional""}}}]","{""tool"":""batting_average"",""arguments"":{""num_hits"":200,""num_at_bats"":600,""precision"":3}}",batting_average,"{""num_hits"": 200, ""num_at_bats"": 600, ""precision"": 3}"
66,Find out if 25 and 36 are perfect squares.,"[{""name"": ""cosine_similarity"", ""description"": ""Calculates the cosine similarity between two vectors."", ""parameters"": {""vector_a"": {""description"": ""The first vector."", ""type"": ""List[float]""}, ""vector_b"": {""description"": ""The second vector."", ""type"": ""List[float]""}}}, {""name"": ""linear_regression_prediction"", ""description"": ""Predicts the y-value for a given x-value using linear regression."", ""parameters"": {""x_values"": {""description"": ""The x-coordinates of the data points."", ""type"": ""List[float]""}, ""y_values"": {""description"": ""The y-coordinates of the data points."", ""type"": ""List[float]""}, ""target_x"": {""description"": ""The x-value for which to predict the y-value."", ""type"": ""float""}}}, {""name"": ""polygon_area_shoelace"", ""description"": ""Calculates the area of a polygon using the shoelace formula."", ""parameters"": {""vertices"": {""description"": ""A list of polygon vertices represented as tuples (x, y)."", ""type"": ""List[Tuple[float, float]]""}}}, {""name"": ""is_perfect_square"", ""description"": ""Checks if a number is a perfect square."", ""parameters"": {""num"": {""description"": ""The number to check."", ""type"": ""int""}}}]","{""tool"":""is_perfect_square"",""arguments"":{""num"":25}}",is_perfect_square,"{""num"": 25}"
67,Calculate the electric field produced by a charge of 100 coulombs at a distance of 10 meters with a permitivity of 2.2e-11.,"[{""name"": ""cosine_similarity"", ""description"": ""Calculates the cosine similarity between two vectors."", ""parameters"": {""vector_a"": {""description"": ""The first vector."", ""type"": ""List[float]""}, ""vector_b"": {""description"": ""The second vector."", ""type"": ""List[float]""}}}, {""name"": ""calculate_electric_field"", ""description"": ""Calculate the electric field produced by a charge at a certain distance."", ""parameters"": {""charge"": {""description"": ""Charge in coulombs producing the electric field."", ""type"": ""int"", ""default"": 8.854e-12}, ""distance"": {""description"": ""Distance from the charge in meters where the field is being measured."", ""type"": ""int"", ""default"": 8.854e-12}, ""permitivity"": {""description"": ""Permitivity of the space where field is being calculated, default is 8.854e-12."", ""type"": ""float""}}}, {""name"": ""find_n_largest_numbers"", ""description"": ""Finds the n largest numbers in a list."", ""parameters"": {""nums"": {""description"": ""The list of numbers."", ""type"": ""List[int]""}, ""n"": {""description"": ""The number of largest numbers to find."", ""type"": ""int""}}}, {""name"": ""california_alimony"", ""description"": ""Calculates the total alimony one spouse would have to pay to the other in California over a given duration."", ""parameters"": {""payor_monthly_income"": {""description"": ""The monthly gross income of the payor spouse."", ""type"": ""int""}, ""recipient_monthly_income"": {""description"": ""The monthly gross income of the recipient spouse."", ""type"": ""int""}, ""duration_years"": {""description"": ""The duration of the alimony in years."", ""type"": ""int""}}}]","{""tool"":""calculate_electric_field"",""arguments"":{""charge"":100,""distance"":10,""permitivity"":2.2e-11}}",calculate_electric_field,"{""charge"": 100, ""distance"": 10, ""permitivity"": 2.2e-11}"
68,"A proton has a charge of approximately 1.602 x 10^-19 Coulombs. If a proton is placed in an electric field with a voltage of 1000 Volts, what is its potential energy? After that, deal me 5 random cards from a shuffled deck.","[{""name"": ""potential_energy"", ""description"": ""Calculates the electrostatic potential energy given the charge and voltage."", ""parameters"": {""charge"": {""description"": ""The electric charge."", ""type"": ""float""}, ""voltage"": {""description"": ""The electric potential difference (voltage)."", ""type"": ""float""}}}, {""name"": ""draw_cards"", ""description"": ""Shuffles a standard deck of 52 cards and draws a specified number of cards from the top."", ""parameters"": {""num_draw"": {""description"": ""The number of cards to be drawn. Defaults to 1."", ""type"": ""int, optional"", ""default"": 1}}}]","{""tool"":""potential_energy"",""arguments"":{""charge"":1.602e-19,""voltage"":1000}}",potential_energy,"{""charge"": 1.602e-19, ""voltage"": 1000}"
69,"What is the result message of performing a static analysis on building 'A123' for floors [1, 3, 5]?","[{""name"": ""structural_analysis"", ""description"": ""Performs structural analysis on a building based on its ID, floor numbers, and analysis mode."", ""parameters"": {""building_id"": {""description"": ""The unique identifier of the building."", ""type"": ""str"", ""default"": ""static""}, ""floor_numbers"": {""description"": ""The list of floor numbers to be analyzed."", ""type"": ""List[int]"", ""default"": ""static""}, ""analysis_mode"": {""description"": ""The mode of analysis, either \""static\"" or \""dynamic\"". Defaults to \""static\""."", ""type"": ""str, optional""}}}, {""name"": ""calculate_order_total"", ""description"": ""Calculates the total cost of an order based on the items, quantities, and prices."", ""parameters"": {""items"": {""description"": ""A list of item names."", ""type"": ""List[str]""}, ""quantities"": {""description"": ""A list of corresponding quantities for each item."", ""type"": ""List[int]""}, ""prices"": {""description"": ""A list of corresponding prices for each item."", ""type"": ""List[float]""}}}, {""name"": ""is_hotel_available"", ""description"": ""Checks the availability of a hotel for a given date range."", ""parameters"": {""hotel"": {""description"": ""The name of the hotel."", ""type"": ""str""}, ""city"": {""description"": ""The city where the hotel is located."", ""type"": ""str""}, ""checkin"": {""description"": ""The check-in date in the format \""YYYY-MM-DD\""."", ""type"": ""str""}, ""checkout"": {""description"": ""The check-out date in the format \""YYYY-MM-DD\""."", ""type"": ""str""}}}]","{""tool"":""structural_analysis"",""arguments"":{""building_id"":""A123"",""floor_numbers"":[1,3,5],""analysis_mode"":""static""}}",structural_analysis,"{""building_id"": ""A123"", ""floor_numbers"": [1, 3, 5], ""analysis_mode"": ""static""}"
70,I'm looking for songs with the word 'love' in the title. Can you give me some suggestions in English?,"[{""name"": ""auto_complete"", ""description"": ""Fetch autocomplete suggestions for a given term using the Shazam API."", ""parameters"": {""term"": {""description"": ""The word or phrase to get suggestions for (e.g., song title, artist name)."", ""type"": ""str"", ""default"": ""kiss the""}, ""locale"": {""description"": ""The language code for the locale. Defaults to 'en-US'."", ""type"": ""str, optional"", ""default"": ""en-US""}}}]","{""tool"":""auto_complete"",""arguments"":{""term"":""love"",""locale"":""en-US""}}",auto_complete,"{""term"": ""love"", ""locale"": ""en-US""}"
71,"Find the equilibrium index of the list [2, 4, 6, 8, 10, 12, 14] and determine if the number 101 is prime.","[{""name"": ""is_prime"", ""description"": ""Checks if a number is prime."", ""parameters"": {""num"": {""description"": ""The number to be checked."", ""type"": ""int""}}}, {""name"": ""find_equilibrium_index"", ""description"": ""Finds the equilibrium index of a list, where the sum of elements on the left is equal to the sum of elements on the right."", ""parameters"": {""arr"": {""description"": ""The input list of integers."", ""type"": ""List[int]""}}}, {""name"": ""calculate_angle"", ""description"": ""Calculates the angle between the hour and minute hands of a clock."", ""parameters"": {""hour"": {""description"": ""The hour value (1-12)."", ""type"": ""int""}, ""minute"": {""description"": ""The minute value (0-59)."", ""type"": ""int""}}}]","{""tool"":""find_equilibrium_index"",""arguments"":{""arr"":[2,4,6,8,10,12,14]}}",find_equilibrium_index,"{""arr"": [2, 4, 6, 8, 10, 12, 14]}"
72,"Find all pairs of integers in the list [1, 2, 3, 4, 5] that sum up to 7.","[{""name"": ""find_pairs_with_sum"", ""description"": ""Finds all pairs of integers in a list that sum up to a target value."", ""parameters"": {""nums"": {""description"": ""The list of integers."", ""type"": ""List[int]""}, ""target"": {""description"": ""The target sum value."", ""type"": ""int""}}}, {""name"": ""linear_regression_prediction"", ""description"": ""Predicts the y-value for a given x-value using linear regression."", ""parameters"": {""x_values"": {""description"": ""The x-coordinates of the data points."", ""type"": ""List[float]""}, ""y_values"": {""description"": ""The y-coordinates of the data points."", ""type"": ""List[float]""}, ""target_x"": {""description"": ""The x-value for which to predict the y-value."", ""type"": ""float""}}}, {""name"": ""greatest_common_divisor"", ""description"": ""Computes the greatest common divisor (GCD) of two non-negative integers."", ""parameters"": {""a"": {""description"": ""The first non-negative integer."", ""type"": ""int""}, ""b"": {""description"": ""The second non-negative integer."", ""type"": ""int""}}}]","{""tool"":""find_pairs_with_sum"",""arguments"":{""nums"":[1,2,3,4,5],""target"":7}}",find_pairs_with_sum,"{""nums"": [1, 2, 3, 4, 5], ""target"": 7}"
73,"Is the Queens Hotel in Berlin available for check-in on March 12, 2022 and check-out on March 16, 2022?","[{""name"": ""is_hotel_available"", ""description"": ""Checks the availability of a hotel for a given date range."", ""parameters"": {""hotel"": {""description"": ""The name of the hotel."", ""type"": ""str""}, ""city"": {""description"": ""The city where the hotel is located."", ""type"": ""str""}, ""checkin"": {""description"": ""The check-in date in the format \""YYYY-MM-DD\""."", ""type"": ""str""}, ""checkout"": {""description"": ""The check-out date in the format \""YYYY-MM-DD\""."", ""type"": ""str""}}}]","{""tool"":""is_hotel_available"",""arguments"":{""hotel"":""Queens Hotel"",""city"":""Berlin"",""checkin"":""2022-03-12"",""checkout"":""2022-03-16""}}",is_hotel_available,"{""hotel"": ""Queens Hotel"", ""city"": ""Berlin"", ""checkin"": ""2022-03-12"", ""checkout"": ""2022-03-16""}"
74,Locate the IP address 192.168.0.1 on the map and find its ZIP code.,"[{""name"": ""get_ip_zipcode"", ""description"": ""Retrieves the ZIP code of a given IP address using the ip-api.com API."", ""parameters"": {""ip"": {""description"": ""The IP address to locate."", ""type"": ""str""}}}, {""name"": ""get_ip_location"", ""description"": ""Retrieves the latitude and longitude coordinates of a given IP address using the ip-api.com API."", ""parameters"": {""ip"": {""description"": ""The IP address to locate."", ""type"": ""str""}}}]","{""tool"":""get_ip_zipcode"",""arguments"":{""ip"":""192.168.0.1""}}",get_ip_zipcode,"{""ip"": ""192.168.0.1""}"
75,"Calculate the investment growth for an initial investment of $1000, annual addition of $500, for 10 years, with a return rate of 7% and an annual inflation rate of 2%.","[{""name"": ""project_investment_growth"", ""description"": ""Projects the growth of an investment over a specified number of years."", ""parameters"": {""principal"": {""description"": ""The initial investment amount."", ""type"": ""float"", ""default"": true}, ""annual_addition"": {""description"": ""The amount added to the investment annually."", ""type"": ""float"", ""default"": true}, ""years"": {""description"": ""The number of years to project the investment growth."", ""type"": ""int""}, ""return_rate"": {""description"": ""The annual return rate as a decimal (e.g., 0.07 for 7%)."", ""type"": ""float""}, ""inflation"": {""description"": ""A list of annual inflation rates as decimals."", ""type"": ""List[float]""}, ""inflation_adjusted"": {""description"": ""Whether to adjust the final value for inflation. Defaults to True."", ""type"": ""bool, optional""}}}, {""name"": ""get_pokemon_move_info"", ""description"": ""Retrieves information about a Pokémon's move using the PokéAPI."", ""parameters"": {""pokemon_name"": {""description"": ""The name of the Pokémon."", ""type"": ""str"", ""default"": ""run""}, ""move_name"": {""description"": ""The name of the move to check. Defaults to \""run\""."", ""type"": ""str, optional"", ""default"": ""run""}}}, {""name"": ""geocode_city"", ""description"": ""Retrieves the latitude and longitude coordinates of a given city using the Maps.co Geocoding API."", ""parameters"": {""city"": {""description"": ""The name of the city."", ""type"": ""str""}}}, {""name"": ""is_valid_ip_address"", ""description"": ""Checks if a string is a valid IP address (IPv4)."", ""parameters"": {""ip"": {""description"": ""The string to check."", ""type"": ""str""}}}]","{""tool"":""project_investment_growth"",""arguments"":{""principal"":1000.0,""annual_addition"":500.0,""years"":10,""return_rate"":0.07,""inflation"":[0.02],""inflation_adjusted"":true}}",project_investment_growth,"{""principal"": 1000.0, ""annual_addition"": 500.0, ""years"": 10, ""return_rate"": 0.07, ""inflation"": [0.02], ""inflation_adjusted"": true}"
76,Calculate the resistance of a 100 meter long aluminum wire with a cross-sectional area of 0.00005 square meters and also find the greatest common divisor of 144 and 24.,"[{""name"": ""sort_numbers"", ""description"": ""Sorts a list of numbers in ascending or descending order."", ""parameters"": {""numbers"": {""description"": ""The list of numbers to be sorted."", ""type"": ""List[float]""}, ""descending"": {""description"": ""If True, sorts the numbers in descending order. Defaults to False."", ""type"": ""bool, optional""}}}, {""name"": ""binomial_probability"", ""description"": ""Calculates the probability of getting exactly k successes in n independent trials,"", ""parameters"": {""n"": {""description"": ""The total number of trials."", ""type"": ""int""}, ""k"": {""description"": ""The number of successes."", ""type"": ""int""}, ""p"": {""description"": ""The probability of success in each trial."", ""type"": ""float""}}}, {""name"": ""wire_resistance"", ""description"": ""Calculates the resistance of a wire based on its length, cross-sectional area, and material resistivity."", ""parameters"": {""length_m"": {""description"": ""The length of the wire in meters."", ""type"": ""int"", ""default"": ""copper""}, ""area_sq_m"": {""description"": ""The cross-sectional area of the wire in square meters."", ""type"": ""float"", ""default"": ""copper""}, ""material"": {""description"": ""The material of the wire. Allowed values: \""copper\"" (default) or \""aluminum\""."", ""type"": ""str, optional""}}}, {""name"": ""greatest_common_divisor"", ""description"": ""Computes the greatest common divisor (GCD) of two non-negative integers."", ""parameters"": {""a"": {""description"": ""The first non-negative integer."", ""type"": ""int""}, ""b"": {""description"": ""The second non-negative integer."", ""type"": ""int""}}}, {""name"": ""find_next_greater_element"", ""description"": ""Finds the next greater element for each element in a list."", ""parameters"": {""nums"": {""description"": ""The list of numbers."", ""type"": ""List[int]""}}}]","{""tool"":""wire_resistance"",""arguments"":{""length_m"":100,""area_sq_m"":0.00005,""material"":""aluminum""}}",wire_resistance,"{""length_m"": 100, ""area_sq_m"": 5e-05, ""material"": ""aluminum""}"
77,"What is the neuronal activity rate given a synaptic input rate of 10, a synaptic weight of 0.5, and a decay constant of 0.2? What is the Euclidean distance between the points (1, 2, 3) and (4, 5, 6)?","[{""name"": ""neuronal_activity_rate"", ""description"": ""Calculates the neuronal activity rate based on the synaptic input rate, synaptic weight, and decay constant."", ""parameters"": {""synaptic_input_rate"": {""description"": ""The rate of synaptic inputs per second."", ""type"": ""int"", ""default"": 1.0}, ""synaptic_weight"": {""description"": ""The weight of the synaptic input, denoting its influence. Defaults to 1.0."", ""type"": ""float, optional"", ""default"": 0.1}, ""decay_constant"": {""description"": ""The rate at which the neuron's potential decays. Defaults to 0.1."", ""type"": ""float, optional"", ""default"": 1.0}}}, {""name"": ""calculate_distance"", ""description"": ""Calculates the Euclidean distance between two points in n-dimensional space."", ""parameters"": {""point1"": {""description"": ""The coordinates of the first point."", ""type"": ""List[float]""}, ""point2"": {""description"": ""The coordinates of the second point."", ""type"": ""List[float]""}}}, {""name"": ""batting_average"", ""description"": ""Calculates the batting average of a baseball player based on the number of hits and at-bats."", ""parameters"": {""num_hits"": {""description"": ""The number of hits."", ""type"": ""int"", ""default"": 3}, ""num_at_bats"": {""description"": ""The number of at-bats."", ""type"": ""int"", ""default"": 3}, ""precision"": {""description"": ""The number of decimal places to round the batting average. Defaults to 3."", ""type"": ""int, optional""}}}, {""name"": ""calculate_standard_deviation"", ""description"": ""Calculates the standard deviation of a list of numbers."", ""parameters"": {""numbers"": {""description"": ""The list of numbers."", ""type"": ""List[Union[int, float]]""}}}, {""name"": ""average"", ""description"": ""Calculates the arithmetic mean of a list of numbers."", ""parameters"": {""numbers"": {""description"": ""The list of numbers."", ""type"": ""List[float]""}}}, {""name"": ""is_power_of_two"", ""description"": ""Checks if a number is a power of two."", ""parameters"": {""num"": {""description"": ""The number to check."", ""type"": ""int""}}}]","{""tool"":""neuronal_activity_rate"",""arguments"":{""synaptic_input_rate"":10,""synaptic_weight"":0.5,""decay_constant"":0.2}}",neuronal_activity_rate,"{""synaptic_input_rate"": 10, ""synaptic_weight"": 0.5, ""decay_constant"": 0.2}"
78,"What is the standard deviation of the numbers [0.5, 1.5, 2.5, 3.5, 4.5]? Also, what is the standard deviation of the numbers [5.5, 6.5, 7.5, 8.5, 9.5]?","[{""name"": ""calculate_standard_deviation"", ""description"": ""Calculates the standard deviation of a list of numbers."", ""parameters"": {""numbers"": {""description"": ""The list of numbers."", ""type"": ""List[Union[int, float]]""}}}]","{""tool"":""calculate_standard_deviation"",""arguments"":{""numbers"":[0.5,1.5,2.5,3.5,4.5]}}",calculate_standard_deviation,"{""numbers"": [0.5, 1.5, 2.5, 3.5, 4.5]}"
79,"Consider a large group of 100 individuals, with 70 extroverts and 30 introverts. What can be said about their social harmony, leadership potential, and group cohesion?","[{""name"": ""analyze_social_group_dynamics"", ""description"": ""Analyzes the social dynamics within a group based on the personality traits and group size."", ""parameters"": {""total"": {""description"": ""The total group size."", ""type"": ""int""}, ""extroverts"": {""description"": ""The number of extroverted members in the group."", ""type"": ""int""}, ""introverts"": {""description"": ""The number of introverted members in the group."", ""type"": ""int""}}}]","{""tool"":""analyze_social_group_dynamics"",""arguments"":{""total"":100,""extroverts"":70,""introverts"":30}}",analyze_social_group_dynamics,"{""total"": 100, ""extroverts"": 70, ""introverts"": 30}"
80,Find the roots of the quadratic equation x^2 + 2x + 2 = 0.,"[{""name"": ""solve_quadratic"", ""description"": ""Computes the roots of a quadratic equation given its coefficients."", ""parameters"": {""a"": {""description"": ""The coefficient of the quadratic term (x^2)."", ""type"": ""float""}, ""b"": {""description"": ""The coefficient of the linear term (x)."", ""type"": ""float""}, ""c"": {""description"": ""The constant term."", ""type"": ""float""}}}]","{""tool"":""solve_quadratic"",""arguments"":{""a"":1,""b"":2,""c"":2}}",solve_quadratic,"{""a"": 1, ""b"": 2, ""c"": 2}"
81,Generate a password of length 16 with special characters.,"[{""name"": ""fibonacci"", ""description"": ""Calculates the nth Fibonacci number."", ""parameters"": {""n"": {""description"": ""The position of the Fibonacci number."", ""type"": ""int""}}}, {""name"": ""generate_password"", ""description"": ""Generates a random password of specified length and character types."", ""parameters"": {""length"": {""description"": ""The length of the password. Defaults to 12."", ""type"": ""int, optional"", ""default"": 12}, ""include_special"": {""description"": ""Whether to include special characters in the password. Defaults to True."", ""type"": ""bool, optional"", ""default"": true}}}, {""name"": ""find_duplicate_number"", ""description"": ""Finds the duplicate number in a list of integers."", ""parameters"": {""nums"": {""description"": ""The list of integers."", ""type"": ""List[int]""}}}, {""name"": ""is_palindrome"", ""description"": ""Checks if a string is a palindrome."", ""parameters"": {""text"": {""description"": ""The input string."", ""type"": ""str""}}}, {""name"": ""is_subset"", ""description"": ""Checks if one set is a subset of another set."", ""parameters"": {""set1"": {""description"": ""The first set."", ""type"": ""set""}, ""set2"": {""description"": ""The second set."", ""type"": ""set""}}}]","{""tool"":""generate_password"",""arguments"":{""length"":16,""include_special"":true}}",generate_password,"{""length"": 16, ""include_special"": true}"
82,Fetch order details for the last three orders placed on the grocery delivery app.,"[{""name"": ""get_order"", ""description"": ""Fetches the order information for a given order ID using the Toolbench RapidAPI."", ""parameters"": {""is_id"": {""description"": ""The ID of the order to be fetched."", ""type"": ""str"", ""default"": """"}}}]","{""tool"":""get_order"",""arguments"":{""is_id"":""""}}",get_order,"{""is_id"": """"}"
83,"Calculate the area of a right-angled triangle with vertices at (0, 0), (3, 0), and (0, 4).","[{""name"": ""polygon_area_shoelace"", ""description"": ""Calculates the area of a polygon using the shoelace formula."", ""parameters"": {""vertices"": {""description"": ""A list of polygon vertices represented as tuples (x, y)."", ""type"": ""List[Tuple[float, float]]""}}}]","{""tool"":""polygon_area_shoelace"",""arguments"":{""vertices"":[[0,0],[3,0],[0,4]]}}",polygon_area_shoelace,"{""vertices"": [[0, 0], [3, 0], [0, 4]]}"
84,"What is my risk of developing type 2 diabetes with a weight of 150 lbs, height of 70 inches, and a moderately active lifestyle? In addition, order 5 bags of grapes and 6 bags of pears from the Safeway store in San Francisco, CA.","[{""name"": ""assess_diabetes_risk"", ""description"": ""Assesses the risk of developing type 2 diabetes based on body mass index (BMI) and physical activity level."", ""parameters"": {""weight_lbs"": {""description"": ""Body weight in pounds."", ""type"": ""int""}, ""height_inches"": {""description"": ""Height in inches."", ""type"": ""int""}, ""activity"": {""description"": ""Physical activity level. Allowed values: \""sedentary\"", \""lightly active\"", \""moderately active\"", or \""very active\""."", ""type"": ""str""}}}, {""name"": ""place_safeway_order"", ""description"": ""Order specified items from a Safeway location."", ""parameters"": {""location"": {""description"": ""The location of the Safeway store, e.g., 'Palo Alto, CA'."", ""type"": ""str""}, ""items"": {""description"": ""List of items to order."", ""type"": ""list""}, ""quantity"": {""description"": ""Quantity of each item in the order list."", ""type"": ""list""}}}, {""name"": ""reserve_hotel_room"", ""description"": ""Reserves a hotel room with the specified details."", ""parameters"": {""room_type"": {""description"": ""The type of room to reserve."", ""type"": ""str""}, ""nightly_rate"": {""description"": ""The nightly rate for the room."", ""type"": ""float""}, ""checkin_date"": {""description"": ""The check-in date in the format 'YYYY-MM-DD'."", ""type"": ""str""}, ""checkout_date"": {""description"": ""The check-out date in the format 'YYYY-MM-DD'."", ""type"": ""str""}, ""guest_id"": {""description"": ""The unique identifier for the guest."", ""type"": ""str""}, ""promo_code"": {""description"": ""A promotional code for a discount. Defaults to None."", ""type"": ""str, optional""}}}]","{""tool"":""assess_diabetes_risk"",""arguments"":{""weight_lbs"":150,""height_inches"":70,""activity"":""moderately active""}}",assess_diabetes_risk,"{""weight_lbs"": 150, ""height_inches"": 70, ""activity"": ""moderately active""}"
85,"Find the missing number in the sequence of integers from 0 to 10, given the following list: [0, 1, 2, 3, 4, 5, 7, 8, 9, 10].","[{""name"": ""find_missing_number"", ""description"": ""Finds the missing number in a list of integers from 0 to n."", ""parameters"": {""nums"": {""description"": ""The list of integers."", ""type"": ""List[int]""}}}, {""name"": ""format_date"", ""description"": ""Converts a date string from one format to another."", ""parameters"": {""date"": {""description"": ""The date string to convert."", ""type"": ""str""}, ""input_format"": {""description"": ""The format of the input date string."", ""type"": ""str""}, ""output_format"": {""description"": ""The desired format of the output date string."", ""type"": ""str""}}}]","{""tool"":""find_missing_number"",""arguments"":{""nums"":[0,1,2,3,4,5,7,8,9,10]}}",find_missing_number,"{""nums"": [0, 1, 2, 3, 4, 5, 7, 8, 9, 10]}"
86,"I'm thinking of investing $7,500 for 8 years. If the bank offers me a 2.25% interest rate, how much money will I have at the end of this period?","[{""name"": ""calculate_investment_return"", ""description"": ""Calculates the return on investment based on the initial deposit amount, annual interest rate, and investment period."", ""parameters"": {""initial_amount"": {""description"": ""The initial deposit amount."", ""type"": ""int""}, ""interest_rate"": {""description"": ""The annual interest rate provided by the bank."", ""type"": ""float""}, ""num_years"": {""description"": ""The number of years the money is invested."", ""type"": ""int""}}}]","{""tool"":""calculate_investment_return"",""arguments"":{""initial_amount"":7500,""interest_rate"":2.25,""num_years"":8}}",calculate_investment_return,"{""initial_amount"": 7500, ""interest_rate"": 2.25, ""num_years"": 8}"
87,"Let's place an order at the San Francisco Whole Foods store. The order consists of 'apples', 'bananas', and 'oranges'. Make it a medium-sized order.","[{""name"": ""reserve_hotel_room"", ""description"": ""Reserves a hotel room with the specified details."", ""parameters"": {""room_type"": {""description"": ""The type of room to reserve."", ""type"": ""str""}, ""nightly_rate"": {""description"": ""The nightly rate for the room."", ""type"": ""float""}, ""checkin_date"": {""description"": ""The check-in date in the format 'YYYY-MM-DD'."", ""type"": ""str""}, ""checkout_date"": {""description"": ""The check-out date in the format 'YYYY-MM-DD'."", ""type"": ""str""}, ""guest_id"": {""description"": ""The unique identifier for the guest."", ""type"": ""str""}, ""promo_code"": {""description"": ""A promotional code for a discount. Defaults to None."", ""type"": ""str, optional""}}}, {""name"": ""whole_foods_order"", ""description"": ""Places an order at Whole Foods."", ""parameters"": {""store_location"": {""description"": ""The location of the Whole Foods store."", ""type"": ""str""}, ""item_list"": {""description"": ""A list of items to order."", ""type"": ""list""}, ""order_size"": {""description"": ""The size of the order. Allowed values: \""small\"", \""medium\"", or \""large\""."", ""type"": ""str""}}}, {""name"": ""place_safeway_order"", ""description"": ""Order specified items from a Safeway location."", ""parameters"": {""location"": {""description"": ""The location of the Safeway store, e.g., 'Palo Alto, CA'."", ""type"": ""str""}, ""items"": {""description"": ""List of items to order."", ""type"": ""list""}, ""quantity"": {""description"": ""Quantity of each item in the order list."", ""type"": ""list""}}}]","{""tool"":""whole_foods_order"",""arguments"":{""store_location"":""San Francisco"",""item_list"":[""apples"",""bananas"",""oranges""],""order_size"":""medium""}}",whole_foods_order,"{""store_location"": ""San Francisco"", ""item_list"": [""apples"", ""bananas"", ""oranges""], ""order_size"": ""medium""}"
88,What moves can Charmander learn?,"[{""name"": ""get_pokemon_move_info"", ""description"": ""Retrieves information about a Pokémon's move using the PokéAPI."", ""parameters"": {""pokemon_name"": {""description"": ""The name of the Pokémon."", ""type"": ""str"", ""default"": ""run""}, ""move_name"": {""description"": ""The name of the move to check. Defaults to \""run\""."", ""type"": ""str, optional"", ""default"": ""run""}}}, {""name"": ""get_ip_zipcode"", ""description"": ""Retrieves the ZIP code of a given IP address using the ip-api.com API."", ""parameters"": {""ip"": {""description"": ""The IP address to locate."", ""type"": ""str""}}}]","{""tool"":""get_pokemon_move_info"",""arguments"":{""pokemon_name"":""charmander""}}",get_pokemon_move_info,"{""pokemon_name"": ""charmander""}"
89,"What will be the future value of an investment of $20,000 with an annual interest rate of 6% after 15 years? Also, calculate the displacement of an object with an initial velocity of 30 m/s, acceleration of 2 m/s^2, and time of 5 seconds. Lastly, what is the probability of getting exactly 5 heads in 10 coin tosses?","[{""name"": ""future_investment_value"", ""description"": ""Calculates the future value of an investment based on the present value, annual interest rate, and number of years."", ""parameters"": {""present_value"": {""description"": ""The present value of the investment."", ""type"": ""float""}, ""annual_interest_rate"": {""description"": ""The annual interest rate as a decimal (e.g., 0.05 for 5%)."", ""type"": ""float""}, ""years"": {""description"": ""The number of years the investment will grow."", ""type"": ""int""}}}, {""name"": ""displacement"", ""description"": ""Calculates the displacement of an object given its initial velocity, acceleration, and time."", ""parameters"": {""initial_velocity"": {""description"": ""The initial velocity of the object."", ""type"": ""float""}, ""acceleration"": {""description"": ""The acceleration of the object."", ""type"": ""float""}, ""time"": {""description"": ""The time elapsed."", ""type"": ""float""}}}, {""name"": ""binomial_probability"", ""description"": ""Calculates the probability of getting exactly k successes in n independent trials,"", ""parameters"": {""n"": {""description"": ""The total number of trials."", ""type"": ""int""}, ""k"": {""description"": ""The number of successes."", ""type"": ""int""}, ""p"": {""description"": ""The probability of success in each trial."", ""type"": ""float""}}}, {""name"": ""light_travel_time"", ""description"": ""Calculate the time taken for light to travel from one celestial body to another."", ""parameters"": {""distance_in_light_years"": {""description"": ""The distance between the two celestial bodies in light years."", ""type"": ""int"", ""default"": 299792458}, ""speed_of_light"": {""description"": ""The speed of light in vacuum, in m/s. Default value is 299792458 m/s."", ""type"": ""int"", ""default"": 299792458}}}]","{""tool"":""future_investment_value"",""arguments"":{""present_value"":20000,""annual_interest_rate"":0.06,""years"":15}}",future_investment_value,"{""present_value"": 20000, ""annual_interest_rate"": 0.06, ""years"": 15}"
90,Can you list the repositories for the GitHub user 'pjhyett'?,"[{""name"": ""search"", ""description"": ""Search for public repositories of a given GitHub user using the Toolbench RapidAPI."", ""parameters"": {""user"": {""description"": ""The GitHub username whose public repositories are to be searched."", ""type"": ""str"", ""default"": ""samuk-a""}}}]","{""tool"":""search"",""arguments"":{""user"":""pjhyett""}}",search,"{""user"": ""pjhyett""}"
91,"Determine if the years 2000, 2004, and 2022 are leap years, and then find the DNA sequence for sequence ID 'NM_000520' in FASTA format with 100 upstream bases.","[{""name"": ""is_leap_year"", ""description"": ""Checks if a year is a leap year."", ""parameters"": {""year"": {""description"": ""The year to check."", ""type"": ""int""}}}, {""name"": ""get_dna_sequence"", ""description"": ""Retrieves the DNA sequence for a given sequence ID from the NCBI Nucleotide database."", ""parameters"": {""sequence_id"": {""description"": ""The unique identifier for the DNA sequence."", ""type"": ""str"", ""default"": ""fasta""}, ""file_format"": {""description"": ""The format of the returned sequence. Allowed values: \""fasta\"" (default) or \""gb\""."", ""type"": ""str, optional""}, ""upstream_bases"": {""description"": ""The number of bases upstream of the sequence to include. Defaults to 0."", ""type"": ""int, optional"", ""default"": ""fasta""}}}, {""name"": ""assess_diabetes_risk"", ""description"": ""Assesses the risk of developing type 2 diabetes based on body mass index (BMI) and physical activity level."", ""parameters"": {""weight_lbs"": {""description"": ""Body weight in pounds."", ""type"": ""int""}, ""height_inches"": {""description"": ""Height in inches."", ""type"": ""int""}, ""activity"": {""description"": ""Physical activity level. Allowed values: \""sedentary\"", \""lightly active\"", \""moderately active\"", or \""very active\""."", ""type"": ""str""}}}, {""name"": ""predict_forest_area"", ""description"": ""Predicts the change in forest area over a specified number of years."", ""parameters"": {""location"": {""description"": ""The geographic location for the prediction."", ""type"": ""str""}, ""num_years"": {""description"": ""The number of years into the future to make the prediction."", ""type"": ""int""}, ""include_humans"": {""description"": ""Whether to include the impact of human activities in the prediction. Defaults to False."", ""type"": ""bool, optional""}}}, {""name"": ""get_pokemon_move_info"", ""description"": ""Retrieves information about a Pokémon's move using the PokéAPI."", ""parameters"": {""pokemon_name"": {""description"": ""The name of the Pokémon."", ""type"": ""str"", ""default"": ""run""}, ""move_name"": {""description"": ""The name of the move to check. Defaults to \""run\""."", ""type"": ""str, optional"", ""default"": ""run""}}}, {""name"": ""get_city_from_zipcode"", ""description"": ""Retrieves the city name for a given ZIP code using the Ziptastic API."", ""parameters"": {""zipcode"": {""description"": ""The ZIP code to look up."", ""type"": ""str""}}}, {""name"": ""structural_analysis"", ""description"": ""Performs structural analysis on a building based on its ID, floor numbers, and analysis mode."", ""parameters"": {""building_id"": {""description"": ""The unique identifier of the building."", ""type"": ""str"", ""default"": ""static""}, ""floor_numbers"": {""description"": ""The list of floor numbers to be analyzed."", ""type"": ""List[int]"", ""default"": ""static""}, ""analysis_mode"": {""description"": ""The mode of analysis, either \""static\"" or \""dynamic\"". Defaults to \""static\""."", ""type"": ""str, optional""}}}, {""name"": ""get_ip_location"", ""description"": ""Retrieves the latitude and longitude coordinates of a given IP address using the ip-api.com API."", ""parameters"": {""ip"": {""description"": ""The IP address to locate."", ""type"": ""str""}}}]","{""tool"":""get_dna_sequence"",""arguments"":{""sequence_id"":""NM_000520"",""file_format"":""fasta"",""upstream_bases"":100}}",get_dna_sequence,"{""sequence_id"": ""NM_000520"", ""file_format"": ""fasta"", ""upstream_bases"": 100}"
92,What is the probability of rolling a sum of 7 with 2 six-sided dice?,"[{""name"": ""dice_roll_probability"", ""description"": ""Calculates the probability of rolling a specific sum with a given number of dice, each having a certain number of faces."", ""parameters"": {""target_sum"": {""description"": ""The target sum to calculate the probability for."", ""type"": ""int"", ""default"": 6}, ""num_dice"": {""description"": ""The number of dice being rolled."", ""type"": ""int"", ""default"": 6}, ""num_faces"": {""description"": ""The number of faces on each die. Defaults to 6."", ""type"": ""int, optional""}}}, {""name"": ""is_valid_palindrome"", ""description"": ""Checks if a string is a valid palindrome, considering only alphanumeric characters and ignoring case."", ""parameters"": {""s"": {""description"": ""The input string."", ""type"": ""str""}}}, {""name"": ""polygon_area_shoelace"", ""description"": ""Calculates the area of a polygon using the shoelace formula."", ""parameters"": {""vertices"": {""description"": ""A list of polygon vertices represented as tuples (x, y)."", ""type"": ""List[Tuple[float, float]]""}}}, {""name"": ""bacterial_growth"", ""description"": ""Calculates the bacterial population after a given time based on the initial population and growth rate."", ""parameters"": {""initial_population"": {""description"": ""The initial bacterial population."", ""type"": ""int"", ""default"": 20}, ""growth_rate"": {""description"": ""The growth rate per unit time."", ""type"": ""float"", ""default"": 20}, ""time"": {""description"": ""The time elapsed."", ""type"": ""float""}, ""doubling_time"": {""description"": ""The doubling time of the bacteria in minutes. Defaults to 20."", ""type"": ""float, optional""}}}]","{""tool"":""dice_roll_probability"",""arguments"":{""target_sum"":7,""num_dice"":2,""num_faces"":6}}",dice_roll_probability,"{""target_sum"": 7, ""num_dice"": 2, ""num_faces"": 6}"
93,"What is the majority element in the list [1, 2, 3, 4, 5, 5, 5, 6, 7, 8, 9]?","[{""name"": ""find_majority_element"", ""description"": ""Finds the majority element in a list, which appears more than ⌊n / 2⌋ times."", ""parameters"": {""nums"": {""description"": ""The input list of integers."", ""type"": ""List[int]""}}}, {""name"": ""find_missing_ranges"", ""description"": ""Finds the missing ranges between lower and upper in a sorted list of integers."", ""parameters"": {""nums"": {""description"": ""The sorted list of integers."", ""type"": ""List[int]""}, ""lower"": {""description"": ""The lower bound."", ""type"": ""int""}, ""upper"": {""description"": ""The upper bound."", ""type"": ""int""}}}, {""name"": ""find_duplicate_number"", ""description"": ""Finds the duplicate number in a list of integers."", ""parameters"": {""nums"": {""description"": ""The list of integers."", ""type"": ""List[int]""}}}]","{""tool"":""find_majority_element"",""arguments"":{""nums"":[1,2,3,4,5,5,5,6,7,8,9]}}",find_majority_element,"{""nums"": [1, 2, 3, 4, 5, 5, 5, 6, 7, 8, 9]}"
94,"What is the probability of rolling a 1 on a ten-sided die for 2 consecutive rolls? Also, what is the neuronal activity rate for a synaptic input rate of 200 per second?","[{""name"": ""probability_of_consecutive_rolls"", ""description"": ""Calculates the probability of rolling a specific value on a die consecutively for a given number of rolls."", ""parameters"": {""target_value"": {""description"": ""The desired value to be rolled."", ""type"": ""int"", ""default"": 6}, ""num_rolls"": {""description"": ""The number of consecutive rolls."", ""type"": ""int"", ""default"": 6}, ""num_sides"": {""description"": ""The number of sides on the die. Defaults to 6."", ""type"": ""int, optional""}}}, {""name"": ""neuronal_activity_rate"", ""description"": ""Calculates the neuronal activity rate based on the synaptic input rate, synaptic weight, and decay constant."", ""parameters"": {""synaptic_input_rate"": {""description"": ""The rate of synaptic inputs per second."", ""type"": ""int"", ""default"": 1.0}, ""synaptic_weight"": {""description"": ""The weight of the synaptic input, denoting its influence. Defaults to 1.0."", ""type"": ""float, optional"", ""default"": 0.1}, ""decay_constant"": {""description"": ""The rate at which the neuron's potential decays. Defaults to 0.1."", ""type"": ""float, optional"", ""default"": 1.0}}}]","{""tool"":""probability_of_consecutive_rolls"",""arguments"":{""target_value"":1,""num_rolls"":2,""num_sides"":10}}",probability_of_consecutive_rolls,"{""target_value"": 1, ""num_rolls"": 2, ""num_sides"": 10}"
95,"If I have two lists of items, one list has 24 items and the other has 30 items, and I want to combine them while maintaining the same intervals, how many items should the new list have?","[{""name"": ""least_common_multiple"", ""description"": ""Computes the least common multiple (LCM) of two positive integers."", ""parameters"": {""a"": {""description"": ""The first positive integer."", ""type"": ""int""}, ""b"": {""description"": ""The second positive integer."", ""type"": ""int""}}}]","{""tool"":""least_common_multiple"",""arguments"":{""a"":24,""b"":30}}",least_common_multiple,"{""a"": 24, ""b"": 30}"
96,"Flatten the nested list [[1, 2, 3], [4, 5], [6, 7, 8, 9], [10], [11, 12]] and count the occurrences of each number.","[{""name"": ""find_longest_word"", ""description"": ""Finds the longest word in a list of words."", ""parameters"": {""words"": {""description"": ""A list of words."", ""type"": ""List[str]""}}}, {""name"": ""count_occurrences"", ""description"": ""Counts the occurrences of each element in a list and returns a dictionary with the counts."", ""parameters"": {""lst"": {""description"": ""The input list."", ""type"": ""List""}}}, {""name"": ""flatten_list"", ""description"": ""Flattens a nested list into a single-level list."", ""parameters"": {""nested_list"": {""description"": ""The nested list to be flattened."", ""type"": ""List""}}}, {""name"": ""generate_random_string"", ""description"": ""Generates a random string of specified length and character types."", ""parameters"": {""length"": {""description"": ""The length of the random string."", ""type"": ""int"", ""default"": true}, ""uppercase"": {""description"": ""Include uppercase letters. Defaults to True."", ""type"": ""bool, optional"", ""default"": true}, ""lowercase"": {""description"": ""Include lowercase letters. Defaults to True."", ""type"": ""bool, optional"", ""default"": true}, ""digits"": {""description"": ""Include digits. Defaults to True."", ""type"": ""bool, optional""}, ""special_chars"": {""description"": ""Include special characters. Defaults to False."", ""type"": ""bool, optional"", ""default"": true}}}, {""name"": ""is_subset"", ""description"": ""Checks if one set is a subset of another set."", ""parameters"": {""set1"": {""description"": ""The first set."", ""type"": ""set""}, ""set2"": {""description"": ""The second set."", ""type"": ""set""}}}, {""name"": ""find_files"", ""description"": ""Finds all files with a specific extension in a directory and its subdirectories."", ""parameters"": {""directory"": {""description"": ""The directory to search in."", ""type"": ""str""}, ""extension"": {""description"": ""The file extension to search for."", ""type"": ""str""}}}]","{""tool"":""flatten_list"",""arguments"":{""nested_list"":[[1,2,3],[4,5],[6,7,8,9],[10],[11,12]]}}",flatten_list,"{""nested_list"": [[1, 2, 3], [4, 5], [6, 7, 8, 9], [10], [11, 12]]}"
97,What is the angle between the hour and minute hands of a clock at 3:30?,"[{""name"": ""final_velocity"", ""description"": ""Calculates the final velocity of an object given its initial velocity, acceleration, and time."", ""parameters"": {""initial_velocity"": {""description"": ""The initial velocity of the object."", ""type"": ""float""}, ""acceleration"": {""description"": ""The acceleration of the object."", ""type"": ""float""}, ""time"": {""description"": ""The time elapsed."", ""type"": ""float""}}}, {""name"": ""average"", ""description"": ""Calculates the arithmetic mean of a list of numbers."", ""parameters"": {""numbers"": {""description"": ""The list of numbers."", ""type"": ""List[float]""}}}, {""name"": ""find_equilibrium_index"", ""description"": ""Finds the equilibrium index of a list, where the sum of elements on the left is equal to the sum of elements on the right."", ""parameters"": {""arr"": {""description"": ""The input list of integers."", ""type"": ""List[int]""}}}, {""name"": ""calculate_angle"", ""description"": ""Calculates the angle between the hour and minute hands of a clock."", ""parameters"": {""hour"": {""description"": ""The hour value (1-12)."", ""type"": ""int""}, ""minute"": {""description"": ""The minute value (0-59)."", ""type"": ""int""}}}, {""name"": ""matrix_multiply"", ""description"": ""Multiplies two matrices."", ""parameters"": {""matrix_a"": {""description"": ""The first matrix."", ""type"": ""List[List[float]]""}, ""matrix_b"": {""description"": ""The second matrix."", ""type"": ""List[List[float]]""}}}]","{""tool"":""calculate_angle"",""arguments"":{""hour"":3,""minute"":30}}",calculate_angle,"{""hour"": 3, ""minute"": 30}"
98,"What is the monthly mortgage payment for a $150,000 loan with an annual interest rate of 5% over a 10-year term?","[{""name"": ""monthly_mortgage_payment"", ""description"": ""Calculates the monthly mortgage payment based on the loan amount, annual interest rate, and loan term."", ""parameters"": {""loan_amount"": {""description"": ""The total amount of the loan."", ""type"": ""float""}, ""annual_interest_rate"": {""description"": ""The annual interest rate as a decimal (e.g., 0.05 for 5%)."", ""type"": ""float""}, ""loan_term_years"": {""description"": ""The loan term in years."", ""type"": ""int""}}}]","{""tool"":""monthly_mortgage_payment"",""arguments"":{""loan_amount"":150000,""annual_interest_rate"":0.05,""loan_term_years"":10}}",monthly_mortgage_payment,"{""loan_amount"": 150000, ""annual_interest_rate"": 0.05, ""loan_term_years"": 10}"
99,"Can you help me create a histogram for the following data: [1, 2, 2, 3, 3, 3, 4, 4, 4, 4] with 5 bins?","[{""name"": ""matrix_multiply"", ""description"": ""Multiplies two matrices."", ""parameters"": {""matrix_a"": {""description"": ""The first matrix."", ""type"": ""List[List[float]]""}, ""matrix_b"": {""description"": ""The second matrix."", ""type"": ""List[List[float]]""}}}, {""name"": ""create_histogram"", ""description"": ""Create a histogram based on provided data."", ""parameters"": {""data"": {""description"": ""The data for which histogram needs to be plotted."", ""type"": ""list"", ""default"": 10}, ""bins"": {""description"": ""The number of equal-width bins in the range. Default is 10."", ""type"": ""int"", ""default"": 10}}}]","{""tool"":""create_histogram"",""arguments"":{""data"":[1,2,2,3,3,3,4,4,4,4],""bins"":5}}",create_histogram,"{""data"": [1, 2, 2, 3, 3, 3, 4, 4, 4, 4], ""bins"": 5}"
