id,query,tools,raw_output,pred_tool,pred_args
0,Retrieve details for the user with the username 'TechGuru123'.,"[{""name"": ""getuserbyname"", ""description"": ""Fetches user details by username from the specified API endpoint using the provided RapidAPI key."", ""parameters"": {""username"": {""description"": ""The username of the user to fetch details for."", ""type"": ""str"", ""default"": """"}}}, {""name"": ""get_all_companies_paginated"", ""description"": ""Fetches a paginated list of all companies from the CAC database using the provided API key."", ""parameters"": {""page"": {""description"": ""The page number to fetch."", ""type"": ""int"", ""default"": ""1""}, ""limit"": {""description"": ""The number of companies to retrieve per page."", ""type"": ""int"", ""default"": ""10""}}}]","{""tool"":""getuserbyname"",""arguments"":{""username"":""TechGuru123""}}",getuserbyname,"{""username"": ""TechGuru123""}"
1,"Find the maximum sum of a subarray in [4, -1, 2, 1] and calculate the 20th Fibonacci number.","[{""name"": ""find_max_subarray_sum"", ""description"": ""Finds the maximum sum of a contiguous subarray within a list of integers."", ""parameters"": {""nums"": {""description"": ""The input list of integers."", ""type"": ""List[int]""}}}, {""name"": ""fibonacci"", ""description"": ""Calculates the nth Fibonacci number."", ""parameters"": {""n"": {""description"": ""The position of the Fibonacci number."", ""type"": ""int""}}}, {""name"": ""is_sum_of_cubes"", ""description"": ""Checks if a number is the sum of the cubes of its digits."", ""parameters"": {""num"": {""description"": ""The number to check."", ""type"": ""int""}}}, {""name"": ""reverse_words"", ""description"": ""Reverses the order of words in a sentence."", ""parameters"": {""sentence"": {""description"": ""The input sentence."", ""type"": ""str""}}}]","{""tool"":""find_max_subarray_sum"",""arguments"":{""nums"":[4,-1,2,1]}}",find_max_subarray_sum,"{""nums"": [4, -1, 2, 1]}"
2,"Given matrices [[1, 2, 3], [4, 5, 6]] and [[7, 8], [9, 10], [11, 12]], perform matrix multiplication. Also, merge [1, 3, 5] with [2, 4, 6].","[{""name"": ""merge_sorted_lists"", ""description"": ""Merges two sorted lists into a single sorted list."", ""parameters"": {""list1"": {""description"": ""The first sorted list."", ""type"": ""List[int]""}, ""list2"": {""description"": ""The second sorted list."", ""type"": ""List[int]""}}}, {""name"": ""std_deviation"", ""description"": ""Calculates the standard deviation of a list of numbers."", ""parameters"": {""numbers"": {""description"": ""The list of numbers."", ""type"": ""List[float]""}}}, {""name"": ""matrix_multiply"", ""description"": ""Multiplies two matrices."", ""parameters"": {""matrix_a"": {""description"": ""The first matrix."", ""type"": ""List[List[float]]""}, ""matrix_b"": {""description"": ""The second matrix."", ""type"": ""List[List[float]]""}}}]","{""tool"":""matrix_multiply"",""arguments"":{""matrix_a"":[[1,2,3],[4,5,6]],""matrix_b"":[[7,8],[9,10],[11,12]]}}",matrix_multiply,"{""matrix_a"": [[1, 2, 3], [4, 5, 6]], ""matrix_b"": [[7, 8], [9, 10], [11, 12]]}"
3,"I'm planning a baking session and need to convert some measurements. First, I have 2 cups of flour and I want to know how many grams that is. Then, I have 100 grams of sugar and I need to convert it to cups. Can you help with these conversions?","[{""name"": ""convert_cooking_measurements"", ""description"": ""Converts a quantity of a cooking ingredient from one measurement unit to another."", ""parameters"": {""quantity"": {""description"": ""The quantity of the item to convert."", ""type"": ""float""}, ""from_unit"": {""description"": ""The unit of the input quantity (e.g., 'cup', 'gram')."", ""type"": ""str""}, ""to_unit"": {""description"": ""The unit to which the quantity should be converted (e.g., 'ounce', 'kilogram')."", ""type"": ""str""}, ""item"": {""description"": ""The cooking ingredient being converted (e.g., 'flour', 'sugar')."", ""type"": ""str""}}}, {""name"": ""find_longest_palindromic_substring"", ""description"": ""Finds the longest palindromic substring in a string."", ""parameters"": {""s"": {""description"": ""The input string."", ""type"": ""str""}}}]","{""tool"":""convert_cooking_measurements"",""arguments"":{""quantity"":2,""from_unit"":""cup"",""to_unit"":""gram"",""item"":""flour""}}",convert_cooking_measurements,"{""quantity"": 2, ""from_unit"": ""cup"", ""to_unit"": ""gram"", ""item"": ""flour""}"
4,Determine if the numbers 1741725 and 42108183 are sums of the cubes of their digits.,"[{""name"": ""is_sum_of_cubes"", ""description"": ""Checks if a number is the sum of the cubes of its digits."", ""parameters"": {""num"": {""description"": ""The number to check."", ""type"": ""int""}}}]","{""tool"":""is_sum_of_cubes"",""arguments"":{""num"":1741725}}",is_sum_of_cubes,"{""num"": 1741725}"
5,"What is the longest common prefix between 'interstellar', 'international', 'internet'?","[{""name"": ""longest_common_prefix"", ""description"": ""Finds the longest common prefix among a list of strings."", ""parameters"": {""strs"": {""description"": ""The list of strings."", ""type"": ""List[str]""}}}, {""name"": ""get_range"", ""description"": ""Helper function to format the range string."", ""parameters"": {""start"": {""description"": ""The start of the range."", ""type"": ""int""}, ""end"": {""description"": ""The end of the range."", ""type"": ""int""}}}, {""name"": ""find_files"", ""description"": ""Finds all files with a specific extension in a directory and its subdirectories."", ""parameters"": {""directory"": {""description"": ""The directory to search in."", ""type"": ""str""}, ""extension"": {""description"": ""The file extension to search for."", ""type"": ""str""}}}]","{""tool"":""longest_common_prefix"",""arguments"":{""strs"":[""interstellar"",""international"",""internet""]}}",longest_common_prefix,"{""strs"": [""interstellar"", ""international"", ""internet""]}"
6,"What is the ascending order of these numbers: [15, 5, 20, 10, 25, 15, 30, 20]? Please sort them.","[{""name"": ""sort_numbers"", ""description"": ""Sorts a list of numbers in ascending or descending order."", ""parameters"": {""numbers"": {""description"": ""The list of numbers to be sorted."", ""type"": ""List[float]""}, ""descending"": {""description"": ""If True, sorts the numbers in descending order. Defaults to False."", ""type"": ""bool, optional""}}}]","{""tool"":""sort_numbers"",""arguments"":{""numbers"":[15,5,20,10,25,15,30,20],""descending"":false}}",sort_numbers,"{""numbers"": [15, 5, 20, 10, 25, 15, 30, 20], ""descending"": false}"
7,"I have a list of numbers [3, 1, 3, 4, 2]. What is the duplicate number here?","[{""name"": ""find_duplicate_number"", ""description"": ""Finds the duplicate number in a list of integers."", ""parameters"": {""nums"": {""description"": ""The list of integers."", ""type"": ""List[int]""}}}]","{""tool"":""find_duplicate_number"",""arguments"":{""nums"":[3,1,3,4,2]}}",find_duplicate_number,"{""nums"": [3, 1, 3, 4, 2]}"
8,"Project the population of a city currently at 500,000 people, with an annual growth rate of 1.5%, over the next 10 years.","[{""name"": ""get_pokemon_move_info"", ""description"": ""Retrieves information about a Pokémon's move using the PokéAPI."", ""parameters"": {""pokemon_name"": {""description"": ""The name of the Pokémon."", ""type"": ""str"", ""default"": ""run""}, ""move_name"": {""description"": ""The name of the move to check. Defaults to \""run\""."", ""type"": ""str, optional"", ""default"": ""run""}}}, {""name"": ""whole_foods_order"", ""description"": ""Places an order at Whole Foods."", ""parameters"": {""store_location"": {""description"": ""The location of the Whole Foods store."", ""type"": ""str""}, ""item_list"": {""description"": ""A list of items to order."", ""type"": ""list""}, ""order_size"": {""description"": ""The size of the order. Allowed values: \""small\"", \""medium\"", or \""large\""."", ""type"": ""str""}}}, {""name"": ""calculate_calorie_intake"", ""description"": ""Calculates the recommended daily calorie intake and macronutrient distribution based on personal characteristics and goals."", ""parameters"": {""weight_kg"": {""description"": ""Body weight in kilograms."", ""type"": ""float""}, ""height_cm"": {""description"": ""Height in centimeters."", ""type"": ""float""}, ""age"": {""description"": ""Age in years."", ""type"": ""int""}, ""sex"": {""description"": ""Biological sex, either 'male' or 'female'."", ""type"": ""str""}, ""activity_level"": {""description"": ""Activity level on a scale of 1 to 5 (1 = sedentary, 5 = extremely active)."", ""type"": ""int""}, ""goal"": {""description"": ""Fitness goal, either 'lose', 'maintain', or 'gain'."", ""type"": ""str""}}}, {""name"": ""get_city_from_zipcode"", ""description"": ""Retrieves the city name for a given ZIP code using the Ziptastic API."", ""parameters"": {""zipcode"": {""description"": ""The ZIP code to look up."", ""type"": ""str""}}}, {""name"": ""project_population"", ""description"": ""Projects the population size after a specified number of years."", ""parameters"": {""current_pop"": {""description"": ""The current population size."", ""type"": ""int"", ""default"": 1.2}, ""num_years"": {""description"": ""The number of years into the future to make the projection."", ""type"": ""int"", ""default"": 1.2}, ""annual_growth"": {""description"": ""The annual population growth rate as a percentage. Defaults to 1.2."", ""type"": ""float, optional""}}}, {""name"": ""project_investment_growth"", ""description"": ""Projects the growth of an investment over a specified number of years."", ""parameters"": {""principal"": {""description"": ""The initial investment amount."", ""type"": ""float"", ""default"": true}, ""annual_addition"": {""description"": ""The amount added to the investment annually."", ""type"": ""float"", ""default"": true}, ""years"": {""description"": ""The number of years to project the investment growth."", ""type"": ""int""}, ""return_rate"": {""description"": ""The annual return rate as a decimal (e.g., 0.07 for 7%)."", ""type"": ""float""}, ""inflation"": {""description"": ""A list of annual inflation rates as decimals."", ""type"": ""List[float]""}, ""inflation_adjusted"": {""description"": ""Whether to adjust the final value for inflation. Defaults to True."", ""type"": ""bool, optional""}}}]","{""tool"":""project_population"",""arguments"":{""current_pop"":500000,""num_years"":10,""annual_growth"":1.5}}",project_population,"{""current_pop"": 500000, ""num_years"": 10, ""annual_growth"": 1.5}"
9,"I want to see reviews for the Sony WH-1000XM4 headphones, but only those with a rating of 4 or higher.","[{""name"": ""search"", ""description"": ""Search for product offers on Amazon with support for multiple filters and options."", ""parameters"": {""query"": {""description"": ""Search query. Supports both free-form text queries or a product ASIN."", ""type"": ""str"", ""default"": ""Phone""}, ""brand"": {""description"": ""Find products with a specific brand. Multiple brands can be specified as a comma-separated list. Defaults to None."", ""type"": ""str, optional"", ""default"": """"}, ""min_price"": {""description"": ""Only return product offers with a price greater than a specified minimum value. The value is in the currency of the selected country. Defaults to None."", ""type"": ""int, optional"", ""default"": """"}, ""max_price"": {""description"": ""Only return product offers with a price lower than a specified maximum value. The value is in the currency of the selected country. Defaults to None."", ""type"": ""int, optional"", ""default"": """"}, ""country"": {""description"": ""Sets the marketplace country, language, and currency. Allowed values are 'US', 'AU', 'BR', 'CA', 'CN', 'FR', 'DE', 'IN', 'IT', 'MX', 'NL', 'SG', 'ES', 'TR', 'AE', 'GB', 'JP'. Defaults to 'US'."", ""type"": ""str, optional"", ""default"": ""US""}, ""category_id"": {""description"": ""Find products in a specific category/department. Use the Product Category List endpoint to get a list of valid categories and their IDs for the specified country. Defaults to 'aps' (All Departments)."", ""type"": ""str, optional"", ""default"": ""aps""}, ""sort_by"": {""description"": ""Return the results in a specific sort order. Allowed values are 'RELEVANCE', 'LOWEST_PRICE', 'HIGHEST_PRICE', 'REVIEWS', 'NEWEST'. Defaults to None."", ""type"": ""str, optional"", ""default"": """"}, ""page"": {""description"": ""Results page to return. Defaults to '1'."", ""type"": ""str, optional"", ""default"": ""1""}}}, {""name"": ""products"", ""description"": ""Fetch products from the Facebook Marketplace using the RapidAPI."", ""parameters"": {""no_of_save"": {""description"": ""Minimum number of saves for the listed items. Defaults to 25."", ""type"": ""int, optional"", ""default"": ""25""}, ""min_sales"": {""description"": ""Minimum number of sales for the listed items. Defaults to 5."", ""type"": ""int, optional"", ""default"": ""5""}, ""min_price"": {""description"": ""Minimum price for the listed items. Defaults to '2.00'."", ""type"": ""str, optional"", ""default"": ""2.00""}, ""category"": {""description"": ""Category of the listed items. Defaults to 'Apparel'."", ""type"": ""str, optional"", ""default"": ""Apparel""}, ""city"": {""description"": ""City where the items are listed. Defaults to 'New York'."", ""type"": ""str, optional"", ""default"": ""New York""}, ""page"": {""description"": ""Page number for pagination. Defaults to 1."", ""type"": ""int, optional"", ""default"": ""1""}}}, {""name"": ""product_reviews"", ""description"": ""Fetch product reviews from the Real-Time Product Search API, supporting infinite pagination and filtering options."", ""parameters"": {""product_id"": {""description"": ""The product ID for which reviews are to be fetched."", ""type"": ""str"", ""default"": ""11577822456427762145""}, ""country"": {""description"": ""ISO 3166-1 alpha-2 country code. Default is 'us'."", ""type"": ""str, optional"", ""default"": ""us""}, ""language"": {""description"": ""ISO 639-1 language code. Default is 'en'."", ""type"": ""str, optional"", ""default"": ""en""}, ""offset"": {""description"": ""Number of reviews to skip. Valid values are integers from 0 to 30000. Default is None."", ""type"": ""str, optional"", ""default"": """"}, ""rating"": {""description"": ""Minimum user rating of the reviews to be fetched. Valid values are 1-5. Default is None."", ""type"": ""str, optional"", ""default"": """"}, ""limit"": {""description"": ""Maximum number of reviews to return. Valid values are integers from 0 to 100. Default is None."", ""type"": ""str, optional"", ""default"": """"}}}, {""name"": ""get_product_s_reviews"", ""description"": ""Fetches reviews for a specified product using the Amazon Data Scraper API."", ""parameters"": {""productid"": {""description"": ""The unique identifier of the product whose reviews are to be fetched."", ""type"": ""str"", ""default"": ""B00K3OM3PS""}}}]","{""tool"":""product_reviews"",""arguments"":{""product_id"":""Sony WH-1000XM4"",""country"":""us"",""language"":""en"",""rating"":""4"",""limit"":""100""}}",product_reviews,"{""product_id"": ""Sony WH-1000XM4"", ""country"": ""us"", ""language"": ""en"", ""rating"": ""4"", ""limit"": ""100""}"
10,Calculate the factorial of 8 and the area of a circle with a radius of 12.,"[{""name"": ""factorial"", ""description"": ""Computes the factorial of a non-negative integer."", ""parameters"": {""n"": {""description"": ""The non-negative integer to compute the factorial of."", ""type"": ""int""}}}, {""name"": ""compound_interest"", ""description"": ""Calculates the compound interest of an investment."", ""parameters"": {""principal"": {""description"": ""The initial investment amount."", ""type"": ""float"", ""default"": 1}, ""rate"": {""description"": ""The annual interest rate expressed as a decimal."", ""type"": ""float"", ""default"": 1}, ""time"": {""description"": ""The time in years for which the investment is held."", ""type"": ""float""}, ""n"": {""description"": ""The number of times interest is compounded per year. Defaults to 1."", ""type"": ""int, optional""}}}, {""name"": ""circle_area"", ""description"": ""Computes the area of a circle given its radius."", ""parameters"": {""radius"": {""description"": ""The radius of the circle."", ""type"": ""float""}}}]","{""tool"":""factorial"",""arguments"":{""n"":8}}",factorial,"{""n"": 8}"
11,Please find me the top-rated smartwatches in Canada and also search for on-sale fitness trackers in Australia.,"[{""name"": ""search"", ""description"": ""Search for product offers using various filtering parameters such as rating, condition, shipping speed, price, and more. Supports both free-form queries and GTIN/EAN identifiers with infinite pagination."", ""parameters"": {""q"": {""description"": ""Free-form search query or a GTIN/EAN (e.g., '0194252014233')."", ""type"": ""str"", ""default"": ""Nike shoes""}, ""min_rating"": {""description"": ""Return products with rating greater than the specified value. Possible values: '1', '2', '3', '4'."", ""type"": ""str, optional"", ""default"": """"}, ""product_condition"": {""description"": ""Only return products with a specific condition. Possible values: 'NEW', 'USED', 'REFURBISHED'."", ""type"": ""str, optional"", ""default"": """"}, ""max_shipping_days"": {""description"": ""Only return product offers that offer shipping/delivery within a specified number of days."", ""type"": ""int, optional"", ""default"": """"}, ""store_id"": {""description"": ""Only return product offers from specific stores (comma-separated list of store IDs). Store IDs can be obtained from the Google Shopping URL after using the Seller filter."", ""type"": ""str, optional"", ""default"": """"}, ""on_sale"": {""description"": ""Only return product offers that are currently on sale. Default is None."", ""type"": ""bool, optional"", ""default"": """"}, ""free_returns"": {""description"": ""Only return product offers that offer free returns. Default is None."", ""type"": ""bool, optional"", ""default"": """"}, ""free_shipping"": {""description"": ""Only return product offers that offer free shipping/delivery. Default is None."", ""type"": ""bool, optional"", ""default"": """"}, ""max_price"": {""description"": ""Only return product offers with price lower than a certain value."", ""type"": ""int, optional"", ""default"": """"}, ""language"": {""description"": ""The language of the results. Default is 'en'. Valid values: see https://en.wikipedia.org/wiki/List_of_ISO_639-1_codes."", ""type"": ""str, optional"", ""default"": ""en""}, ""sort_by"": {""description"": ""Sort product offers by best match, top rated, lowest or highest price. Possible values: 'BEST_MATCH', 'TOP_RATED', 'LOWEST_PRICE', 'HIGHEST_PRICE'."", ""type"": ""str, optional"", ""default"": """"}, ""country"": {""description"": ""Country code of the region/country to return offers for. Default is 'us'. Valid values: see https://en.wikipedia.org/wiki/ISO_3166-1_alpha-2."", ""type"": ""str, optional"", ""default"": ""us""}, ""min_price"": {""description"": ""Only return product offers with price greater than a certain value."", ""type"": ""int, optional"", ""default"": """"}, ""page"": {""description"": ""Results page to return. Default is 1."", ""type"": ""int, optional"", ""default"": """"}}}]","{""tool"":""search"",""arguments"":{""q"":""smartwatches"",""min_rating"":""4"",""country"":""ca"",""sort_by"":""TOP_RATED""}}",search,"{""q"": ""smartwatches"", ""min_rating"": ""4"", ""country"": ""ca"", ""sort_by"": ""TOP_RATED""}"
12,"Find the 3 largest numbers from the list [15, 8, 22, 36, 10, 45, 30].","[{""name"": ""convert_cooking_measurements"", ""description"": ""Converts a quantity of a cooking ingredient from one measurement unit to another."", ""parameters"": {""quantity"": {""description"": ""The quantity of the item to convert."", ""type"": ""float""}, ""from_unit"": {""description"": ""The unit of the input quantity (e.g., 'cup', 'gram')."", ""type"": ""str""}, ""to_unit"": {""description"": ""The unit to which the quantity should be converted (e.g., 'ounce', 'kilogram')."", ""type"": ""str""}, ""item"": {""description"": ""The cooking ingredient being converted (e.g., 'flour', 'sugar')."", ""type"": ""str""}}}, {""name"": ""find_n_largest_numbers"", ""description"": ""Finds the n largest numbers in a list."", ""parameters"": {""nums"": {""description"": ""The list of numbers."", ""type"": ""List[int]""}, ""n"": {""description"": ""The number of largest numbers to find."", ""type"": ""int""}}}, {""name"": ""create_histogram"", ""description"": ""Create a histogram based on provided data."", ""parameters"": {""data"": {""description"": ""The data for which histogram needs to be plotted."", ""type"": ""list"", ""default"": 10}, ""bins"": {""description"": ""The number of equal-width bins in the range. Default is 10."", ""type"": ""int"", ""default"": 10}}}]","{""tool"":""find_n_largest_numbers"",""arguments"":{""nums"":[15,8,22,36,10,45,30],""n"":3}}",find_n_largest_numbers,"{""nums"": [15, 8, 22, 36, 10, 45, 30], ""n"": 3}"
13,Calculate the age of a person born on 1990-05-15.,"[{""name"": ""calculate_age"", ""description"": ""Calculates the age based on the birthdate."", ""parameters"": {""birthdate"": {""description"": ""The birthdate in the format 'YYYY-MM-DD'."", ""type"": ""str""}}}, {""name"": ""calculate_grade"", ""description"": ""Calculates the weighted average grade based on scores and their corresponding weights."", ""parameters"": {""scores"": {""description"": ""A list of scores."", ""type"": ""List[float]""}, ""weights"": {""description"": ""A list of weights corresponding to each score."", ""type"": ""List[float]""}}}, {""name"": ""find_max_subarray_sum"", ""description"": ""Finds the maximum sum of a contiguous subarray within a list of integers."", ""parameters"": {""nums"": {""description"": ""The input list of integers."", ""type"": ""List[int]""}}}, {""name"": ""split_list"", ""description"": ""Splits a list into chunks of a specified size."", ""parameters"": {""lst"": {""description"": ""The input list."", ""type"": ""List""}, ""chunk_size"": {""description"": ""The size of each chunk."", ""type"": ""int""}}}]","{""tool"":""calculate_age"",""arguments"":{""birthdate"":""1990-05-15""}}",calculate_age,"{""birthdate"": ""1990-05-15""}"
14,Search for images related to the category 'bikini' and a pornstar named 'Lisa Ann'.,"[{""name"": ""search_for_any_category_or_star"", ""description"": ""Search for images using a category keyword or pornstar name via the RapidAPI service."", ""parameters"": {""search"": {""description"": ""The category keyword or pornstar name to search for."", ""type"": ""str"", ""default"": ""Natasha Nice""}}}, {""name"": ""video_videoid"", ""description"": ""Fetches video information and status from the video-builder API using the provided video ID and RapidAPI key."", ""parameters"": {""videoid"": {""description"": ""The unique identifier for the video."", ""type"": ""int"", ""default"": """"}}}, {""name"": ""getimage"", ""description"": ""Fetches an image using a given file ID from the mikuapi service."", ""parameters"": {""fileid"": {""description"": ""The ID of the image file to be retrieved."", ""type"": ""str"", ""default"": """"}}}]","{""tool"":""search_for_any_category_or_star"",""arguments"":{""search"":""bikini, Lisa Ann""}}",search_for_any_category_or_star,"{""search"": ""bikini, Lisa Ann""}"
15,Analyze the traffic sources and keyword rankings for 'netflix.com'.,"[{""name"": ""searchdomain"", ""description"": ""Fetches webpage data from the \""pages-hosted-on-domain\"" API based on the provided filters and parameters."", ""parameters"": {""matchtype"": {""description"": ""The type of match to be used. Default is 'prefix'."", ""type"": ""str"", ""default"": ""prefix""}, ""collapse"": {""description"": ""The field to be collapsed. Default is 'urlkey'."", ""type"": ""str"", ""default"": ""urlkey""}, ""url"": {""description"": ""The URL to search for. Default is 'httpsimage.com'."", ""type"": ""str"", ""default"": ""httpsimage.com""}, ""fl"": {""description"": ""The fields to include in the response. Default is 'timestamp:4,original,urlkey'."", ""type"": ""str"", ""default"": ""timestamp:4,original,urlkey""}, ""limit"": {""description"": ""The maximum number of results to return. Default is 100000."", ""type"": ""int"", ""default"": ""100000""}, ""filter"": {""description"": ""The filter to apply to the results. Default is 'statuscode:200'."", ""type"": ""str"", ""default"": ""statuscode:200""}}}, {""name"": ""get_analysis"", ""description"": ""Fetches website traffic and key metrics for a given domain using the RapidAPI service."", ""parameters"": {""domain"": {""description"": ""The domain to analyze, e.g., 'amazon.com'."", ""type"": ""str"", ""default"": """"}}}]","{""tool"":""get_analysis"",""arguments"":{""domain"":""netflix.com""}}",get_analysis,"{""domain"": ""netflix.com""}"
16,"Could you fetch detailed information about a product with the ID 'G6789' from Shein in USD, for the US market, and in English?","[{""name"": ""products"", ""description"": ""Fetch products from the Facebook Marketplace using the RapidAPI."", ""parameters"": {""no_of_save"": {""description"": ""Minimum number of saves for the listed items. Defaults to 25."", ""type"": ""int, optional"", ""default"": ""25""}, ""min_sales"": {""description"": ""Minimum number of sales for the listed items. Defaults to 5."", ""type"": ""int, optional"", ""default"": ""5""}, ""min_price"": {""description"": ""Minimum price for the listed items. Defaults to '2.00'."", ""type"": ""str, optional"", ""default"": ""2.00""}, ""category"": {""description"": ""Category of the listed items. Defaults to 'Apparel'."", ""type"": ""str, optional"", ""default"": ""Apparel""}, ""city"": {""description"": ""City where the items are listed. Defaults to 'New York'."", ""type"": ""str, optional"", ""default"": ""New York""}, ""page"": {""description"": ""Page number for pagination. Defaults to 1."", ""type"": ""int, optional"", ""default"": ""1""}}}, {""name"": ""reviews_list"", ""description"": ""Fetch a list of reviews related to a specific product from the Kohls API."", ""parameters"": {""productid"": {""description"": ""The webID of the product for which reviews are to be fetched."", ""type"": ""str"", ""default"": ""4201989""}, ""limit"": {""description"": ""The maximum number of reviews to return. Default is 6."", ""type"": ""int, optional"", ""default"": ""6""}, ""sort"": {""description"": ""Sorting order for the reviews, e.g., 'SubmissionTime:asc', 'Rating:desc'. Default is 'SubmissionTime:desc'."", ""type"": ""str, optional"", ""default"": ""SubmissionTime:desc""}, ""offset"": {""description"": ""The number of items to skip before starting to collect the result set. Default is 0."", ""type"": ""int, optional"", ""default"": ""0""}}}, {""name"": ""products_detail"", ""description"": ""Fetches detailed information of a product based on the given product ID and optional query parameters."", ""parameters"": {""goods_id"": {""description"": ""The value of 'goods_id' field returned from the .../products/list or .../products/search endpoint."", ""type"": ""str"", ""default"": ""2506647""}, ""currency"": {""description"": ""The 3-letter currency code. Defaults to 'USD'."", ""type"": ""str, optional"", ""default"": ""USD""}, ""country"": {""description"": ""The 2-letter country code. Defaults to 'US'."", ""type"": ""str, optional"", ""default"": ""US""}, ""language"": {""description"": ""The 2-letter language code. Defaults to 'en'."", ""type"": ""str, optional"", ""default"": ""en""}}}, {""name"": ""get_awesome_product_details"", ""description"": ""Fetches detailed information about a product using a given product ID from the Amazon Data Scraper API."", ""parameters"": {""productid"": {""description"": ""The unique identifier for the product to retrieve details for."", ""type"": ""str"", ""default"": ""B00K3OM3PS""}}}]","{""tool"":""products_detail"",""arguments"":{""goods_id"":""G6789"",""currency"":""USD"",""country"":""US"",""language"":""en""}}",products_detail,"{""goods_id"": ""G6789"", ""currency"": ""USD"", ""country"": ""US"", ""language"": ""en""}"
17,Retrieve health news from the UK and news from Ada.lk.,"[{""name"": ""get_news_from_one_news_source"", ""description"": ""Fetches news articles from a specified news source and page number using the Sri Lanka News API."", ""parameters"": {""page"": {""description"": ""The page number to retrieve news articles from. Different news sources may have varying numbers of articles per page."", ""type"": ""int"", ""default"": 1}, ""source"": {""description"": ""The news source to retrieve articles from. Possible values include 'Lankadeepa.lk', 'Deshaya.lk', 'Ada.lk', 'BBCSinhala.com', 'Mawbima.lk'."", ""type"": ""str"", ""default"": ""Ada.lk""}}}, {""name"": ""vivanews_search"", ""description"": ""Performs a search query on Vivanews through the RapidAPI endpoint."", ""parameters"": {""page"": {""description"": ""The page number to retrieve results from."", ""type"": ""int"", ""default"": ""1""}, ""keyword"": {""description"": ""The search keyword to query."", ""type"": ""str"", ""default"": ""banjir""}}}, {""name"": ""top_headlines"", ""description"": ""Fetches top headline news articles based on specified parameters."", ""parameters"": {""language"": {""description"": ""Language code to filter news articles. Default is 'en'. Options include:"", ""type"": ""str"", ""default"": ""en""}, ""category"": {""description"": ""Category of news articles to filter by. Default is 'sports'. Options include:"", ""type"": ""str"", ""default"": ""sports""}, ""country"": {""description"": ""Country code to filter news articles. Default is 'us'. Options include:"", ""type"": ""str"", ""default"": ""us""}, ""sortby"": {""description"": ""Criterion to sort news articles by. Default is 'published_date'."", ""type"": ""str"", ""default"": """"}, ""pagesize"": {""description"": ""Number of news articles to return per page. Default is 10."", ""type"": ""int"", ""default"": ""10""}}}]","{""tool"":""get_news_from_one_news_source"",""arguments"":{""page"":1,""source"":""Ada.lk""}}",get_news_from_one_news_source,"{""page"": 1, ""source"": ""Ada.lk""}"
18,Is 123.456.789.0 a valid IP address?,"[{""name"": ""is_valid_ip_address"", ""description"": ""Checks if a string is a valid IP address (IPv4)."", ""parameters"": {""ip"": {""description"": ""The string to check."", ""type"": ""str""}}}]","{""tool"":""is_valid_ip_address"",""arguments"":{""ip"":""123.456.789.0""}}",is_valid_ip_address,"{""ip"": ""123.456.789.0""}"
19,"Compute the sum of '1010' and '1101' in binary, and find the 5 largest numbers in [1, 2, 3, 4, 5, 6, 7, 8, 9, 10].","[{""name"": ""binary_addition"", ""description"": ""Adds two binary numbers and returns the result as a binary string."", ""parameters"": {""a"": {""description"": ""The first binary number."", ""type"": ""str""}, ""b"": {""description"": ""The second binary number."", ""type"": ""str""}}}, {""name"": ""find_n_largest_numbers"", ""description"": ""Finds the n largest numbers in a list."", ""parameters"": {""nums"": {""description"": ""The list of numbers."", ""type"": ""List[int]""}, ""n"": {""description"": ""The number of largest numbers to find."", ""type"": ""int""}}}]","{""tool"":""binary_addition"",""arguments"":{""a"":""1010"",""b"":""1101""}}",binary_addition,"{""a"": ""1010"", ""b"": ""1101""}"
20,"Fetch me the health news for the 'es-ES' region, please.","[{""name"": ""latest_articles"", ""description"": ""Fetches the latest cryptocurrency news articles from the web, including sentiment analysis and keyword extraction."", ""parameters"": {""subject"": {""description"": ""The subject of the news articles (e.g., bitcoin, altcoin, ethereum, nft, blockchain, defi)."", ""type"": ""str"", ""default"": ""bitcoin""}, ""top_n_keywords"": {""description"": ""The number of keywords to extract from each article (default is 10)."", ""type"": ""int, optional"", ""default"": ""10""}, ""max_articles"": {""description"": ""The maximum number of articles to retrieve in response (default is 10)."", ""type"": ""int, optional"", ""default"": ""10""}, ""last_n_hours"": {""description"": ""The time window in hours for the latest news articles (default is 48 hours)."", ""type"": ""int, optional"", ""default"": ""48""}}}, {""name"": ""get_articles"", ""description"": ""Fetches articles from the climate news feed with given parameters for limit, excluded source, and specific source."", ""parameters"": {""limit"": {""description"": ""Number of articles to fetch. Default is 50."", ""type"": ""int, optional"", ""default"": ""50""}, ""exclude"": {""description"": ""Source to exclude from the results. Default is 'The Guardian'."", ""type"": ""str, optional"", ""default"": ""The Guardian""}, ""source"": {""description"": ""Source to fetch articles from. Default is 'Nasa Climate'."", ""type"": ""str, optional"", ""default"": ""Nasa Climate""}}}, {""name"": ""health"", ""description"": ""Fetches health-related news from Google News using the provided language region and API key."", ""parameters"": {""lr"": {""description"": ""Language region for the news, e.g., 'en-US'."", ""type"": ""str"", ""default"": ""en-US""}}}, {""name"": ""vivanews_detail"", ""description"": ""Fetches and returns the detailed news information from Vivanews by the given ID using the provided RapidAPI key."", ""parameters"": {""is_id"": {""description"": ""The ID of the Vivanews article to fetch details for."", ""type"": ""int"", ""default"": ""1612364""}}}]","{""tool"":""health"",""arguments"":{""lr"":""es-ES""}}",health,"{""lr"": ""es-ES""}"
21,"Please calculate the average for the numbers 1.1, 2.2, 3.3 and also the average for 1.2, 2.4, 3.6.","[{""name"": ""average"", ""description"": ""Calculates the arithmetic mean of a list of numbers."", ""parameters"": {""numbers"": {""description"": ""The list of numbers."", ""type"": ""List[float]""}}}]","{""tool"":""average"",""arguments"":{""numbers"":[1.1,2.2,3.3]}}",average,"{""numbers"": [1.1, 2.2, 3.3]}"
22,"Retrieve the Billboard Hot 100 chart for July 4, 2023, and another for the top 20 songs on that date.","[{""name"": ""all_songs_from_artist"", ""description"": ""Retrieves all songs by the specified artist using the Toolbench RapidAPI service."", ""parameters"": {""artist"": {""description"": ""The name of the artist whose songs are to be retrieved."", ""type"": ""str"", ""default"": ""Halsey""}}}, {""name"": ""get_user_playlists"", ""description"": ""Fetch all public playlists of a specific user from the Spotify API."", ""parameters"": {""user_id"": {""description"": ""The ID of the user whose playlists are to be fetched."", ""type"": ""str"", ""default"": ""cruilla""}}}, {""name"": ""billboard_hot_100"", ""description"": ""Fetch the Billboard Hot 100 chart data for a given date and range."", ""parameters"": {""date"": {""description"": ""The date for which to fetch the chart data in 'YYYY-MM-DD' format."", ""type"": ""str"", ""default"": ""2022-07-07""}, ""range"": {""description"": ""The range of chart positions to return, specified in the format 'start-end'. Default is '1-10'."", ""type"": ""str, optional"", ""default"": ""1-10""}}}, {""name"": ""artist_100"", ""description"": ""Fetches the Billboard Artist 100 chart data for a specified week."", ""parameters"": {""week"": {""description"": ""The week for which to fetch the chart data in 'YYYY-MM-DD' format. Defaults to the most recent week."", ""type"": ""str"", ""default"": ""2022-10-08""}}}]","{""tool"":""billboard_hot_100"",""arguments"":{""date"":""2023-07-04"",""range"":""1-20""}}",billboard_hot_100,"{""date"": ""2023-07-04"", ""range"": ""1-20""}"
23,Are the phrases 'Astronomer' and 'Moon starer' anagrams?,"[{""name"": ""find_majority_element"", ""description"": ""Finds the majority element in a list, which appears more than ⌊n / 2⌋ times."", ""parameters"": {""nums"": {""description"": ""The input list of integers."", ""type"": ""List[int]""}}}, {""name"": ""calculate_grade"", ""description"": ""Calculates the weighted average grade based on scores and their corresponding weights."", ""parameters"": {""scores"": {""description"": ""A list of scores."", ""type"": ""List[float]""}, ""weights"": {""description"": ""A list of weights corresponding to each score."", ""type"": ""List[float]""}}}, {""name"": ""is_anagram_phrase"", ""description"": ""Checks if two phrases are anagrams of each other, ignoring whitespace and punctuation."", ""parameters"": {""phrase1"": {""description"": ""The first phrase."", ""type"": ""str""}, ""phrase2"": {""description"": ""The second phrase."", ""type"": ""str""}}}, {""name"": ""is_sum_of_cubes"", ""description"": ""Checks if a number is the sum of the cubes of its digits."", ""parameters"": {""num"": {""description"": ""The number to check."", ""type"": ""int""}}}, {""name"": ""find_files"", ""description"": ""Finds all files with a specific extension in a directory and its subdirectories."", ""parameters"": {""directory"": {""description"": ""The directory to search in."", ""type"": ""str""}, ""extension"": {""description"": ""The file extension to search for."", ""type"": ""str""}}}, {""name"": ""calculate_factorial"", ""description"": ""Calculates the factorial of a non-negative integer."", ""parameters"": {""n"": {""description"": ""The non-negative integer."", ""type"": ""int""}}}, {""name"": ""find_missing_ranges"", ""description"": ""Finds the missing ranges between lower and upper in a sorted list of integers."", ""parameters"": {""nums"": {""description"": ""The sorted list of integers."", ""type"": ""List[int]""}, ""lower"": {""description"": ""The lower bound."", ""type"": ""int""}, ""upper"": {""description"": ""The upper bound."", ""type"": ""int""}}}, {""name"": ""fibonacci"", ""description"": ""Calculates the nth Fibonacci number."", ""parameters"": {""n"": {""description"": ""The position of the Fibonacci number."", ""type"": ""int""}}}]","{""tool"":""is_anagram_phrase"",""arguments"":{""phrase1"":""Astronomer"",""phrase2"":""Moon starer""}}",is_anagram_phrase,"{""phrase1"": ""Astronomer"", ""phrase2"": ""Moon starer""}"
24,"In a deck of 52 cards, what is the probability of drawing 5 hearts?","[{""name"": ""sort_numbers"", ""description"": ""Sorts a list of numbers in ascending or descending order."", ""parameters"": {""numbers"": {""description"": ""The list of numbers to be sorted."", ""type"": ""List[float]""}, ""descending"": {""description"": ""If True, sorts the numbers in descending order. Defaults to False."", ""type"": ""bool, optional""}}}, {""name"": ""calculate_standard_deviation"", ""description"": ""Calculates the standard deviation of a list of numbers."", ""parameters"": {""numbers"": {""description"": ""The list of numbers."", ""type"": ""List[Union[int, float]]""}}}, {""name"": ""cosine_similarity"", ""description"": ""Calculates the cosine similarity between two vectors."", ""parameters"": {""vector_a"": {""description"": ""The first vector."", ""type"": ""List[float]""}, ""vector_b"": {""description"": ""The second vector."", ""type"": ""List[float]""}}}, {""name"": ""calculate_card_game_probability"", ""description"": ""Calculate the probability of drawing a certain number of desired cards from a deck."", ""parameters"": {""total_cards"": {""description"": ""Total number of cards in the deck."", ""type"": ""int""}, ""desired_cards"": {""description"": ""Number of cards in the deck that satisfy the conditions."", ""type"": ""int""}, ""cards_drawn"": {""description"": ""Number of cards drawn from the deck."", ""type"": ""int""}}}, {""name"": ""factorial"", ""description"": ""Computes the factorial of a non-negative integer."", ""parameters"": {""n"": {""description"": ""The non-negative integer to compute the factorial of."", ""type"": ""int""}}}, {""name"": ""is_perfect_square"", ""description"": ""Checks if a number is a perfect square."", ""parameters"": {""num"": {""description"": ""The number to check."", ""type"": ""int""}}}, {""name"": ""is_power_of_two"", ""description"": ""Checks if a number is a power of two."", ""parameters"": {""num"": {""description"": ""The number to check."", ""type"": ""int""}}}]","{""tool"":""calculate_card_game_probability"",""arguments"":{""total_cards"":52,""desired_cards"":13,""cards_drawn"":5}}",calculate_card_game_probability,"{""total_cards"": 52, ""desired_cards"": 13, ""cards_drawn"": 5}"
25,Can you provide the albums of Taylor Swift from her Spotify page?,"[{""name"": ""get_artist_s_albums"", ""description"": ""Fetches and returns basic details about the albums of an artist from a given Spotify URL."", ""parameters"": {""spotify_url"": {""description"": ""The URL of the artist's Spotify page."", ""type"": ""str"", ""default"": ""https://open.spotify.com/artist/1nIUhcKHnK6iyumRyoV68C""}}}]","{""tool"":""get_artist_s_albums"",""arguments"":{""spotify_url"":""https://open.spotify.com/artist/1nIUhcKHnK6iyumRyoV68C""}}",get_artist_s_albums,"{""spotify_url"": ""https://open.spotify.com/artist/1nIUhcKHnK6iyumRyoV68C""}"
26,"Perform a Chi-Square test for independence on a contingency table [[30, 20], [15, 35]] with a significance level of 0.01.","[{""name"": ""find_longest_palindromic_substring"", ""description"": ""Finds the longest palindromic substring in a string."", ""parameters"": {""s"": {""description"": ""The input string."", ""type"": ""str""}}}, {""name"": ""find_pairs_with_sum"", ""description"": ""Finds all pairs of integers in a list that sum up to a target value."", ""parameters"": {""nums"": {""description"": ""The list of integers."", ""type"": ""List[int]""}, ""target"": {""description"": ""The target sum value."", ""type"": ""int""}}}, {""name"": ""chi_square_independence_test"", ""description"": ""Performs a Chi-Square test for independence on a 2x2 contingency table."", ""parameters"": {""contingency_table"": {""description"": ""A 2x2 contingency table represented as a list of lists."", ""type"": ""List[List[int]]"", ""default"": 0.05}, ""significance_level"": {""description"": ""The significance level for the Chi-Square test. Defaults to 0.05."", ""type"": ""float, optional"", ""default"": 0.05}}}, {""name"": ""expand_around_center"", ""description"": ""Helper function to expand around a center for finding palindromic substrings."", ""parameters"": {""s"": {""description"": ""The input string."", ""type"": ""str""}, ""left"": {""description"": ""The left index of the center."", ""type"": ""int""}, ""right"": {""description"": ""The right index of the center."", ""type"": ""int""}}}, {""name"": ""probability_of_consecutive_rolls"", ""description"": ""Calculates the probability of rolling a specific value on a die consecutively for a given number of rolls."", ""parameters"": {""target_value"": {""description"": ""The desired value to be rolled."", ""type"": ""int"", ""default"": 6}, ""num_rolls"": {""description"": ""The number of consecutive rolls."", ""type"": ""int"", ""default"": 6}, ""num_sides"": {""description"": ""The number of sides on the die. Defaults to 6."", ""type"": ""int, optional""}}}, {""name"": ""fibonacci_numbers"", ""description"": ""Generates the first n Fibonacci numbers."", ""parameters"": {""n"": {""description"": ""The number of Fibonacci numbers to generate."", ""type"": ""int""}}}]","{""tool"":""chi_square_independence_test"",""arguments"":{""contingency_table"":[[30,20],[15,35]],""significance_level"":0.01}}",chi_square_independence_test,"{""contingency_table"": [[30, 20], [15, 35]], ""significance_level"": 0.01}"
27,"What are the coordinates of Paris, France?","[{""name"": ""get_ip_location"", ""description"": ""Retrieves the latitude and longitude coordinates of a given IP address using the ip-api.com API."", ""parameters"": {""ip"": {""description"": ""The IP address to locate."", ""type"": ""str""}}}, {""name"": ""is_valid_email"", ""description"": ""Checks if an email address is valid."", ""parameters"": {""email"": {""description"": ""The email address to validate."", ""type"": ""str""}}}, {""name"": ""assess_diabetes_risk"", ""description"": ""Assesses the risk of developing type 2 diabetes based on body mass index (BMI) and physical activity level."", ""parameters"": {""weight_lbs"": {""description"": ""Body weight in pounds."", ""type"": ""int""}, ""height_inches"": {""description"": ""Height in inches."", ""type"": ""int""}, ""activity"": {""description"": ""Physical activity level. Allowed values: \""sedentary\"", \""lightly active\"", \""moderately active\"", or \""very active\""."", ""type"": ""str""}}}, {""name"": ""geocode_city"", ""description"": ""Retrieves the latitude and longitude coordinates of a given city using the Maps.co Geocoding API."", ""parameters"": {""city"": {""description"": ""The name of the city."", ""type"": ""str""}}}, {""name"": ""analyze_social_group_dynamics"", ""description"": ""Analyzes the social dynamics within a group based on the personality traits and group size."", ""parameters"": {""total"": {""description"": ""The total group size."", ""type"": ""int""}, ""extroverts"": {""description"": ""The number of extroverted members in the group."", ""type"": ""int""}, ""introverts"": {""description"": ""The number of introverted members in the group."", ""type"": ""int""}}}, {""name"": ""get_city_from_zipcode"", ""description"": ""Retrieves the city name for a given ZIP code using the Ziptastic API."", ""parameters"": {""zipcode"": {""description"": ""The ZIP code to look up."", ""type"": ""str""}}}, {""name"": ""get_dna_sequence"", ""description"": ""Retrieves the DNA sequence for a given sequence ID from the NCBI Nucleotide database."", ""parameters"": {""sequence_id"": {""description"": ""The unique identifier for the DNA sequence."", ""type"": ""str"", ""default"": ""fasta""}, ""file_format"": {""description"": ""The format of the returned sequence. Allowed values: \""fasta\"" (default) or \""gb\""."", ""type"": ""str, optional""}, ""upstream_bases"": {""description"": ""The number of bases upstream of the sequence to include. Defaults to 0."", ""type"": ""int, optional"", ""default"": ""fasta""}}}]","{""tool"":""geocode_city"",""arguments"":{""city"":""Paris, France""}}",geocode_city,"{""city"": ""Paris, France""}"
28,Could you generate 5 user profiles in French and 3 in Spanish?,"[{""name"": ""get_sample_userprofile"", ""description"": ""Generates fake user profile sample data using an external API."", ""parameters"": {""count"": {""description"": ""The number of profiles to generate. Defaults to 2. Maximum value is 1000."", ""type"": ""int, optional"", ""default"": ""2""}, ""locale"": {""description"": ""The locale to use for generating user profiles. Defaults to 'en'."", ""type"": ""str, optional"", ""default"": ""en""}}}]","{""tool"":""get_sample_userprofile"",""arguments"":{""count"":5,""locale"":""fr""}}",get_sample_userprofile,"{""count"": 5, ""locale"": ""fr""}"
29,"List the regions in Europe and Asia, each with a maximum of 30 results per page.","[{""name"": ""get_regions"", ""description"": ""Retrieves a list of regions based on provided search criteria."", ""parameters"": {""keyword"": {""description"": ""The keyword to search for regions. Defaults to 'asia'."", ""type"": ""str"", ""default"": ""asia""}, ""perpage"": {""description"": ""The number of regions to return per page. Defaults to 50."", ""type"": ""int"", ""default"": ""50""}, ""is_id"": {""description"": ""The ID of the region to search for. Defaults to None."", ""type"": ""str, optional"", ""default"": """"}, ""page"": {""description"": ""The number of regions to return per page. Defaults to 50."", ""type"": ""int"", ""default"": ""1""}}}, {""name"": ""measure_distance"", ""description"": ""Calculates the distance between two locations based on their latitude and longitude coordinates."", ""parameters"": {""lon1"": {""description"": ""Longitude of the first location."", ""type"": ""int"", ""default"": ""-1.6233086""}, ""lat2"": {""description"": ""Latitude of the second location."", ""type"": ""int"", ""default"": ""5.6037""}, ""lat1"": {""description"": ""Latitude of the first location."", ""type"": ""int"", ""default"": ""6.6985605""}, ""lon2"": {""description"": ""Longitude of the second location."", ""type"": ""int"", ""default"": ""-0.1870""}, ""unit"": {""description"": ""Unit of distance measurement. Valid options are 'km' (default), 'mi', 'ft', and 'yd'."", ""type"": ""str, optional"", ""default"": ""km""}}}]","{""tool"":""get_regions"",""arguments"":{""keyword"":""europe"",""perpage"":30,""is_id"":"""",""page"":1}}",get_regions,"{""keyword"": ""europe"", ""perpage"": 30, ""is_id"": """", ""page"": 1}"
30,I need to know the fixtures for the LPGA Tour in the 2023 season and the Asian Tour in the 2020 season. Could you use the fixtures function to retrieve this information?,"[{""name"": ""fixtures"", ""description"": ""Fetches and returns tournament fixtures for a given tour ID and season ID using the provided RapidAPI key."", ""parameters"": {""tour_id"": {""description"": ""Identifier for the tour."", ""type"": ""int"", ""default"": ""2""}, ""season_id"": {""description"": ""Identifier for the season."", ""type"": ""int"", ""default"": ""2021""}}}]","{""tool"":""fixtures"",""arguments"":{""tour_id"":2,""season_id"":2021}}",fixtures,"{""tour_id"": 2, ""season_id"": 2021}"
31,"Could you find the winning numbers for the Lotto America drawings on May 5, 2023 and August 8, 2023?","[{""name"": ""drawing_by_date"", ""description"": ""Fetch the winning Lotto America number set for a specific drawing date."", ""parameters"": {""date"": {""description"": ""The date of the Lotto America drawing in the format 'YYYY-MM-DD'."", ""type"": ""str"", ""default"": ""01-04-2023""}}}]","{""tool"":""drawing_by_date"",""arguments"":{""date"":""2023-05-05""}}",drawing_by_date,"{""date"": ""2023-05-05""}"
32,"Check the palindrome status of 'A Santa at NASA' and 'No sir, away! A papaya war is on.'","[{""name"": ""is_palindrome"", ""description"": ""Checks if a string is a palindrome."", ""parameters"": {""text"": {""description"": ""The input string."", ""type"": ""str""}}}]","{""tool"":""is_palindrome"",""arguments"":{""text"":""A Santa at NASA""}}",is_palindrome,"{""text"": ""A Santa at NASA""}"
33,Translate '你好，最近怎么样？' from Chinese to English and then get a voice response in a male anime character's voice.,"[{""name"": ""get_voice"", ""description"": ""Generates a voice response from the given text using the Anime Voice Waifu AI via RapidAPI."", ""parameters"": {""text"": {""description"": ""The text to be converted into voice."", ""type"": ""str"", ""default"": """"}, ""speaker"": {""description"": ""The speaker's voice to use for conversion. Defaults to None."", ""type"": ""str, optional"", ""default"": """"}}}, {""name"": ""translate"", ""description"": ""Translates the given text to the specified target language using the Joj Translate API."", ""parameters"": {""text"": {""description"": ""The text to be translated."", ""type"": ""str"", ""default"": ""article""}, ""target"": {""description"": ""The language to translate the text into."", ""type"": ""str"", ""default"": ""es""}, ""source"": {""description"": ""The source language of the text. Defaults to 'auto', which automatically detects the source language."", ""type"": ""str, optional"", ""default"": ""auto""}}}, {""name"": ""transliterate_any_to_latin"", ""description"": ""Transliterates the given text from any language to Latin script using the RapidAPI Webit Language Transliterate API."", ""parameters"": {""text"": {""description"": ""The text to be transliterated to Latin script."", ""type"": ""str"", ""default"": ""こんにちは。""}}}]","{""tool"":""translate"",""arguments"":{""text"":""你好，最近怎么样？"",""target"":""en"",""source"":""auto""}}",translate,"{""text"": ""你好，最近怎么样？"", ""target"": ""en"", ""source"": ""auto""}"
34,What is the range string for numbers from 10 to 20 and from 30 to 40?,"[{""name"": ""find_longest_word"", ""description"": ""Finds the longest word in a list of words."", ""parameters"": {""words"": {""description"": ""A list of words."", ""type"": ""List[str]""}}}, {""name"": ""is_valid_parentheses"", ""description"": ""Checks if a string contains valid parentheses."", ""parameters"": {""s"": {""description"": ""The input string."", ""type"": ""str""}}}, {""name"": ""get_range"", ""description"": ""Helper function to format the range string."", ""parameters"": {""start"": {""description"": ""The start of the range."", ""type"": ""int""}, ""end"": {""description"": ""The end of the range."", ""type"": ""int""}}}]","{""tool"":""get_range"",""arguments"":{""start"":10,""end"":20}}",get_range,"{""start"": 10, ""end"": 20}"
35,What is the current rate of rhodium compared to the Japanese Yen?,"[{""name"": ""latest_rates"", ""description"": ""Fetch the latest real-time exchange rate data for specified symbols and base currency."", ""parameters"": {""symbols"": {""description"": ""A list of comma-separated currency or metal codes to limit the output."", ""type"": ""str"", ""default"": ""XAU""}, ""base"": {""description"": ""The three-letter currency or metal code for the preferred base currency."", ""type"": ""str"", ""default"": ""USD""}}}]","{""tool"":""latest_rates"",""arguments"":{""symbols"":""RH"",""base"":""JPY""}}",latest_rates,"{""symbols"": ""RH"", ""base"": ""JPY""}"
36,"Compute the standard deviation for the dataset [7.1, 14.2, 21.3, 28.4, 35.5] and determine the number of permutations when selecting 5 items from a set of 11.","[{""name"": ""std_deviation"", ""description"": ""Calculates the standard deviation of a list of numbers."", ""parameters"": {""numbers"": {""description"": ""The list of numbers."", ""type"": ""List[float]""}}}, {""name"": ""permutation_count"", ""description"": ""Calculates the number of permutations of k elements from a set of n elements."", ""parameters"": {""n"": {""description"": ""The total number of elements in the set."", ""type"": ""int""}, ""k"": {""description"": ""The number of elements to choose for the permutation."", ""type"": ""int""}}}]","{""tool"":""std_deviation"",""arguments"":{""numbers"":[7.1,14.2,21.3,28.4,35.5]}}",std_deviation,"{""numbers"": [7.1, 14.2, 21.3, 28.4, 35.5]}"
37,Fetch the top 50 offers for the Amazon product with ASIN 'B08PPDJWC8' that are new and eligible for Prime delivery in Germany.,"[{""name"": ""product_offers"", ""description"": ""Fetch all offers available for a specific product, given its product ID, and optional country and language preferences."", ""parameters"": {""product_id"": {""description"": ""The ID of the product for which to fetch offers."", ""type"": ""str"", ""default"": ""11577822456427762145""}, ""country"": {""description"": ""Country code of the region/country to return offers for. Default is 'us'. Valid values can be found at https://en.wikipedia.org/wiki/ISO_3166-1_alpha-2."", ""type"": ""str, optional"", ""default"": ""us""}, ""language"": {""description"": ""The language of the results. Default is 'en'. Valid values can be found at https://en.wikipedia.org/wiki/List_of_ISO_639-1_codes."", ""type"": ""str, optional"", ""default"": ""en""}}}, {""name"": ""product_offers"", ""description"": ""Fetches a list of offers for a specific product on Amazon based on the given ASIN."", ""parameters"": {""asin"": {""description"": ""Product ASIN to get offers for. Supports batching up to 10 ASINs in a single request, separated by a comma (e.g., 'B08PPDJWC8,B07ZPKBL9V,B08BHXG144')."", ""type"": ""str"", ""default"": ""B07ZPKBL9V""}, ""delivery"": {""description"": ""[EXPERIMENTAL] Find products with specific delivery options, specified as a comma-delimited list. Valid values: 'PRIME_ELIGIBLE', 'FREE_DELIVERY'. Default is None."", ""type"": ""str, optional"", ""default"": """"}, ""limit"": {""description"": ""Maximum number of offers to return. Default is 100."", ""type"": ""int, optional"", ""default"": ""100""}, ""product_condition"": {""description"": ""Filter products by condition, specified as a comma-delimited list. Valid values: 'NEW', 'USED_LIKE_NEW', 'USED_VERY_GOOD', 'USED_GOOD', 'USED_ACCEPTABLE'. Default is None."", ""type"": ""str, optional"", ""default"": """"}, ""country"": {""description"": ""Sets the marketplace country, language, and currency. Allowed values: 'US', 'AU', 'BR', 'CA', 'CN', 'FR', 'DE', 'IN', 'IT', 'MX', 'NL', 'SG', 'ES', 'TR', 'AE', 'GB', 'JP'. Default is 'US'."", ""type"": ""str, optional"", ""default"": ""US""}}}, {""name"": ""products_search_by_barcode"", ""description"": ""Search for a product in the Kohl's database using its UPC barcode."", ""parameters"": {""upc"": {""description"": ""The Universal Product Code of the product to be searched."", ""type"": ""str"", ""default"": ""194574942221""}}}, {""name"": ""get"", ""description"": ""Fetches and returns delivery status data from the e-commerce delivery status API."", ""parameters"": {""getdata"": {""description"": ""An optional query string to include in the API request. Defaults to None."", ""type"": ""str, optional"", ""default"": """"}}}]","{""tool"":""product_offers"",""arguments"":{""asin"":""B08PPDJWC8"",""delivery"":""PRIME_ELIGIBLE"",""limit"":50,""product_condition"":""NEW"",""country"":""DE""}}",product_offers,"{""asin"": ""B08PPDJWC8"", ""delivery"": ""PRIME_ELIGIBLE"", ""limit"": 50, ""product_condition"": ""NEW"", ""country"": ""DE""}"
38,Reverse the phrase 'Open the door' and locate all .docx files within the 'work' directory.,"[{""name"": ""reverse_words"", ""description"": ""Reverses the order of words in a sentence."", ""parameters"": {""sentence"": {""description"": ""The input sentence."", ""type"": ""str""}}}, {""name"": ""find_files"", ""description"": ""Finds all files with a specific extension in a directory and its subdirectories."", ""parameters"": {""directory"": {""description"": ""The directory to search in."", ""type"": ""str""}, ""extension"": {""description"": ""The file extension to search for."", ""type"": ""str""}}}]","{""tool"":""reverse_words"",""arguments"":{""sentence"":""Open the door""}}",reverse_words,"{""sentence"": ""Open the door""}"
39,"Check if 19 and 29 are prime numbers. Also, find a peak in the array [3, 6, 9, 12, 15, 18].","[{""name"": ""is_prime"", ""description"": ""Checks if a number is prime."", ""parameters"": {""num"": {""description"": ""The number to be checked."", ""type"": ""int""}}}, {""name"": ""find_peak_element"", ""description"": ""Finds a peak element in a list of integers."", ""parameters"": {""nums"": {""description"": ""The list of integers."", ""type"": ""List[int]""}}}, {""name"": ""dice_roll_probability"", ""description"": ""Calculates the probability of rolling a specific sum with a given number of dice, each having a certain number of faces."", ""parameters"": {""target_sum"": {""description"": ""The target sum to calculate the probability for."", ""type"": ""int"", ""default"": 6}, ""num_dice"": {""description"": ""The number of dice being rolled."", ""type"": ""int"", ""default"": 6}, ""num_faces"": {""description"": ""The number of faces on each die. Defaults to 6."", ""type"": ""int, optional""}}}]","{""tool"":""is_prime"",""arguments"":{""num"":19}}",is_prime,"{""num"": 19}"
40,What is the density of a substance with a mass of 750 kg and a volume of 0.75 cubic meters?,"[{""name"": ""euclidean_distance"", ""description"": ""Computes the Euclidean distance between two points in a 2D plane."", ""parameters"": {""point_a"": {""description"": ""The coordinates of the first point (x, y)."", ""type"": ""Tuple[float, float]""}, ""point_b"": {""description"": ""The coordinates of the second point (x, y)."", ""type"": ""Tuple[float, float]""}}}, {""name"": ""chi_square_independence_test"", ""description"": ""Performs a Chi-Square test for independence on a 2x2 contingency table."", ""parameters"": {""contingency_table"": {""description"": ""A 2x2 contingency table represented as a list of lists."", ""type"": ""List[List[int]]"", ""default"": 0.05}, ""significance_level"": {""description"": ""The significance level for the Chi-Square test. Defaults to 0.05."", ""type"": ""float, optional"", ""default"": 0.05}}}, {""name"": ""density"", ""description"": ""Calculates the density of an object given its mass and volume."", ""parameters"": {""mass"": {""description"": ""The mass of the object."", ""type"": ""float""}, ""volume"": {""description"": ""The volume of the object."", ""type"": ""float""}}}, {""name"": ""create_histogram"", ""description"": ""Create a histogram based on provided data."", ""parameters"": {""data"": {""description"": ""The data for which histogram needs to be plotted."", ""type"": ""list"", ""default"": 10}, ""bins"": {""description"": ""The number of equal-width bins in the range. Default is 10."", ""type"": ""int"", ""default"": 10}}}, {""name"": ""final_velocity"", ""description"": ""Calculates the final velocity of an object given its initial velocity, acceleration, and time."", ""parameters"": {""initial_velocity"": {""description"": ""The initial velocity of the object."", ""type"": ""float""}, ""acceleration"": {""description"": ""The acceleration of the object."", ""type"": ""float""}, ""time"": {""description"": ""The time elapsed."", ""type"": ""float""}}}]","{""tool"":""density"",""arguments"":{""mass"":750,""volume"":0.75}}",density,"{""mass"": 750, ""volume"": 0.75}"
41,Can you provide details about the product with ASIN 'B07ZPCLZNJ' from the Amazon US domain?,"[{""name"": ""product_data"", ""description"": ""Fetches detailed information about a specific product from the Ecommerce Product API."", ""parameters"": {""product"": {""description"": ""The name of the product to retrieve information for."", ""type"": ""str"", ""default"": ""phone""}, ""page"": {""description"": ""The page number for paginated results. Defaults to 1."", ""type"": ""int, optional"", ""default"": ""1""}}}, {""name"": ""get_1688_product_detail"", ""description"": ""Fetches detail of a product from 1688 using the provided product ID and RapidAPI key."", ""parameters"": {""is_id"": {""description"": ""The ID of the product to fetch details for from 1688."", ""type"": ""int"", ""default"": 601513403951}}}, {""name"": ""products_list"", ""description"": ""Fetches a list of products from a specified category with options for filtering and sorting."", ""parameters"": {""adp"": {""description"": ""The value of 'goodsId' returned by the endpoint `/navigations/get-node-content`."", ""type"": ""str"", ""default"": ""10170797""}, ""cat_id"": {""description"": ""The value of 'hrefTarget' returned by the endpoint `/navigations/get-node-content`."", ""type"": ""str"", ""default"": ""1980""}, ""max_price"": {""description"": ""The maximum price to filter products. Defaults to None."", ""type"": ""int, optional"", ""default"": """"}, ""sort"": {""description"": ""Sorting option for the product list."", ""type"": ""int, optional"", ""default"": ""7""}, ""min_price"": {""description"": ""The minimum price to filter products. Defaults to None."", ""type"": ""int, optional"", ""default"": """"}, ""filter"": {""description"": ""A string representing attribute filters in the format `{attr_id}_{attr_value_id}`, separated by commas for multiple filters. Defaults to None."", ""type"": ""str, optional"", ""default"": """"}, ""currency"": {""description"": ""The 3-letter currency code. Defaults to 'USD'."", ""type"": ""str, optional"", ""default"": ""USD""}, ""page"": {""description"": ""The page index for pagination. Defaults to 1."", ""type"": ""int, optional"", ""default"": ""1""}, ""limit"": {""description"": ""The number of items per page. Defaults to 20."", ""type"": ""int, optional"", ""default"": ""20""}, ""country"": {""description"": ""The 2-letter country code. Defaults to 'US'."", ""type"": ""str, optional"", ""default"": ""US""}, ""language"": {""description"": ""The 2-letter language code. Defaults to 'en'."", ""type"": ""str, optional"", ""default"": ""en""}}}, {""name"": ""product_details"", ""description"": ""Fetch product details from the given URL using the Axesso Kaufland Data Service API."", ""parameters"": {""url"": {""description"": ""The URL of the product to look up."", ""type"": ""str"", ""default"": ""https://www.kaufland.de/product/349303242/""}}}, {""name"": ""main_endpoint"", ""description"": ""Fetches product information from the Amazon Pricing and Product Info API using the given ASIN and domain."", ""parameters"": {""asin"": {""description"": ""The Amazon Standard Identification Number of the product."", ""type"": ""str"", ""default"": ""B07GR5MSKD""}, ""domain"": {""description"": ""The domain from which to fetch the product information (e.g., 'com', 'co.uk')."", ""type"": ""str"", ""default"": ""de""}}}]","{""tool"":""main_endpoint"",""arguments"":{""asin"":""B07ZPCLZNJ"",""domain"":""com""}}",main_endpoint,"{""asin"": ""B07ZPCLZNJ"", ""domain"": ""com""}"
42,"Find the weighted average for [78, 84, 91] with weights [0.3, 0.4, 0.3], and check if 370 is a sum of cubes.","[{""name"": ""calculate_grade"", ""description"": ""Calculates the weighted average grade based on scores and their corresponding weights."", ""parameters"": {""scores"": {""description"": ""A list of scores."", ""type"": ""List[float]""}, ""weights"": {""description"": ""A list of weights corresponding to each score."", ""type"": ""List[float]""}}}, {""name"": ""is_sum_of_cubes"", ""description"": ""Checks if a number is the sum of the cubes of its digits."", ""parameters"": {""num"": {""description"": ""The number to check."", ""type"": ""int""}}}]","{""tool"":""calculate_grade"",""arguments"":{""scores"":[78,84,91],""weights"":[0.3,0.4,0.3]}}",calculate_grade,"{""scores"": [78, 84, 91], ""weights"": [0.3, 0.4, 0.3]}"
43,"Determine the index of 9 in the sequence [1, 3, 5, 7, 9, 11, 13, 15, 17] and reverse the statement 'Machine learning is powerful'.","[{""name"": ""binary_search"", ""description"": ""Performs binary search on a sorted list to find the index of a target value."", ""parameters"": {""arr"": {""description"": ""The sorted list of integers."", ""type"": ""List[int]""}, ""target"": {""description"": ""The target value to search for."", ""type"": ""int""}}}, {""name"": ""reverse_words"", ""description"": ""Reverses the order of words in a sentence."", ""parameters"": {""sentence"": {""description"": ""The input sentence."", ""type"": ""str""}}}]","{""tool"":""binary_search"",""arguments"":{""arr"":[1,3,5,7,9,11,13,15,17],""target"":9}}",binary_search,"{""arr"": [1, 3, 5, 7, 9, 11, 13, 15, 17], ""target"": 9}"
44,"Search for companies in 'healthcare,biotech' and get case details for 'case999'.","[{""name"": ""loginuser"", ""description"": ""Logs in a user by sending their credentials to a specified endpoint."", ""parameters"": {""username"": {""description"": ""The user's username for login."", ""type"": ""str"", ""default"": """"}, ""password"": {""description"": ""The user's password for login in clear text."", ""type"": ""str"", ""default"": """"}}}, {""name"": ""get_case_by_id"", ""description"": ""Fetch the case payload from the Yardillo API using the given case ID."", ""parameters"": {""is_id"": {""description"": ""The ID of the case to fetch."", ""type"": ""str"", ""default"": ""611c0765e9308692195b8538""}}}, {""name"": ""label_templates"", ""description"": ""Fetches a list of label templates filtered by various parameters such as paper format, brand, label size, and shape."", ""parameters"": {""format"": {""description"": ""The paper format, either 'Letter' (8.5 inch by 11 inch) or 'A4' (210 mm by 297 mm)."", ""type"": ""str"", ""default"": ""letter""}, ""brand"": {""description"": ""The name of the label manufacturer. Default is 'avery'. Possible values include 'Avery', 'Herma', 'Onlinelabels', 'Uline', 'Megastar', 'Sheetlabels'."", ""type"": ""str, optional"", ""default"": ""avery""}, ""height"": {""description"": ""The height of the label."", ""type"": ""str, optional"", ""default"": """"}, ""code"": {""description"": ""A string representing approximate label sizes in the format [width]x[height]. Default is '2x2'."", ""type"": ""str, optional"", ""default"": ""2x2""}, ""width"": {""description"": ""The width of the label."", ""type"": ""str, optional"", ""default"": """"}, ""shape"": {""description"": ""The shape of the label. Valid values include 'square', 'rectangle', 'circle', 'oval'."", ""type"": ""str, optional"", ""default"": """"}}}, {""name"": ""label_template_brands"", ""description"": ""Returns the list of blank label sheet brands supported by Ecardify on the given date."", ""parameters"": {""format"": {""description"": ""The paper size format, which can be either \""Letter\"" (8.5 inch by 11 inch) or \""A4\"" (210 mm by 297 mm)."", ""type"": ""str"", ""default"": ""a4""}}}, {""name"": ""search"", ""description"": ""This function performs a search query using the Market Intelligence by Automata API, returning information about related companies based on the provided search terms."", ""parameters"": {""terms"": {""description"": ""Search terms separated by commas, which are used to filter the companies. Example: 'cloud computing,enterprise,security'."", ""type"": ""str"", ""default"": """"}, ""page"": {""description"": ""Page number for paginated search results. Default is '0'. Example: '0', '1', '2', etc."", ""type"": ""str, optional"", ""default"": ""0""}}}, {""name"": ""get_all_images_of_an_collection"", ""description"": ""Fetches all images from a specified collection using the Pulsar6 API."", ""parameters"": {""is_id"": {""description"": ""The ID of the collection to retrieve images from."", ""type"": ""str"", ""default"": """"}}}, {""name"": ""convert_url_to_image"", ""description"": ""Converts a URL to an image by making a GET request to the Cloudlayer.io API."", ""parameters"": {""url"": {""description"": ""The URL to be converted to an image."", ""type"": ""str"", ""default"": ""https://google.com""}, ""timeout"": {""description"": ""The request timeout in milliseconds. Defaults to None."", ""type"": ""int, optional"", ""default"": """"}}}, {""name"": ""similar"", ""description"": ""Fetches information about companies related to the provided website link."", ""parameters"": {""link"": {""description"": ""The website link to identify related companies. For example, 'ibm.com'."", ""type"": ""str"", ""default"": """"}, ""page"": {""description"": ""Page number of search results. Default is '0'."", ""type"": ""str, optional"", ""default"": ""0""}}}]","{""tool"":""search"",""arguments"":{""terms"":""healthcare,biotech"",""page"":""0""}}",search,"{""terms"": ""healthcare,biotech"", ""page"": ""0""}"
45,Check if the number 'two hundred and fifty-six' is a power of two.,"[{""name"": ""is_power_of_two"", ""description"": ""Checks if a number is a power of two."", ""parameters"": {""num"": {""description"": ""The number to check."", ""type"": ""int""}}}, {""name"": ""dice_roll_probability"", ""description"": ""Calculates the probability of rolling a specific sum with a given number of dice, each having a certain number of faces."", ""parameters"": {""target_sum"": {""description"": ""The target sum to calculate the probability for."", ""type"": ""int"", ""default"": 6}, ""num_dice"": {""description"": ""The number of dice being rolled."", ""type"": ""int"", ""default"": 6}, ""num_faces"": {""description"": ""The number of faces on each die. Defaults to 6."", ""type"": ""int, optional""}}}, {""name"": ""mean_confidence_interval"", ""description"": ""Calculates the confidence interval for a sample mean."", ""parameters"": {""std_dev"": {""description"": ""The standard deviation of the sample."", ""type"": ""float"", ""default"": 0.95}, ""sample_size"": {""description"": ""The size of the sample."", ""type"": ""int"", ""default"": 0.95}, ""mean"": {""description"": ""The mean of the sample."", ""type"": ""float""}, ""confidence"": {""description"": ""The desired confidence level. Default is 0.95."", ""type"": ""float, optional""}}}]","{""tool"":""is_power_of_two"",""arguments"":{""num"":256}}",is_power_of_two,"{""num"": 256}"
46,Simulate querying a database for users who are active and have a role of 'admin' in the 'users' table.,"[{""name"": ""simulate_query_database"", ""description"": ""Simulates querying a database based on certain conditions."", ""parameters"": {""table"": {""description"": ""Name of the table to query."", ""type"": ""str""}, ""conditions"": {""description"": ""Conditions for the query, each condition is a dictionary."", ""type"": ""list""}}}, {""name"": ""is_leap_year"", ""description"": ""Checks if a year is a leap year."", ""parameters"": {""year"": {""description"": ""The year to check."", ""type"": ""int""}}}, {""name"": ""get_ip_location"", ""description"": ""Retrieves the latitude and longitude coordinates of a given IP address using the ip-api.com API."", ""parameters"": {""ip"": {""description"": ""The IP address to locate."", ""type"": ""str""}}}]","{""tool"":""simulate_query_database"",""arguments"":{""table"":""users"",""conditions"":[{""field"":""active"",""operator"":""="",""value"":true},{""field"":""role"",""operator"":""="",""value"":""admin""}]}}",simulate_query_database,"{""table"": ""users"", ""conditions"": [{""field"": ""active"", ""operator"": ""="", ""value"": true}, {""field"": ""role"", ""operator"": ""="", ""value"": ""admin""}]}"
47,"Please calculate the factorial of 45. Also, do you have any recommendations for a good book?","[{""name"": ""calculate_factorial"", ""description"": ""Calculates the factorial of a non-negative integer."", ""parameters"": {""n"": {""description"": ""The non-negative integer."", ""type"": ""int""}}}]","{""tool"":""calculate_factorial"",""arguments"":{""n"":45}}",calculate_factorial,"{""n"": 45}"
48,Integrate the function 2x + 3 from -2 to 2 using the trapezoidal rule with 5000 subdivisions.,"[{""name"": ""is_power"", ""description"": ""Checks if a number is a power of a given base."", ""parameters"": {""num"": {""description"": ""The number to check."", ""type"": ""int""}, ""base"": {""description"": ""The base to check against."", ""type"": ""int""}}}, {""name"": ""trapezoidal_integration"", ""description"": ""Calculates the definite integral of a function using the trapezoidal rule."", ""parameters"": {""func"": {""description"": ""The function to integrate, expressed as a string (e.g., \""x**2 + 2*x\"")."", ""type"": ""str"", ""default"": 10000}, ""a"": {""description"": ""The lower limit of integration."", ""type"": ""float"", ""default"": 10000}, ""b"": {""description"": ""The upper limit of integration."", ""type"": ""float""}, ""n"": {""description"": ""The number of subdivisions for the trapezoidal approximation. Defaults to 10000."", ""type"": ""int, optional""}}}, {""name"": ""cagr"", ""description"": ""Calculates the Compound Annual Growth Rate (CAGR) of an investment."", ""parameters"": {""start_value"": {""description"": ""The initial value of the investment."", ""type"": ""float""}, ""end_value"": {""description"": ""The final value of the investment."", ""type"": ""float""}, ""years"": {""description"": ""The number of years between the initial and final values."", ""type"": ""int""}}}, {""name"": ""is_perfect_square"", ""description"": ""Checks if a number is a perfect square."", ""parameters"": {""num"": {""description"": ""The number to check."", ""type"": ""int""}}}]","{""tool"":""trapezoidal_integration"",""arguments"":{""func"":""2*x + 3"",""a"":-2,""b"":2,""n"":5000}}",trapezoidal_integration,"{""func"": ""2*x + 3"", ""a"": -2, ""b"": 2, ""n"": 5000}"
49,"Merge two dictionaries where the first contains {'a': 1, 'b': 2} and the second contains {'b': 3, 'c': 4}.","[{""name"": ""find_longest_word"", ""description"": ""Finds the longest word in a list of words."", ""parameters"": {""words"": {""description"": ""A list of words."", ""type"": ""List[str]""}}}, {""name"": ""find_missing_number"", ""description"": ""Finds the missing number in a list of integers from 0 to n."", ""parameters"": {""nums"": {""description"": ""The list of integers."", ""type"": ""List[int]""}}}, {""name"": ""merge_dictionaries"", ""description"": ""Merges two dictionaries into a single dictionary."", ""parameters"": {""dict1"": {""description"": ""The first dictionary."", ""type"": ""Dict""}, ""dict2"": {""description"": ""The second dictionary."", ""type"": ""Dict""}}}]","{""tool"":""merge_dictionaries"",""arguments"":{""dict1"":{""a"":1,""b"":2},""dict2"":{""b"":3,""c"":4}}}",merge_dictionaries,"{""dict1"": {""a"": 1, ""b"": 2}, ""dict2"": {""b"": 3, ""c"": 4}}"
50,What city is associated with the ZIP code 10001?,"[{""name"": ""get_city_from_zipcode"", ""description"": ""Retrieves the city name for a given ZIP code using the Ziptastic API."", ""parameters"": {""zipcode"": {""description"": ""The ZIP code to look up."", ""type"": ""str""}}}, {""name"": ""calculate_calorie_intake"", ""description"": ""Calculates the recommended daily calorie intake and macronutrient distribution based on personal characteristics and goals."", ""parameters"": {""weight_kg"": {""description"": ""Body weight in kilograms."", ""type"": ""float""}, ""height_cm"": {""description"": ""Height in centimeters."", ""type"": ""float""}, ""age"": {""description"": ""Age in years."", ""type"": ""int""}, ""sex"": {""description"": ""Biological sex, either 'male' or 'female'."", ""type"": ""str""}, ""activity_level"": {""description"": ""Activity level on a scale of 1 to 5 (1 = sedentary, 5 = extremely active)."", ""type"": ""int""}, ""goal"": {""description"": ""Fitness goal, either 'lose', 'maintain', or 'gain'."", ""type"": ""str""}}}]","{""tool"":""get_city_from_zipcode"",""arguments"":{""zipcode"":""10001""}}",get_city_from_zipcode,"{""zipcode"": ""10001""}"
51,"Check if 153 is an Armstrong number and perform a binary search for the number 25 in the list [1, 5, 10, 15, 20, 25].","[{""name"": ""binary_search"", ""description"": ""Performs binary search on a sorted list to find the index of a target value."", ""parameters"": {""arr"": {""description"": ""The sorted list of integers."", ""type"": ""List[int]""}, ""target"": {""description"": ""The target value to search for."", ""type"": ""int""}}}, {""name"": ""find_files"", ""description"": ""Finds all files with a specific extension in a directory and its subdirectories."", ""parameters"": {""directory"": {""description"": ""The directory to search in."", ""type"": ""str""}, ""extension"": {""description"": ""The file extension to search for."", ""type"": ""str""}}}, {""name"": ""format_date"", ""description"": ""Converts a date string from one format to another."", ""parameters"": {""date"": {""description"": ""The date string to convert."", ""type"": ""str""}, ""input_format"": {""description"": ""The format of the input date string."", ""type"": ""str""}, ""output_format"": {""description"": ""The desired format of the output date string."", ""type"": ""str""}}}, {""name"": ""is_armstrong_number"", ""description"": ""Checks if a number is an Armstrong number."", ""parameters"": {""num"": {""description"": ""The number to check."", ""type"": ""int""}}}]","{""tool"":""is_armstrong_number"",""arguments"":{""num"":153}}",is_armstrong_number,"{""num"": 153}"
52,"Determine the smallest number in a rotated sorted array [4, 5, 6, 1, 2, 3].","[{""name"": ""find_minimum_rotated_sorted_array"", ""description"": ""Finds the minimum element in a rotated sorted array."", ""parameters"": {""nums"": {""description"": ""The rotated sorted array."", ""type"": ""List[int]""}}}]","{""tool"":""find_minimum_rotated_sorted_array"",""arguments"":{""nums"":[4,5,6,1,2,3]}}",find_minimum_rotated_sorted_array,"{""nums"": [4, 5, 6, 1, 2, 3]}"
53,What is the frequency of the word 'Python' in the text 'Python is a powerful language for data analysis. Python also supports object-oriented programming.'?,"[{""name"": ""reverse_string"", ""description"": ""Reverses the characters in a string."", ""parameters"": {""text"": {""description"": ""The input string."", ""type"": ""str""}}}, {""name"": ""word_frequency"", ""description"": ""Calculates the frequency of each word in a text."", ""parameters"": {""text"": {""description"": ""The input text."", ""type"": ""str""}}}]","{""tool"":""word_frequency"",""arguments"":{""text"":""Python is a powerful language for data analysis. Python also supports object-oriented programming.""}}",word_frequency,"{""text"": ""Python is a powerful language for data analysis. Python also supports object-oriented programming.""}"
54,Determine the 95% confidence interval for a sample mean of 50 with a standard deviation of 10 and a sample size of 100.,"[{""name"": ""linear_regression_prediction"", ""description"": ""Predicts the y-value for a given x-value using linear regression."", ""parameters"": {""x_values"": {""description"": ""The x-coordinates of the data points."", ""type"": ""List[float]""}, ""y_values"": {""description"": ""The y-coordinates of the data points."", ""type"": ""List[float]""}, ""target_x"": {""description"": ""The x-value for which to predict the y-value."", ""type"": ""float""}}}, {""name"": ""california_alimony"", ""description"": ""Calculates the total alimony one spouse would have to pay to the other in California over a given duration."", ""parameters"": {""payor_monthly_income"": {""description"": ""The monthly gross income of the payor spouse."", ""type"": ""int""}, ""recipient_monthly_income"": {""description"": ""The monthly gross income of the recipient spouse."", ""type"": ""int""}, ""duration_years"": {""description"": ""The duration of the alimony in years."", ""type"": ""int""}}}, {""name"": ""mean_confidence_interval"", ""description"": ""Calculates the confidence interval for a sample mean."", ""parameters"": {""std_dev"": {""description"": ""The standard deviation of the sample."", ""type"": ""float"", ""default"": 0.95}, ""sample_size"": {""description"": ""The size of the sample."", ""type"": ""int"", ""default"": 0.95}, ""mean"": {""description"": ""The mean of the sample."", ""type"": ""float""}, ""confidence"": {""description"": ""The desired confidence level. Default is 0.95."", ""type"": ""float, optional""}}}]","{""tool"":""mean_confidence_interval"",""arguments"":{""std_dev"":10,""sample_size"":100,""mean"":50,""confidence"":0.95}}",mean_confidence_interval,"{""std_dev"": 10, ""sample_size"": 100, ""mean"": 50, ""confidence"": 0.95}"
55,Check if 216 is a power of 6.,"[{""name"": ""cell_density"", ""description"": ""Calculates the cell density based on the optical density (OD) and dilution factor."", ""parameters"": {""od"": {""description"": ""The optical density of the sample."", ""type"": ""float"", ""default"": 1000000000.0}, ""dilution"": {""description"": ""The dilution factor applied to the sample."", ""type"": ""int"", ""default"": 1000000000.0}, ""factor"": {""description"": ""The calibration factor for converting OD to cell density. Defaults to 1e9."", ""type"": ""float, optional""}}}, {""name"": ""is_power"", ""description"": ""Checks if a number is a power of a given base."", ""parameters"": {""num"": {""description"": ""The number to check."", ""type"": ""int""}, ""base"": {""description"": ""The base to check against."", ""type"": ""int""}}}, {""name"": ""sort_numbers"", ""description"": ""Sorts a list of numbers in ascending or descending order."", ""parameters"": {""numbers"": {""description"": ""The list of numbers to be sorted."", ""type"": ""List[float]""}, ""descending"": {""description"": ""If True, sorts the numbers in descending order. Defaults to False."", ""type"": ""bool, optional""}}}]","{""tool"":""is_power"",""arguments"":{""num"":216,""base"":6}}",is_power,"{""num"": 216, ""base"": 6}"
56,"Take a screenshot of the New York Times homepage with a custom resolution of 1280x720, but not in fullscreen mode.","[{""name"": ""screenshot_endpoint"", ""description"": ""Takes a screenshot of a specified webpage URL with given dimensions."", ""parameters"": {""height"": {""description"": ""The height of the screenshot in pixels."", ""type"": ""str"", ""default"": ""1080""}, ""url"": {""description"": ""The URL of the webpage to capture."", ""type"": ""str"", ""default"": ""https://rapidapi.com/marketplace""}, ""width"": {""description"": ""The width of the screenshot in pixels."", ""type"": ""str"", ""default"": ""1920""}, ""fullscreen"": {""description"": ""Whether to capture the screenshot in fullscreen mode. Defaults to 'true'."", ""type"": ""str, optional"", ""default"": ""true""}}}, {""name"": ""property_details"", ""description"": ""Retrieves property details from Zillow using the provided property ID and RapidAPI key."", ""parameters"": {""zpid"": {""description"": ""The unique Zillow property ID for which details are being requested."", ""type"": ""str"", ""default"": ""61975204""}}}]","{""tool"":""screenshot_endpoint"",""arguments"":{""height"":""720"",""url"":""https://www.nytimes.com"",""width"":""1280"",""fullscreen"":""false""}}",screenshot_endpoint,"{""height"": ""720"", ""url"": ""https://www.nytimes.com"", ""width"": ""1280"", ""fullscreen"": ""false""}"
57,Retrieve Azure learning resources from page 3.,"[{""name"": ""random_crypto"", ""description"": ""Generates a list of fake cryptocurrency assets using the Random Crypto API."", ""parameters"": {""size"": {""description"": ""Number of fake cryptocurrency assets to generate. Default is 5."", ""type"": ""int, optional"", ""default"": ""5""}}}, {""name"": ""google_maps_data_id"", ""description"": ""Fetches the JSON results of the data ID for a specific place using the Google Maps API via RapidAPI."", ""parameters"": {""query"": {""description"": ""The query string used to search for the place."", ""type"": ""str"", ""default"": ""Statue Of Liberty""}, ""gl"": {""description"": ""The geographical location from which to execute the query. Defaults to 'us'."", ""type"": ""str, optional"", ""default"": ""us""}}}, {""name"": ""getlearningresources"", ""description"": ""Fetches Azure learning resources from a specified page using RapidAPI."", ""parameters"": {""page"": {""description"": ""The page number for the learning resources to be fetched."", ""type"": ""int"", ""default"": ""1""}}}]","{""tool"":""getlearningresources"",""arguments"":{""page"":3}}",getlearningresources,"{""page"": 3}"
58,"Please merge sorted lists [10, 20, 30] and [15, 25, 35] and calculate the median of the result.","[{""name"": ""merge_sorted_lists"", ""description"": ""Merges two sorted lists into a single sorted list."", ""parameters"": {""list1"": {""description"": ""The first sorted list."", ""type"": ""List[int]""}, ""list2"": {""description"": ""The second sorted list."", ""type"": ""List[int]""}}}, {""name"": ""calculate_median"", ""description"": ""Calculates the median of a list of numbers."", ""parameters"": {""numbers"": {""description"": ""The list of numbers."", ""type"": ""List[Union[int, float]]""}}}]","{""tool"":""merge_sorted_lists"",""arguments"":{""list1"":[10,20,30],""list2"":[15,25,35]}}",merge_sorted_lists,"{""list1"": [10, 20, 30], ""list2"": [15, 25, 35]}"
59,"Perform an independent samples t-test on two samples [1, 2, 3, 4, 5] and [2, 3, 4, 5, 6] with a significance level of 0.05.","[{""name"": ""cagr"", ""description"": ""Calculates the Compound Annual Growth Rate (CAGR) of an investment."", ""parameters"": {""start_value"": {""description"": ""The initial value of the investment."", ""type"": ""float""}, ""end_value"": {""description"": ""The final value of the investment."", ""type"": ""float""}, ""years"": {""description"": ""The number of years between the initial and final values."", ""type"": ""int""}}}, {""name"": ""is_power"", ""description"": ""Checks if a number is a power of a given base."", ""parameters"": {""num"": {""description"": ""The number to check."", ""type"": ""int""}, ""base"": {""description"": ""The base to check against."", ""type"": ""int""}}}, {""name"": ""euclidean_distance"", ""description"": ""Computes the Euclidean distance between two points in a 2D plane."", ""parameters"": {""point_a"": {""description"": ""The coordinates of the first point (x, y)."", ""type"": ""Tuple[float, float]""}, ""point_b"": {""description"": ""The coordinates of the second point (x, y)."", ""type"": ""Tuple[float, float]""}}}, {""name"": ""trapezoidal_integration"", ""description"": ""Calculates the definite integral of a function using the trapezoidal rule."", ""parameters"": {""func"": {""description"": ""The function to integrate, expressed as a string (e.g., \""x**2 + 2*x\"")."", ""type"": ""str"", ""default"": 10000}, ""a"": {""description"": ""The lower limit of integration."", ""type"": ""float"", ""default"": 10000}, ""b"": {""description"": ""The upper limit of integration."", ""type"": ""float""}, ""n"": {""description"": ""The number of subdivisions for the trapezoidal approximation. Defaults to 10000."", ""type"": ""int, optional""}}}, {""name"": ""find_minimum_rotated_sorted_array"", ""description"": ""Finds the minimum element in a rotated sorted array."", ""parameters"": {""nums"": {""description"": ""The rotated sorted array."", ""type"": ""List[int]""}}}, {""name"": ""independent_samples_t_test"", ""description"": ""Conducts a two-sample independent t-test and returns the t-statistic, p-value, and conclusion."", ""parameters"": {""sample1"": {""description"": ""The first sample of observations."", ""type"": ""List[float]"", ""default"": 0.05}, ""sample2"": {""description"": ""The second sample of observations."", ""type"": ""List[float]"", ""default"": 0.05}, ""alpha"": {""description"": ""The significance level of the test. Defaults to 0.05."", ""type"": ""float, optional""}}}, {""name"": ""triangle_area"", ""description"": ""Computes the area of a triangle given its base and height."", ""parameters"": {""base"": {""description"": ""The length of the base of the triangle."", ""type"": ""float""}, ""height"": {""description"": ""The height of the triangle."", ""type"": ""float""}}}, {""name"": ""find_equilibrium_index"", ""description"": ""Finds the equilibrium index of a list, where the sum of elements on the left is equal to the sum of elements on the right."", ""parameters"": {""arr"": {""description"": ""The input list of integers."", ""type"": ""List[int]""}}}]","{""tool"":""independent_samples_t_test"",""arguments"":{""sample1"":[1,2,3,4,5],""sample2"":[2,3,4,5,6],""alpha"":0.05}}",independent_samples_t_test,"{""sample1"": [1, 2, 3, 4, 5], ""sample2"": [2, 3, 4, 5, 6], ""alpha"": 0.05}"
60,"Calculate the quarterly dividend per share for a company with a total dividend of $100,000 and 5000 outstanding shares.","[{""name"": ""triangle_area"", ""description"": ""Computes the area of a triangle given its base and height."", ""parameters"": {""base"": {""description"": ""The length of the base of the triangle."", ""type"": ""float""}, ""height"": {""description"": ""The height of the triangle."", ""type"": ""float""}}}, {""name"": ""calculate_quarterly_dividend"", ""description"": ""Calculates the quarterly dividend per share based on the total dividend payout and the number of outstanding shares."", ""parameters"": {""total_dividend"": {""description"": ""The total dividend payout in USD."", ""type"": ""int""}, ""num_shares"": {""description"": ""The number of outstanding shares."", ""type"": ""int""}}}, {""name"": ""bacterial_growth"", ""description"": ""Calculates the bacterial population after a given time based on the initial population and growth rate."", ""parameters"": {""initial_population"": {""description"": ""The initial bacterial population."", ""type"": ""int"", ""default"": 20}, ""growth_rate"": {""description"": ""The growth rate per unit time."", ""type"": ""float"", ""default"": 20}, ""time"": {""description"": ""The time elapsed."", ""type"": ""float""}, ""doubling_time"": {""description"": ""The doubling time of the bacteria in minutes. Defaults to 20."", ""type"": ""float, optional""}}}, {""name"": ""is_valid_sudoku"", ""description"": ""Checks if a 9x9 Sudoku board is valid."", ""parameters"": {""board"": {""description"": ""The Sudoku board represented as a 2D list of strings."", ""type"": ""List[List[str]]""}}}]","{""tool"":""calculate_quarterly_dividend"",""arguments"":{""total_dividend"":100000,""num_shares"":5000}}",calculate_quarterly_dividend,"{""total_dividend"": 100000, ""num_shares"": 5000}"
61,Find the first non-repeating character in the string 'aabccdeefg'.,"[{""name"": ""flatten_list"", ""description"": ""Flattens a nested list into a single-level list."", ""parameters"": {""nested_list"": {""description"": ""The nested list to be flattened."", ""type"": ""List""}}}, {""name"": ""find_first_non_repeating_char"", ""description"": ""Finds the first non-repeating character in a string."", ""parameters"": {""s"": {""description"": ""The input string."", ""type"": ""str""}}}, {""name"": ""is_anagram"", ""description"": ""Checks if two words are anagrams of each other."", ""parameters"": {""word1"": {""description"": ""The first word."", ""type"": ""str""}, ""word2"": {""description"": ""The second word."", ""type"": ""str""}}}]","{""tool"":""find_first_non_repeating_char"",""arguments"":{""s"":""aabccdeefg""}}",find_first_non_repeating_char,"{""s"": ""aabccdeefg""}"
62,Draw 3 random cards from a shuffled deck.,"[{""name"": ""solve_quadratic"", ""description"": ""Computes the roots of a quadratic equation given its coefficients."", ""parameters"": {""a"": {""description"": ""The coefficient of the quadratic term (x^2)."", ""type"": ""float""}, ""b"": {""description"": ""The coefficient of the linear term (x)."", ""type"": ""float""}, ""c"": {""description"": ""The constant term."", ""type"": ""float""}}}, {""name"": ""draw_cards"", ""description"": ""Shuffles a standard deck of 52 cards and draws a specified number of cards from the top."", ""parameters"": {""num_draw"": {""description"": ""The number of cards to be drawn. Defaults to 1."", ""type"": ""int, optional"", ""default"": 1}}}]","{""tool"":""draw_cards"",""arguments"":{""num_draw"":3}}",draw_cards,"{""num_draw"": 3}"
63,Fetch the detailed news from Vivanews for article ID 54321 and search detik.com for articles containing the keyword 'pandemic'.,"[{""name"": ""vivanews_detail"", ""description"": ""Fetches and returns the detailed news information from Vivanews by the given ID using the provided RapidAPI key."", ""parameters"": {""is_id"": {""description"": ""The ID of the Vivanews article to fetch details for."", ""type"": ""int"", ""default"": ""1612364""}}}, {""name"": ""detik_search"", ""description"": ""Search for news articles on detik.com using specified parameters."", ""parameters"": {""page"": {""description"": ""The page number of the results to retrieve."", ""type"": ""int"", ""default"": ""1""}, ""limit"": {""description"": ""The number of results to return per page."", ""type"": ""int"", ""default"": ""10""}, ""keyword"": {""description"": ""The keyword to search for in news articles."", ""type"": ""str"", ""default"": ""detik""}}}]","{""tool"":""vivanews_detail"",""arguments"":{""is_id"":54321}}",vivanews_detail,"{""is_id"": 54321}"
64,"Calculate the CAGR for a real estate investment that began at $200,000 and ended at $250,000 after 3 years.","[{""name"": ""cagr"", ""description"": ""Calculates the Compound Annual Growth Rate (CAGR) of an investment."", ""parameters"": {""start_value"": {""description"": ""The initial value of the investment."", ""type"": ""float""}, ""end_value"": {""description"": ""The final value of the investment."", ""type"": ""float""}, ""years"": {""description"": ""The number of years between the initial and final values."", ""type"": ""int""}}}, {""name"": ""calculate_angle"", ""description"": ""Calculates the angle between the hour and minute hands of a clock."", ""parameters"": {""hour"": {""description"": ""The hour value (1-12)."", ""type"": ""int""}, ""minute"": {""description"": ""The minute value (0-59)."", ""type"": ""int""}}}]","{""tool"":""cagr"",""arguments"":{""start_value"":200000,""end_value"":250000,""years"":3}}",cagr,"{""start_value"": 200000, ""end_value"": 250000, ""years"": 3}"
65,"Determine the median of the list [100, 200, 300, 400, 500, 600, 700, 800].","[{""name"": ""calculate_median"", ""description"": ""Calculates the median of a list of numbers."", ""parameters"": {""numbers"": {""description"": ""The list of numbers."", ""type"": ""List[Union[int, float]]""}}}]","{""tool"":""calculate_median"",""arguments"":{""numbers"":[100,200,300,400,500,600,700,800]}}",calculate_median,"{""numbers"": [100, 200, 300, 400, 500, 600, 700, 800]}"
66,I need the box office stats for 'Jurassic World' (tt0369610) and the content guide for 'Toy Story' (tt0114709).,"[{""name"": ""title_v2_get_business"", ""description"": ""Retrieves box office information for a given movie title from the online movie database using the provided API key."", ""parameters"": {""tconst"": {""description"": ""The identifier for the movie title, starting with 'tt'. This value can be obtained from the `/title/auto-complete` or `/title/find` endpoints."", ""type"": ""str"", ""default"": ""tt0796366""}}}, {""name"": ""title_get_parental_guide"", ""description"": ""Fetches parental guide information for a specific movie from the online movie database."", ""parameters"": {""tconst"": {""description"": ""The unique identifier for the movie. It should start with 'tt' and can be obtained from the `/title/auto-complete` or `/title/find` endpoints. For example, 'tt0944947'."", ""type"": ""str"", ""default"": ""tt0944947""}}}]","{""tool"":""title_v2_get_business"",""arguments"":{""tconst"":""tt0369610""}}",title_v2_get_business,"{""tconst"": ""tt0369610""}"
67,"Determine the distance between the points (-1,-1) and (1,1).","[{""name"": ""polygon_area_shoelace"", ""description"": ""Calculates the area of a polygon using the shoelace formula."", ""parameters"": {""vertices"": {""description"": ""A list of polygon vertices represented as tuples (x, y)."", ""type"": ""List[Tuple[float, float]]""}}}, {""name"": ""euclidean_distance"", ""description"": ""Computes the Euclidean distance between two points in a 2D plane."", ""parameters"": {""point_a"": {""description"": ""The coordinates of the first point (x, y)."", ""type"": ""Tuple[float, float]""}, ""point_b"": {""description"": ""The coordinates of the second point (x, y)."", ""type"": ""Tuple[float, float]""}}}]","{""tool"":""euclidean_distance"",""arguments"":{""point_a"":{""x"":-1,""y"":-1},""point_b"":{""x"":1,""y"":1}}}",euclidean_distance,"{""point_a"": {""x"": -1, ""y"": -1}, ""point_b"": {""x"": 1, ""y"": 1}}"
68,Determine the total alimony for a payor with a monthly income of $9500 and a recipient with $3800 over 5 years.,"[{""name"": ""california_alimony"", ""description"": ""Calculates the total alimony one spouse would have to pay to the other in California over a given duration."", ""parameters"": {""payor_monthly_income"": {""description"": ""The monthly gross income of the payor spouse."", ""type"": ""int""}, ""recipient_monthly_income"": {""description"": ""The monthly gross income of the recipient spouse."", ""type"": ""int""}, ""duration_years"": {""description"": ""The duration of the alimony in years."", ""type"": ""int""}}}, {""name"": ""calculate_distance"", ""description"": ""Calculates the Euclidean distance between two points in n-dimensional space."", ""parameters"": {""point1"": {""description"": ""The coordinates of the first point."", ""type"": ""List[float]""}, ""point2"": {""description"": ""The coordinates of the second point."", ""type"": ""List[float]""}}}]","{""tool"":""california_alimony"",""arguments"":{""payor_monthly_income"":9500,""recipient_monthly_income"":3800,""duration_years"":5}}",california_alimony,"{""payor_monthly_income"": 9500, ""recipient_monthly_income"": 3800, ""duration_years"": 5}"
69,"Can you find the longest palindromic substring in the phrase 'racecar madam', add binary numbers 1010 and 1100, and calculate cell density with OD 0.8 and dilution 10?","[{""name"": ""find_longest_palindromic_substring"", ""description"": ""Finds the longest palindromic substring in a string."", ""parameters"": {""s"": {""description"": ""The input string."", ""type"": ""str""}}}, {""name"": ""binary_addition"", ""description"": ""Adds two binary numbers and returns the result as a binary string."", ""parameters"": {""a"": {""description"": ""The first binary number."", ""type"": ""str""}, ""b"": {""description"": ""The second binary number."", ""type"": ""str""}}}, {""name"": ""cell_density"", ""description"": ""Calculates the cell density based on the optical density (OD) and dilution factor."", ""parameters"": {""od"": {""description"": ""The optical density of the sample."", ""type"": ""float"", ""default"": 1000000000.0}, ""dilution"": {""description"": ""The dilution factor applied to the sample."", ""type"": ""int"", ""default"": 1000000000.0}, ""factor"": {""description"": ""The calibration factor for converting OD to cell density. Defaults to 1e9."", ""type"": ""float, optional""}}}, {""name"": ""california_alimony"", ""description"": ""Calculates the total alimony one spouse would have to pay to the other in California over a given duration."", ""parameters"": {""payor_monthly_income"": {""description"": ""The monthly gross income of the payor spouse."", ""type"": ""int""}, ""recipient_monthly_income"": {""description"": ""The monthly gross income of the recipient spouse."", ""type"": ""int""}, ""duration_years"": {""description"": ""The duration of the alimony in years."", ""type"": ""int""}}}]","{""tool"":""find_longest_palindromic_substring"",""arguments"":{""s"":""racecar madam""}}",find_longest_palindromic_substring,"{""s"": ""racecar madam""}"
70,Get directions from New York to Los Angeles in kilometers.,"[{""name"": ""listallcountries"", ""description"": ""Retrieves a list of all countries from the API with optional pagination and sorting."", ""parameters"": {""page"": {""description"": ""Page number to retrieve. Defaults to 1."", ""type"": ""int, optional"", ""default"": 1}, ""sortby"": {""description"": ""Sorting criteria in the format `field:order`, e.g., `name:asc` or `name:desc`. Defaults to 'name:asc'."", ""type"": ""str, optional"", ""default"": ""name:asc""}, ""limit"": {""description"": ""Maximum number of results per page. Defaults to 200."", ""type"": ""int, optional"", ""default"": 200}}}, {""name"": ""directions_between_2_locations"", ""description"": ""Fetches the route information between two geographical locations including distance, duration, and steps."", ""parameters"": {""start_lon"": {""description"": ""Longitude of the starting point (required)."", ""type"": ""int"", ""default"": ""-16.0755888102153""}, ""end_lon"": {""description"": ""Longitude of the ending point (required)."", ""type"": ""int"", ""default"": ""-17.447938""}, ""end_lat"": {""description"": ""Latitude of the ending point (required)."", ""type"": ""int"", ""default"": ""14.693425""}, ""start_lat"": {""description"": ""Latitude of the starting point (required)."", ""type"": ""int"", ""default"": ""14.14129815""}, ""distance_unit"": {""description"": ""Unit of distance measurement, valid options are 'km' (default) and 'mi'."", ""type"": ""str, optional"", ""default"": ""km""}}}, {""name"": ""autocomplete_places"", ""description"": ""Returns a list of places that match a given prefix and specified filter properties, useful for creating \""search as you type\"" inputs."", ""parameters"": {""limit"": {""description"": ""Maximum number of places to return. Used with `skip` to paginate results. Defaults to 10, maximum is 100."", ""type"": ""int, optional"", ""default"": ""10""}, ""skip"": {""description"": ""Number of places to ignore before beginning to return results. Used with `limit` to paginate results. Defaults to 0."", ""type"": ""int, optional"", ""default"": ""0""}, ""language"": {""description"": ""Specifies a language (ISO 639-1) for the localized name of the place. If unavailable, `localizedName` property will be null."", ""type"": ""str, optional"", ""default"": """"}, ""country"": {""description"": ""Filters places by their country ID. Multiple values can be specified, separated by commas (e.g., 'US,CA,MX'). Defaults to 'US,CA'."", ""type"": ""str, optional"", ""default"": ""US,CA""}, ""admindivision1"": {""description"": ""Filters places by their adminDivision1 ID. Multiple values can be specified, separated by commas (e.g., 'US.CA,US.DE')."", ""type"": ""str, optional"", ""default"": """"}, ""accuracyradiuskm"": {""description"": ""Maximum radius in kilometers from the specified coordinates (`latitude` and `longitude`) to filter places. Defaults to 100km."", ""type"": ""int, optional"", ""default"": """"}, ""latitude"": {""description"": ""Latitude to filter places by their location. Ignored if `longitude` is not specified."", ""type"": ""int, optional"", ""default"": """"}, ""admindivision2"": {""description"": ""Filters places by their adminDivision2 ID. Multiple values can be specified, separated by commas."", ""type"": ""str, optional"", ""default"": """"}, ""q"": {""description"": ""Query string to find places whose names start with this prefix. Defaults to 'Sea'."", ""type"": ""str, optional"", ""default"": ""Sea""}, ""longitude"": {""description"": ""Longitude to filter places by their location. Ignored if `latitude` is not specified."", ""type"": ""int, optional"", ""default"": """"}, ""type"": {""description"": ""Filters places by their type. Multiple values can be specified, separated by commas. Valid types are 'CITY', 'ADMIN_DIVISION_1', 'ADMIN_DIVISION_2', and 'COUNTRY'. Defaults to 'CITY'."", ""type"": ""str, optional"", ""default"": ""CITY""}}}]","{""tool"":""directions_between_2_locations"",""arguments"":{""start_lon"":-74,""end_lon"":-118,""end_lat"":34,""start_lat"":40,""distance_unit"":""km""}}",directions_between_2_locations,"{""start_lon"": -74, ""end_lon"": -118, ""end_lat"": 34, ""start_lat"": 40, ""distance_unit"": ""km""}"
71,"Find the longest word in the list ['apple', 'banana', 'kiwi']","[{""name"": ""calculate_age"", ""description"": ""Calculates the age based on the birthdate."", ""parameters"": {""birthdate"": {""description"": ""The birthdate in the format 'YYYY-MM-DD'."", ""type"": ""str""}}}, {""name"": ""get_range"", ""description"": ""Helper function to format the range string."", ""parameters"": {""start"": {""description"": ""The start of the range."", ""type"": ""int""}, ""end"": {""description"": ""The end of the range."", ""type"": ""int""}}}, {""name"": ""find_longest_word"", ""description"": ""Finds the longest word in a list of words."", ""parameters"": {""words"": {""description"": ""A list of words."", ""type"": ""List[str]""}}}]","{""tool"":""find_longest_word"",""arguments"":{""words"":[""apple"",""banana"",""kiwi""]}}",find_longest_word,"{""words"": [""apple"", ""banana"", ""kiwi""]}"
72,"Place an order at Safeway in Palo Alto, CA for 'bread' (2 units), 'milk' (1 unit), and 'eggs' (3 units). Also, verify if the email 'jane.doe123@example.com' is valid.","[{""name"": ""get_ip_zipcode"", ""description"": ""Retrieves the ZIP code of a given IP address using the ip-api.com API."", ""parameters"": {""ip"": {""description"": ""The IP address to locate."", ""type"": ""str""}}}, {""name"": ""whole_foods_order"", ""description"": ""Places an order at Whole Foods."", ""parameters"": {""store_location"": {""description"": ""The location of the Whole Foods store."", ""type"": ""str""}, ""item_list"": {""description"": ""A list of items to order."", ""type"": ""list""}, ""order_size"": {""description"": ""The size of the order. Allowed values: \""small\"", \""medium\"", or \""large\""."", ""type"": ""str""}}}, {""name"": ""is_leap_year"", ""description"": ""Checks if a year is a leap year."", ""parameters"": {""year"": {""description"": ""The year to check."", ""type"": ""int""}}}, {""name"": ""place_safeway_order"", ""description"": ""Order specified items from a Safeway location."", ""parameters"": {""location"": {""description"": ""The location of the Safeway store, e.g., 'Palo Alto, CA'."", ""type"": ""str""}, ""items"": {""description"": ""List of items to order."", ""type"": ""list""}, ""quantity"": {""description"": ""Quantity of each item in the order list."", ""type"": ""list""}}}, {""name"": ""is_valid_email"", ""description"": ""Checks if an email address is valid."", ""parameters"": {""email"": {""description"": ""The email address to validate."", ""type"": ""str""}}}, {""name"": ""assess_diabetes_risk"", ""description"": ""Assesses the risk of developing type 2 diabetes based on body mass index (BMI) and physical activity level."", ""parameters"": {""weight_lbs"": {""description"": ""Body weight in pounds."", ""type"": ""int""}, ""height_inches"": {""description"": ""Height in inches."", ""type"": ""int""}, ""activity"": {""description"": ""Physical activity level. Allowed values: \""sedentary\"", \""lightly active\"", \""moderately active\"", or \""very active\""."", ""type"": ""str""}}}, {""name"": ""is_hotel_available"", ""description"": ""Checks the availability of a hotel for a given date range."", ""parameters"": {""hotel"": {""description"": ""The name of the hotel."", ""type"": ""str""}, ""city"": {""description"": ""The city where the hotel is located."", ""type"": ""str""}, ""checkin"": {""description"": ""The check-in date in the format \""YYYY-MM-DD\""."", ""type"": ""str""}, ""checkout"": {""description"": ""The check-out date in the format \""YYYY-MM-DD\""."", ""type"": ""str""}}}]","{""tool"":""place_safeway_order"",""arguments"":{""location"":""Palo Alto, CA"",""items"":[""bread"",""milk"",""eggs""],""quantity"":[2,1,3]}}",place_safeway_order,"{""location"": ""Palo Alto, CA"", ""items"": [""bread"", ""milk"", ""eggs""], ""quantity"": [2, 1, 3]}"
73,Fetch the local time in Beijing and the weather alerts for zone ID 'CHN001'.,"[{""name"": ""alerts_active_zone_zoneid"", ""description"": ""Fetches a list of active weather alerts for a specified zone ID using the National Weather Service API."", ""parameters"": {""zoneid"": {""description"": ""A valid zone ID for which to fetch the active alerts. Example: 'ILZ081'."", ""type"": ""str"", ""default"": """"}}}, {""name"": ""time_zone_api"", ""description"": ""Fetches up-to-date time zone and local time information as JSON based on a given query parameter."", ""parameters"": {""q"": {""description"": ""Query parameter to fetch time zone data."", ""type"": ""str"", ""default"": """"}}}, {""name"": ""daily_forecast_5_days"", ""description"": ""Fetch a 5-day daily weather forecast for the specified geographic coordinates."", ""parameters"": {""longitude"": {""description"": ""The longitude of the location for which the forecast is to be retrieved."", ""type"": ""str"", ""default"": ""103.86""}, ""latitude"": {""description"": ""The latitude of the location for which the forecast is to be retrieved."", ""type"": ""str"", ""default"": ""1.28""}}}]","{""tool"":""alerts_active_zone_zoneid"",""arguments"":{""zoneid"":""CHN001""}}",alerts_active_zone_zoneid,"{""zoneid"": ""CHN001""}"
74,"Retrieve information about product ID 12345. Additionally, get 5 random quotes from the 'inspiration' category.","[{""name"": ""get_podcast_episodes"", ""description"": ""Fetch podcast episodes including audio, image, and description using the username of the podcast."", ""parameters"": {""username"": {""description"": ""The username of the anchor podcast user. For example, for the URL https://anchor.fm/financialfreedomtribe, the username is \""financialfreedomtribe\""."", ""type"": ""str"", ""default"": ""financialfreedomtribe""}}}, {""name"": ""hsl_to_hex"", ""description"": ""Converts an HSL color code to its HEX color code using the Convexity RapidAPI service."", ""parameters"": {""s"": {""description"": ""The saturation component of the HSL color code."", ""type"": ""int"", ""default"": ""78""}, ""h"": {""description"": ""The hue component of the HSL color code."", ""type"": ""int"", ""default"": ""250""}, ""l"": {""description"": ""The lightness component of the HSL color code."", ""type"": ""int"", ""default"": ""45""}}}, {""name"": ""get_product"", ""description"": ""Fetches a product's information from the API using the given product ID."", ""parameters"": {""is_id"": {""description"": ""The ID of the product to retrieve information for."", ""type"": ""int"", ""default"": """"}}}, {""name"": ""get_random_quotes"", ""description"": ""Fetches multiple random quotes from a specified category or from multiple categories if 'all' is specified."", ""parameters"": {""count"": {""description"": ""The number of random quotes to retrieve."", ""type"": ""int"", ""default"": ""2""}, ""category"": {""description"": ""The category from which to fetch quotes. Use 'all' to fetch from multiple categories."", ""type"": ""str"", ""default"": ""all""}}}]","{""tool"":""get_product"",""arguments"":{""is_id"":12345}}",get_product,"{""is_id"": 12345}"
75,What is the 10th Fibonacci number?,"[{""name"": ""flatten_list"", ""description"": ""Flattens a nested list into a single-level list."", ""parameters"": {""nested_list"": {""description"": ""The nested list to be flattened."", ""type"": ""List""}}}, {""name"": ""fibonacci"", ""description"": ""Calculates the nth Fibonacci number."", ""parameters"": {""n"": {""description"": ""The position of the Fibonacci number."", ""type"": ""int""}}}, {""name"": ""longest_common_prefix"", ""description"": ""Finds the longest common prefix among a list of strings."", ""parameters"": {""strs"": {""description"": ""The list of strings."", ""type"": ""List[str]""}}}, {""name"": ""word_frequency"", ""description"": ""Calculates the frequency of each word in a text."", ""parameters"": {""text"": {""description"": ""The input text."", ""type"": ""str""}}}, {""name"": ""calculate_grade"", ""description"": ""Calculates the weighted average grade based on scores and their corresponding weights."", ""parameters"": {""scores"": {""description"": ""A list of scores."", ""type"": ""List[float]""}, ""weights"": {""description"": ""A list of weights corresponding to each score."", ""type"": ""List[float]""}}}]","{""tool"":""fibonacci"",""arguments"":{""n"":10}}",fibonacci,"{""n"": 10}"
76,Fetch details for the soccer match '556677' and skip the first 30 fights in the UFC event and get the next 5.,"[{""name"": ""match"", ""description"": ""Fetch detailed information about a soccer match given its ID."", ""parameters"": {""is_id"": {""description"": ""The unique identifier of the soccer match."", ""type"": ""str"", ""default"": ""4451971""}}}, {""name"": ""ufc_fight_night_song_vs_simon_april_28_2023"", ""description"": ""Fetches fight details for UFC Fight Night: Song vs. Simon held on April 28, 2023."", ""parameters"": {""offset"": {""description"": ""The number of records to skip before starting to collect the result set. Defaults to None."", ""type"": ""int, optional"", ""default"": """"}, ""limit"": {""description"": ""The maximum number of records to return. Defaults to None."", ""type"": ""int, optional"", ""default"": """"}}}]","{""tool"":""match"",""arguments"":{""is_id"":""556677""}}",match,"{""is_id"": ""556677""}"
77,"Calculate the distance between New York City (40.7128° N, 74.0060° W) and Los Angeles (34.0522° N, 118.2437° W) in miles.","[{""name"": ""income_by_zipcode"", ""description"": ""Fetches income data for a given zipcode using the Toolbench RapidAPI."", ""parameters"": {""zip"": {""description"": ""Zipcode for which the income data is to be retrieved."", ""type"": ""str"", ""default"": ""2818""}}}, {""name"": ""measure_distance"", ""description"": ""Calculates the distance between two geographic locations based on their latitude and longitude coordinates. The unit of measurement for the distance can be specified."", ""parameters"": {""lon2"": {""description"": ""Longitude of the second location."", ""type"": ""int"", ""default"": ""31.23788289124186""}, ""lat1"": {""description"": ""Latitude of the first location."", ""type"": ""int"", ""default"": ""31.1991806""}, ""lon1"": {""description"": ""Longitude of the first location."", ""type"": ""int"", ""default"": ""29.8951716""}, ""lat2"": {""description"": ""Latitude of the second location."", ""type"": ""int"", ""default"": ""30.02313795""}, ""unit"": {""description"": ""Unit of distance measurement. Valid options are 'km' (default), 'mi', 'ft', and 'yd'."", ""type"": ""str, optional"", ""default"": ""km""}}}, {""name"": ""listallcountries"", ""description"": ""Retrieves a list of all countries from the API with optional pagination and sorting."", ""parameters"": {""page"": {""description"": ""Page number to retrieve. Defaults to 1."", ""type"": ""int, optional"", ""default"": 1}, ""sortby"": {""description"": ""Sorting criteria in the format `field:order`, e.g., `name:asc` or `name:desc`. Defaults to 'name:asc'."", ""type"": ""str, optional"", ""default"": ""name:asc""}, ""limit"": {""description"": ""Maximum number of results per page. Defaults to 200."", ""type"": ""int, optional"", ""default"": 200}}}, {""name"": ""directions_between_2_locations"", ""description"": ""Fetches the route information between two geographical locations including distance, duration, and steps."", ""parameters"": {""start_lon"": {""description"": ""Longitude of the starting point (required)."", ""type"": ""int"", ""default"": ""-16.0755888102153""}, ""end_lon"": {""description"": ""Longitude of the ending point (required)."", ""type"": ""int"", ""default"": ""-17.447938""}, ""end_lat"": {""description"": ""Latitude of the ending point (required)."", ""type"": ""int"", ""default"": ""14.693425""}, ""start_lat"": {""description"": ""Latitude of the starting point (required)."", ""type"": ""int"", ""default"": ""14.14129815""}, ""distance_unit"": {""description"": ""Unit of distance measurement, valid options are 'km' (default) and 'mi'."", ""type"": ""str, optional"", ""default"": ""km""}}}, {""name"": ""getpostcode"", ""description"": ""Retrieve details for a given UK postcode using the RapidAPI service."", ""parameters"": {""postcode"": {""description"": ""The UK postcode to be queried."", ""type"": ""str"", ""default"": ""SW1A2AA""}}}, {""name"": ""random_google"", ""description"": ""Returns a random place of a specified type within a given radius around the provided latitude and longitude."", ""parameters"": {""lat"": {""description"": ""The latitude of the location around which to search for places."", ""type"": ""int"", ""default"": ""49.2803703""}, ""lng"": {""description"": ""The longitude of the location around which to search for places."", ""type"": ""int"", ""default"": ""-123.0413988""}, ""type"": {""description"": ""The type of place to search for. Default is 'cafe'."", ""type"": ""str, optional"", ""default"": ""cafe""}, ""radius"": {""description"": ""The search radius in meters. Default is 500."", ""type"": ""int, optional"", ""default"": ""500""}}}, {""name"": ""format"", ""description"": ""Retrieve and return data in the specified format from the IP Geo Location and IP Reputation API."", ""parameters"": {""format"": {""description"": ""The format to display data. Can be either \""json\"" or \""xml\"". Defaults to \""json\""."", ""type"": ""str"", ""default"": ""json""}}}, {""name"": ""directions_between_2_locations"", ""description"": ""Fetches route information between two geographical locations, including distance, duration, and steps."", ""parameters"": {""end_lat"": {""description"": ""Latitude of the ending location."", ""type"": ""int"", ""default"": ""3.87598""}, ""end_lon"": {""description"": ""Longitude of the ending location."", ""type"": ""int"", ""default"": ""11.51148""}, ""start_lat"": {""description"": ""Latitude of the starting location."", ""type"": ""int"", ""default"": ""4.03966""}, ""start_lon"": {""description"": ""Longitude of the starting location."", ""type"": ""int"", ""default"": ""9.69295""}, ""distance_unit"": {""description"": ""Unit of distance measurement. Valid options are 'km' (default) and 'mi'."", ""type"": ""str, optional"", ""default"": ""km""}}}]","{""tool"":""measure_distance"",""arguments"":{""lon2"":-118,""lat1"":40,""lon1"":-74,""lat2"":34,""unit"":""mi""}}",measure_distance,"{""lon2"": -118, ""lat1"": 40, ""lon1"": -74, ""lat2"": 34, ""unit"": ""mi""}"
78,Compute the area under the curve of the function '3x^2 + 2x - 1' from x=0 to x=3 using the trapezoid method.,"[{""name"": ""triangle_area"", ""description"": ""Computes the area of a triangle given its base and height."", ""parameters"": {""base"": {""description"": ""The length of the base of the triangle."", ""type"": ""float""}, ""height"": {""description"": ""The height of the triangle."", ""type"": ""float""}}}, {""name"": ""find_equilibrium_index"", ""description"": ""Finds the equilibrium index of a list, where the sum of elements on the left is equal to the sum of elements on the right."", ""parameters"": {""arr"": {""description"": ""The input list of integers."", ""type"": ""List[int]""}}}, {""name"": ""integrate"", ""description"": ""Calculate the area under a curve for a specified function between two x values."", ""parameters"": {""function"": {""description"": ""The function to integrate, represented as a string. For example, 'x^3'"", ""type"": ""str"", ""default"": ""trapezoid""}, ""start_x"": {""description"": ""The starting x-value to integrate over."", ""type"": ""int"", ""default"": ""trapezoid""}, ""end_x"": {""description"": ""The ending x-value to integrate over."", ""type"": ""int""}, ""method"": {""description"": ""The method of numerical integration to use. Choices are 'trapezoid' or 'simpson'."", ""type"": ""str""}}}]","{""tool"":""integrate"",""arguments"":{""function"":""3x^2 + 2x - 1"",""start_x"":0,""end_x"":3,""method"":""trapezoid""}}",integrate,"{""function"": ""3x^2 + 2x - 1"", ""start_x"": 0, ""end_x"": 3, ""method"": ""trapezoid""}"
79,Estimate the derivative of the function f(x) = x^2 at x = 3 using numerical methods.,"[{""name"": ""cell_density"", ""description"": ""Calculates the cell density based on the optical density (OD) and dilution factor."", ""parameters"": {""od"": {""description"": ""The optical density of the sample."", ""type"": ""float"", ""default"": 1000000000.0}, ""dilution"": {""description"": ""The dilution factor applied to the sample."", ""type"": ""int"", ""default"": 1000000000.0}, ""factor"": {""description"": ""The calibration factor for converting OD to cell density. Defaults to 1e9."", ""type"": ""float, optional""}}}, {""name"": ""numerical_derivative"", ""description"": ""Estimates the derivative of a function at a given point using the central difference formula."", ""parameters"": {""function"": {""description"": ""The function to calculate the derivative of."", ""type"": ""Callable[[float], float]""}, ""x"": {""description"": ""The point at which to estimate the derivative."", ""type"": ""float""}}}, {""name"": ""batting_average"", ""description"": ""Calculates the batting average of a baseball player based on the number of hits and at-bats."", ""parameters"": {""num_hits"": {""description"": ""The number of hits."", ""type"": ""int"", ""default"": 3}, ""num_at_bats"": {""description"": ""The number of at-bats."", ""type"": ""int"", ""default"": 3}, ""precision"": {""description"": ""The number of decimal places to round the batting average. Defaults to 3."", ""type"": ""int, optional""}}}]","{""tool"":""numerical_derivative"",""arguments"":{""function"":""lambda x: x**2"",""x"":3}}",numerical_derivative,"{""function"": ""lambda x: x**2"", ""x"": 3}"
80,"Predict the y-value for x=7 using a linear regression model trained on points (4,4), (5,5), (6,6).","[{""name"": ""cosine_similarity"", ""description"": ""Calculates the cosine similarity between two vectors."", ""parameters"": {""vector_a"": {""description"": ""The first vector."", ""type"": ""List[float]""}, ""vector_b"": {""description"": ""The second vector."", ""type"": ""List[float]""}}}, {""name"": ""linear_regression_prediction"", ""description"": ""Predicts the y-value for a given x-value using linear regression."", ""parameters"": {""x_values"": {""description"": ""The x-coordinates of the data points."", ""type"": ""List[float]""}, ""y_values"": {""description"": ""The y-coordinates of the data points."", ""type"": ""List[float]""}, ""target_x"": {""description"": ""The x-value for which to predict the y-value."", ""type"": ""float""}}}, {""name"": ""polygon_area_shoelace"", ""description"": ""Calculates the area of a polygon using the shoelace formula."", ""parameters"": {""vertices"": {""description"": ""A list of polygon vertices represented as tuples (x, y)."", ""type"": ""List[Tuple[float, float]]""}}}, {""name"": ""is_perfect_square"", ""description"": ""Checks if a number is a perfect square."", ""parameters"": {""num"": {""description"": ""The number to check."", ""type"": ""int""}}}]","{""tool"":""linear_regression_prediction"",""arguments"":{""x_values"":[4.0,5.0,6.0],""y_values"":[4.0,5.0,6.0],""target_x"":7.0}}",linear_regression_prediction,"{""x_values"": [4.0, 5.0, 6.0], ""y_values"": [4.0, 5.0, 6.0], ""target_x"": 7.0}"
81,"Compute the distance between two points in a 5D space. The first point is located at (1, 2, 3, 4, 5) and the second point is at (6, 7, 8, 9, 10).","[{""name"": ""calculate_distance"", ""description"": ""Calculates the Euclidean distance between two points in n-dimensional space."", ""parameters"": {""point1"": {""description"": ""The coordinates of the first point."", ""type"": ""List[float]""}, ""point2"": {""description"": ""The coordinates of the second point."", ""type"": ""List[float]""}}}]","{""tool"":""calculate_distance"",""arguments"":{""point1"":[1,2,3,4,5],""point2"":[6,7,8,9,10]}}",calculate_distance,"{""point1"": [1, 2, 3, 4, 5], ""point2"": [6, 7, 8, 9, 10]}"
82,"What is the final velocity of an object that starts at 10 m/s and accelerates at 5 m/s² for 3 seconds? Also, is 169 a perfect square?","[{""name"": ""find_n_largest_numbers"", ""description"": ""Finds the n largest numbers in a list."", ""parameters"": {""nums"": {""description"": ""The list of numbers."", ""type"": ""List[int]""}, ""n"": {""description"": ""The number of largest numbers to find."", ""type"": ""int""}}}, {""name"": ""final_velocity"", ""description"": ""Calculates the final velocity of an object given its initial velocity, acceleration, and time."", ""parameters"": {""initial_velocity"": {""description"": ""The initial velocity of the object."", ""type"": ""float""}, ""acceleration"": {""description"": ""The acceleration of the object."", ""type"": ""float""}, ""time"": {""description"": ""The time elapsed."", ""type"": ""float""}}}, {""name"": ""sort_numbers"", ""description"": ""Sorts a list of numbers in ascending or descending order."", ""parameters"": {""numbers"": {""description"": ""The list of numbers to be sorted."", ""type"": ""List[float]""}, ""descending"": {""description"": ""If True, sorts the numbers in descending order. Defaults to False."", ""type"": ""bool, optional""}}}, {""name"": ""is_perfect_square"", ""description"": ""Checks if a number is a perfect square."", ""parameters"": {""num"": {""description"": ""The number to check."", ""type"": ""int""}}}]","{""tool"":""final_velocity"",""arguments"":{""initial_velocity"":10,""acceleration"":5,""time"":3}}",final_velocity,"{""initial_velocity"": 10, ""acceleration"": 5, ""time"": 3}"
83,"What are the ice hockey match schedules for December 25, 2022, and the live odds for match '54321' from provider1?","[{""name"": ""provider1_live_match_id"", ""description"": ""Fetch the live match data for the given match ID from provider1 using the RapidAPI endpoint."", ""parameters"": {""is_id"": {""description"": ""The match ID to fetch data for."", ""type"": ""str"", ""default"": """"}}}, {""name"": ""matchschedules"", ""description"": ""Fetches the schedules of ice hockey matches for a specified date, including match timings, teams, and other relevant information."", ""parameters"": {""day"": {""description"": ""The day of the month for which you want to retrieve the schedules (1-31)."", ""type"": ""int"", ""default"": 28}, ""year"": {""description"": ""The year for which you want to retrieve the schedules (e.g., 2022)."", ""type"": ""int"", ""default"": 2022}, ""month"": {""description"": ""The month for which you want to retrieve the schedules (1-12)."", ""type"": ""int"", ""default"": 11}}}, {""name"": ""game_odds_by_site_schedule"", ""description"": ""Fetches the game schedule from a specified sports betting site using the provided API key."", ""parameters"": {""site"": {""description"": ""The name of the sports betting site to fetch the schedule from. Case-insensitive. Valid options include:"", ""type"": ""str"", ""default"": ""draftkings""}}}]","{""tool"":""matchschedules"",""arguments"":{""day"":25,""year"":2022,""month"":12}}",matchschedules,"{""day"": 25, ""year"": 2022, ""month"": 12}"
84,"Log in 'dave' with 'davidson' and get case details for '98765'. Also, recommend for experiment '161718'.","[{""name"": ""loginuser"", ""description"": ""Logs in a user to the specified toolbench API by making a GET request to the login endpoint with the provided username and password."", ""parameters"": {""username"": {""description"": ""The username for login."", ""type"": ""str"", ""default"": """"}, ""password"": {""description"": ""The password for login in clear text."", ""type"": ""str"", ""default"": """"}}}, {""name"": ""get_case_by_id"", ""description"": ""Fetch the case payload from the Yardillo API using the given case ID."", ""parameters"": {""is_id"": {""description"": ""The ID of the case to fetch."", ""type"": ""str"", ""default"": ""611c0765e9308692195b8538""}}}, {""name"": ""read_user"", ""description"": ""Fetch user details from the IronWifi API using the provided user ID."", ""parameters"": {""user_id"": {""description"": ""The ID of the user to be fetched."", ""type"": ""str"", ""default"": """"}}}, {""name"": ""recommend"", ""description"": ""Fetches a recommendation for a given experiment ID using the Toolbench RapidAPI service."", ""parameters"": {""experiment_id"": {""description"": ""The ID of the experiment for which to fetch recommendations."", ""type"": ""int"", ""default"": ""12234""}}}]","{""tool"":""loginuser"",""arguments"":{""username"":""dave"",""password"":""davidson""}}",loginuser,"{""username"": ""dave"", ""password"": ""davidson""}"
85,Interpret OBD2 code 'P0300'.,"[{""name"": ""get_all_organizations_environment_admin"", ""description"": ""Fetches organization information for all organizations in your Enterprise Hub."", ""parameters"": {""limit"": {""description"": ""The maximum number of organizations to return. Defaults to None."", ""type"": ""str, optional"", ""default"": """"}, ""offset"": {""description"": ""The number of organizations to skip. Defaults to None."", ""type"": ""str, optional"", ""default"": """"}, ""status"": {""description"": ""The status of organizations to return (e.g., 'ACTIVE'). Defaults to 'ACTIVE'."", ""type"": ""str, optional"", ""default"": ""ACTIVE""}}}, {""name"": ""models_by_make_id"", ""description"": ""Fetch the list of motorcycle models by make ID from the Motorcycle Specs Database."", ""parameters"": {""is_id"": {""description"": ""The make ID for which to fetch the model list."", ""type"": ""str"", ""default"": ""485""}}}, {""name"": ""consulta_dados_societ_rios"", ""description"": ""Fetches the data of a partner (socio) associated with the given socioeconomic ID (id_socio)."", ""parameters"": {""id_socio"": {""description"": ""The socioeconomic ID of the partner to be queried."", ""type"": ""str"", ""default"": ""CONTATOS_ID_SOCIO""}}}, {""name"": ""obd2_code"", ""description"": ""Retrieve the human-readable version of a requested OBD2 code using the Toolbench RapidAPI."", ""parameters"": {""code"": {""description"": ""The OBD2 code to be translated into human-readable format."", ""type"": ""str"", ""default"": ""P0001""}}}]","{""tool"":""obd2_code"",""arguments"":{""code"":""P0300""}}",obd2_code,"{""code"": ""P0300""}"
86,Predict the evolution rate of a dolphin over 20 years using the Darwin model.,"[{""name"": ""assess_diabetes_risk"", ""description"": ""Assesses the risk of developing type 2 diabetes based on body mass index (BMI) and physical activity level."", ""parameters"": {""weight_lbs"": {""description"": ""Body weight in pounds."", ""type"": ""int""}, ""height_inches"": {""description"": ""Height in inches."", ""type"": ""int""}, ""activity"": {""description"": ""Physical activity level. Allowed values: \""sedentary\"", \""lightly active\"", \""moderately active\"", or \""very active\""."", ""type"": ""str""}}}, {""name"": ""predict_evolution_rate"", ""description"": ""Predict the evolutionary rate for a specific species for a given timeframe."", ""parameters"": {""species"": {""description"": ""The species that the evolution rate will be predicted for."", ""type"": ""str"", ""default"": ""Darwin""}, ""years"": {""description"": ""Number of years for the prediction."", ""type"": ""int"", ""default"": ""Darwin""}, ""model"": {""description"": ""The model used to make the prediction, options: 'Darwin', 'Lamarck', default is 'Darwin'."", ""type"": ""str""}}}]","{""tool"":""predict_evolution_rate"",""arguments"":{""species"":""dolphin"",""years"":20,""model"":""Darwin""}}",predict_evolution_rate,"{""species"": ""dolphin"", ""years"": 20, ""model"": ""Darwin""}"
87,Make a random string of length 12 that includes digits and lowercase letters.,"[{""name"": ""generate_random_string"", ""description"": ""Generates a random string of specified length and character types."", ""parameters"": {""length"": {""description"": ""The length of the random string."", ""type"": ""int"", ""default"": true}, ""uppercase"": {""description"": ""Include uppercase letters. Defaults to True."", ""type"": ""bool, optional"", ""default"": true}, ""lowercase"": {""description"": ""Include lowercase letters. Defaults to True."", ""type"": ""bool, optional"", ""default"": true}, ""digits"": {""description"": ""Include digits. Defaults to True."", ""type"": ""bool, optional""}, ""special_chars"": {""description"": ""Include special characters. Defaults to False."", ""type"": ""bool, optional"", ""default"": true}}}]","{""tool"":""generate_random_string"",""arguments"":{""length"":12,""uppercase"":false,""lowercase"":true,""digits"":true,""special_chars"":false}}",generate_random_string,"{""length"": 12, ""uppercase"": false, ""lowercase"": true, ""digits"": true, ""special_chars"": false}"
88,Fetch the results for the day after Christmas in 2027.,"[{""name"": ""results"", ""description"": ""Fetches the race results for a given date from the Greyhound Racing UK API."", ""parameters"": {""date"": {""description"": ""The date for which to retrieve race results in 'YYYY-MM-DD' format. Default is '2021-06-02'."", ""type"": ""str"", ""default"": ""2021-06-02""}}}]","{""tool"":""results"",""arguments"":{""date"":""2027-12-26""}}",results,"{""date"": ""2027-12-26""}"
89,"Can you find the peak element in the list [1, 3, 2, 7, 5, 9] and calculate how long it takes for light to travel 5 light years?","[{""name"": ""find_peak_element"", ""description"": ""Finds a peak element in a list of integers."", ""parameters"": {""nums"": {""description"": ""The list of integers."", ""type"": ""List[int]""}}}, {""name"": ""light_travel_time"", ""description"": ""Calculate the time taken for light to travel from one celestial body to another."", ""parameters"": {""distance_in_light_years"": {""description"": ""The distance between the two celestial bodies in light years."", ""type"": ""int"", ""default"": 299792458}, ""speed_of_light"": {""description"": ""The speed of light in vacuum, in m/s. Default value is 299792458 m/s."", ""type"": ""int"", ""default"": 299792458}}}]","{""tool"":""light_travel_time"",""arguments"":{""distance_in_light_years"":5,""speed_of_light"":299792458}}",light_travel_time,"{""distance_in_light_years"": 5, ""speed_of_light"": 299792458}"
90,"Can you tell me the channel points context for the channel 'ESL_SC2'? Also, what about 'OgamingSC2'?","[{""name"": ""get_channel_points_context"", ""description"": ""Fetches the channel points context for a given Twitch channel using the provided RapidAPI key."", ""parameters"": {""channel"": {""description"": ""The name of the Twitch channel for which to fetch the channel points context."", ""type"": ""str"", ""default"": ""xqc""}}}]","{""tool"":""get_channel_points_context"",""arguments"":{""channel"":""ESL_SC2""}}",get_channel_points_context,"{""channel"": ""ESL_SC2""}"
91,"Find the next greater element for each number in [13, 7, 6, 12] and the pairs in [3, 4, 5, 6] that sum up to 7.","[{""name"": ""find_next_greater_element"", ""description"": ""Finds the next greater element for each element in a list."", ""parameters"": {""nums"": {""description"": ""The list of numbers."", ""type"": ""List[int]""}}}, {""name"": ""find_pairs_with_sum"", ""description"": ""Finds all pairs of integers in a list that sum up to a target value."", ""parameters"": {""nums"": {""description"": ""The list of integers."", ""type"": ""List[int]""}, ""target"": {""description"": ""The target sum value."", ""type"": ""int""}}}, {""name"": ""dice_roll_probability"", ""description"": ""Calculates the probability of rolling a specific sum with a given number of dice, each having a certain number of faces."", ""parameters"": {""target_sum"": {""description"": ""The target sum to calculate the probability for."", ""type"": ""int"", ""default"": 6}, ""num_dice"": {""description"": ""The number of dice being rolled."", ""type"": ""int"", ""default"": 6}, ""num_faces"": {""description"": ""The number of faces on each die. Defaults to 6."", ""type"": ""int, optional""}}}]","{""tool"":""find_next_greater_element"",""arguments"":{""nums"":[13,7,6,12]}}",find_next_greater_element,"{""nums"": [13, 7, 6, 12]}"
92,Can you fetch reviews for the product with SPU 'm22022854841' and list categories starting from ID 214970?,"[{""name"": ""products_get_reviews"", ""description"": ""Fetches brief reviews of a product from the Shein API."", ""parameters"": {""goods_spu"": {""description"": ""The value of 'productRelationID' returned in the /products/list or /products/search endpoints. Defaults to 'm22022854841'."", ""type"": ""str, optional"", ""default"": ""m22022854841""}, ""cat_id"": {""description"": ""The value of 'cat_id' returned in the /products/list or /products/search endpoints. Defaults to '1727'."", ""type"": ""str, optional"", ""default"": ""1727""}, ""sku"": {""description"": ""The value of 'goods_sn' returned in the /products/list or /products/search endpoints. Defaults to 'rm2202285484176751'."", ""type"": ""str, optional"", ""default"": ""rm2202285484176751""}, ""currency"": {""description"": ""The 3-letter currency code. Defaults to 'USD'."", ""type"": ""str, optional"", ""default"": ""USD""}, ""goods_id"": {""description"": ""The value of 'goods_id' field returned in the /products/list or /products/search endpoints. Defaults to '10196865'."", ""type"": ""str, optional"", ""default"": ""10196865""}, ""language"": {""description"": ""The 2-letter language code. Defaults to 'en'."", ""type"": ""str, optional"", ""default"": ""en""}, ""country"": {""description"": ""The 2-letter country code. Defaults to 'US'."", ""type"": ""str, optional"", ""default"": ""US""}}}, {""name"": ""categories_list"", ""description"": ""Fetches a list of categories and their recursive child categories from the Wayfair API."", ""parameters"": {""caid"": {""description"": ""The category ID for which to list categories. The default root category is 214970."", ""type"": ""int"", ""default"": ""214970""}}}, {""name"": ""tmall_search_by_keyword"", ""description"": ""Searches for products on Tmall by keyword."", ""parameters"": {""page"": {""description"": ""The page number of the search results to retrieve."", ""type"": ""int"", ""default"": ""1""}, ""keyword"": {""description"": ""The keyword to search for products."", ""type"": ""str"", ""default"": ""海久水瓶""}}}]","{""tool"":""products_get_reviews"",""arguments"":{""goods_spu"":""m22022854841"",""cat_id"":""214970""}}",products_get_reviews,"{""goods_spu"": ""m22022854841"", ""cat_id"": ""214970""}"
93,"What is the recommended calorie intake for a 70kg, 180cm tall, 30-year-old male who is moderately active and wants to maintain weight? Also, get the city name from the ZIP code 90210.","[{""name"": ""get_dna_sequence"", ""description"": ""Retrieves the DNA sequence for a given sequence ID from the NCBI Nucleotide database."", ""parameters"": {""sequence_id"": {""description"": ""The unique identifier for the DNA sequence."", ""type"": ""str"", ""default"": ""fasta""}, ""file_format"": {""description"": ""The format of the returned sequence. Allowed values: \""fasta\"" (default) or \""gb\""."", ""type"": ""str, optional""}, ""upstream_bases"": {""description"": ""The number of bases upstream of the sequence to include. Defaults to 0."", ""type"": ""int, optional"", ""default"": ""fasta""}}}, {""name"": ""project_population"", ""description"": ""Projects the population size after a specified number of years."", ""parameters"": {""current_pop"": {""description"": ""The current population size."", ""type"": ""int"", ""default"": 1.2}, ""num_years"": {""description"": ""The number of years into the future to make the projection."", ""type"": ""int"", ""default"": 1.2}, ""annual_growth"": {""description"": ""The annual population growth rate as a percentage. Defaults to 1.2."", ""type"": ""float, optional""}}}, {""name"": ""calculate_calorie_intake"", ""description"": ""Calculates the recommended daily calorie intake and macronutrient distribution based on personal characteristics and goals."", ""parameters"": {""weight_kg"": {""description"": ""Body weight in kilograms."", ""type"": ""float""}, ""height_cm"": {""description"": ""Height in centimeters."", ""type"": ""float""}, ""age"": {""description"": ""Age in years."", ""type"": ""int""}, ""sex"": {""description"": ""Biological sex, either 'male' or 'female'."", ""type"": ""str""}, ""activity_level"": {""description"": ""Activity level on a scale of 1 to 5 (1 = sedentary, 5 = extremely active)."", ""type"": ""int""}, ""goal"": {""description"": ""Fitness goal, either 'lose', 'maintain', or 'gain'."", ""type"": ""str""}}}, {""name"": ""get_city_from_zipcode"", ""description"": ""Retrieves the city name for a given ZIP code using the Ziptastic API."", ""parameters"": {""zipcode"": {""description"": ""The ZIP code to look up."", ""type"": ""str""}}}, {""name"": ""geocode_city"", ""description"": ""Retrieves the latitude and longitude coordinates of a given city using the Maps.co Geocoding API."", ""parameters"": {""city"": {""description"": ""The name of the city."", ""type"": ""str""}}}]","{""tool"":""calculate_calorie_intake"",""arguments"":{""weight_kg"":70,""height_cm"":180,""age"":30,""sex"":""male"",""activity_level"":3,""goal"":""maintain""}}",calculate_calorie_intake,"{""weight_kg"": 70, ""height_cm"": 180, ""age"": 30, ""sex"": ""male"", ""activity_level"": 3, ""goal"": ""maintain""}"
94,"I'm interested in the WHOIS report for 'travelguide.me'. Also, what are the download details for the video 'nopqrst' from the UK?","[{""name"": ""whois"", ""description"": ""Fetches the WHOIS details of a given domain using the Toolbench RapidAPI."", ""parameters"": {""domain"": {""description"": ""The domain name for which WHOIS information is to be fetched."", ""type"": ""str"", ""default"": ""rapidapi.com""}}}, {""name"": ""download_stream"", ""description"": ""Downloads or streams video information from YouTube using the provided RapidAPI key."", ""parameters"": {""is_id"": {""description"": ""YouTube Video ID to stream or download information."", ""type"": ""str"", ""default"": ""UxxajLWwzqY""}, ""cgeo"": {""description"": ""Country code in ISO 3166 format of the end user. Defaults to None."", ""type"": ""str, optional"", ""default"": """"}}}]","{""tool"":""whois"",""arguments"":{""domain"":""travelguide.me""}}",whois,"{""domain"": ""travelguide.me""}"
95,"Calculate the final amount for an investment of $2000 at a 4.5% annual rate for 7 years, compounded quarterly.","[{""name"": ""compound_interest"", ""description"": ""Calculates the compound interest of an investment."", ""parameters"": {""principal"": {""description"": ""The initial investment amount."", ""type"": ""float"", ""default"": 1}, ""rate"": {""description"": ""The annual interest rate expressed as a decimal."", ""type"": ""float"", ""default"": 1}, ""time"": {""description"": ""The time in years for which the investment is held."", ""type"": ""float""}, ""n"": {""description"": ""The number of times interest is compounded per year. Defaults to 1."", ""type"": ""int, optional""}}}]","{""tool"":""compound_interest"",""arguments"":{""principal"":2000,""rate"":0.045,""time"":7,""n"":4}}",compound_interest,"{""principal"": 2000, ""rate"": 0.045, ""time"": 7, ""n"": 4}"
96,Please provide the details of a product with EAN 9780132130800 in the US and also the country details for Canada.,"[{""name"": ""details"", ""description"": ""Fetch product details from the price comparison API using various geographical and identification parameters."", ""parameters"": {""is_id"": {""description"": ""The identifier for the product. This can be a UPC, EAN, ISBN, GTIN, or Amazon ASIN."", ""type"": ""str"", ""default"": ""611247373064""}, ""country"": {""description"": ""The country code for the query. Default is 'US'."", ""type"": ""str, optional"", ""default"": ""US""}, ""longitude"": {""description"": ""The longitude for geographical querying. Default is '-122.49493'."", ""type"": ""str, optional"", ""default"": ""-122.49493""}, ""latitude"": {""description"": ""The latitude for geographical querying. Default is '37.777805'."", ""type"": ""str, optional"", ""default"": ""37.777805""}}}, {""name"": ""countries_detail"", ""description"": ""Fetch detailed information of a country from the unofficial Shein API."", ""parameters"": {""region"": {""description"": ""The region code to fetch details for a specific country. Default is 'US'."", ""type"": ""str"", ""default"": ""US""}}}, {""name"": ""product_category_list"", ""description"": ""Fetches the list of Amazon product categories for a specified country or marketplace."", ""parameters"": {""country"": {""description"": ""Sets the marketplace country, language, and currency."", ""type"": ""str"", ""default"": ""US""}}}]","{""tool"":""details"",""arguments"":{""is_id"":""9780132130800"",""country"":""US"",""longitude"":""-122.49493"",""latitude"":""37.777805""}}",details,"{""is_id"": ""9780132130800"", ""country"": ""US"", ""longitude"": ""-122.49493"", ""latitude"": ""37.777805""}"
97,Fetch the first 10 products from the catalog.,"[{""name"": ""get_products"", ""description"": ""Fetches a list of products from an external API."", ""parameters"": {""skip"": {""description"": ""Number of items to skip in the product list."", ""type"": ""int"", ""default"": """"}, ""limit"": {""description"": ""Maximum number of items to retrieve in the product list."", ""type"": ""int"", ""default"": """"}}}]","{""tool"":""get_products"",""arguments"":{""skip"":0,""limit"":10}}",get_products,"{""skip"": 0, ""limit"": 10}"
98,"What is the 3rd smallest number in the list [56, 23, 89, 12, 45]?","[{""name"": ""find_kth_smallest_number"", ""description"": ""Finds the kth smallest number in a list."", ""parameters"": {""nums"": {""description"": ""The list of numbers."", ""type"": ""List[int]""}, ""k"": {""description"": ""The position (1-based index) of the smallest number to find."", ""type"": ""int""}}}, {""name"": ""final_velocity"", ""description"": ""Calculates the final velocity of an object given its initial velocity, acceleration, and time."", ""parameters"": {""initial_velocity"": {""description"": ""The initial velocity of the object."", ""type"": ""float""}, ""acceleration"": {""description"": ""The acceleration of the object."", ""type"": ""float""}, ""time"": {""description"": ""The time elapsed."", ""type"": ""float""}}}]","{""tool"":""find_kth_smallest_number"",""arguments"":{""nums"":[56,23,89,12,45],""k"":3}}",find_kth_smallest_number,"{""nums"": [56, 23, 89, 12, 45], ""k"": 3}"
99,Can you fetch the property details for a house with Zillow Property ID 20485700?,"[{""name"": ""property_details"", ""description"": ""Fetches property details from the Zillow API."", ""parameters"": {""zpid"": {""description"": ""The Zillow Property ID. Defaults to None."", ""type"": ""int, optional"", ""default"": """"}, ""property_url"": {""description"": ""The URL of the property on Zillow. Defaults to 'https://www.zillow.com/homedetails/101-California-Ave-UNIT-303-Santa-Monica-CA-90403/20485700_zpid/'."", ""type"": ""str, optional"", ""default"": ""https://www.zillow.com/homedetails/101-California-Ave-UNIT-303-Santa-Monica-CA-90403/20485700_zpid/""}}}, {""name"": ""user_profile"", ""description"": ""Fetches and returns the user profile data from the Spotify API."", ""parameters"": {""is_id"": {""description"": ""The user's unique Spotify ID."", ""type"": ""str"", ""default"": ""nocopyrightsounds""}, ""playlistlimit"": {""description"": ""The maximum number of playlists to retrieve. Defaults to 10."", ""type"": ""int, optional"", ""default"": ""10""}, ""artistlimit"": {""description"": ""The maximum number of artists to retrieve. Defaults to 10."", ""type"": ""int, optional"", ""default"": ""10""}}}, {""name"": ""top_news"", ""description"": ""Fetches the current top news based on the specified region and language."", ""parameters"": {""region"": {""description"": ""The region for which to fetch the top news. Defaults to 'US'."", ""type"": ""str"", ""default"": ""US""}, ""hl"": {""description"": ""The language code for the news. Defaults to 'en'."", ""type"": ""str"", ""default"": ""en""}}}]","{""tool"":""property_details"",""arguments"":{""zpid"":20485700,""property_url"":""https://www.zillow.com/homedetails/101-California-Ave-UNIT-303-Santa-Monica-CA-90403/20485700_zpid/""}}",property_details,"{""zpid"": 20485700, ""property_url"": ""https://www.zillow.com/homedetails/101-California-Ave-UNIT-303-Santa-Monica-CA-90403/20485700_zpid/""}"
100,"What is the probability of getting exactly 3 successes in 10 trials, where each trial has a 30% chance of success?","[{""name"": ""cagr"", ""description"": ""Calculates the Compound Annual Growth Rate (CAGR) of an investment."", ""parameters"": {""start_value"": {""description"": ""The initial value of the investment."", ""type"": ""float""}, ""end_value"": {""description"": ""The final value of the investment."", ""type"": ""float""}, ""years"": {""description"": ""The number of years between the initial and final values."", ""type"": ""int""}}}, {""name"": ""binomial_probability"", ""description"": ""Calculates the probability of getting exactly k successes in n independent trials,"", ""parameters"": {""n"": {""description"": ""The total number of trials."", ""type"": ""int""}, ""k"": {""description"": ""The number of successes."", ""type"": ""int""}, ""p"": {""description"": ""The probability of success in each trial."", ""type"": ""float""}}}, {""name"": ""dice_roll_probability"", ""description"": ""Calculates the probability of rolling a specific sum with a given number of dice, each having a certain number of faces."", ""parameters"": {""target_sum"": {""description"": ""The target sum to calculate the probability for."", ""type"": ""int"", ""default"": 6}, ""num_dice"": {""description"": ""The number of dice being rolled."", ""type"": ""int"", ""default"": 6}, ""num_faces"": {""description"": ""The number of faces on each die. Defaults to 6."", ""type"": ""int, optional""}}}, {""name"": ""is_power_of_two"", ""description"": ""Checks if a number is a power of two."", ""parameters"": {""num"": {""description"": ""The number to check."", ""type"": ""int""}}}, {""name"": ""binary_addition"", ""description"": ""Adds two binary numbers and returns the result as a binary string."", ""parameters"": {""a"": {""description"": ""The first binary number."", ""type"": ""str""}, ""b"": {""description"": ""The second binary number."", ""type"": ""str""}}}]","{""tool"":""binomial_probability"",""arguments"":{""n"":10,""k"":3,""p"":0.3}}",binomial_probability,"{""n"": 10, ""k"": 3, ""p"": 0.3}"
101,"Calculate the profit from investing $3000 at a 3.2% annual return rate for 4 years, and the area under the curve 'x^3 + x' from x=0 to x=3 using Simpson's rule.","[{""name"": ""investment_profit"", ""description"": ""Calculates the profit from an investment based on the initial amount, annual return rate, and time."", ""parameters"": {""amount"": {""description"": ""The initial investment amount."", ""type"": ""float""}, ""rate"": {""description"": ""The annual return rate expressed as a decimal."", ""type"": ""float""}, ""years"": {""description"": ""The number of years the investment is held."", ""type"": ""int""}}}, {""name"": ""integrate"", ""description"": ""Calculate the area under a curve for a specified function between two x values."", ""parameters"": {""function"": {""description"": ""The function to integrate, represented as a string. For example, 'x^3'"", ""type"": ""str"", ""default"": ""trapezoid""}, ""start_x"": {""description"": ""The starting x-value to integrate over."", ""type"": ""int"", ""default"": ""trapezoid""}, ""end_x"": {""description"": ""The ending x-value to integrate over."", ""type"": ""int""}, ""method"": {""description"": ""The method of numerical integration to use. Choices are 'trapezoid' or 'simpson'."", ""type"": ""str""}}}]","{""tool"":""investment_profit"",""arguments"":{""amount"":3000,""rate"":0.032,""years"":4}}",investment_profit,"{""amount"": 3000, ""rate"": 0.032, ""years"": 4}"
102,"Determine the duration between a 440 Hz note and a 660 Hz note at a standard tempo of 120 BPM, and then between a 330 Hz note and a 440 Hz note at the same tempo.","[{""name"": ""note_duration"", ""description"": ""Calculates the duration between two musical notes based on their frequencies and the tempo."", ""parameters"": {""freq1"": {""description"": ""The frequency of the first note in Hz."", ""type"": ""int"", ""default"": 120}, ""freq2"": {""description"": ""The frequency of the second note in Hz."", ""type"": ""int"", ""default"": 120}, ""bpm"": {""description"": ""The tempo of the music in beats per minute. Defaults to 120."", ""type"": ""int, optional""}}}]","{""tool"":""note_duration"",""arguments"":{""freq1"":440,""freq2"":660,""bpm"":120}}",note_duration,"{""freq1"": 440, ""freq2"": 660, ""bpm"": 120}"
103,Reverse the string 'Python is fun!',"[{""name"": ""split_list"", ""description"": ""Splits a list into chunks of a specified size."", ""parameters"": {""lst"": {""description"": ""The input list."", ""type"": ""List""}, ""chunk_size"": {""description"": ""The size of each chunk."", ""type"": ""int""}}}, {""name"": ""format_date"", ""description"": ""Converts a date string from one format to another."", ""parameters"": {""date"": {""description"": ""The date string to convert."", ""type"": ""str""}, ""input_format"": {""description"": ""The format of the input date string."", ""type"": ""str""}, ""output_format"": {""description"": ""The desired format of the output date string."", ""type"": ""str""}}}, {""name"": ""find_first_non_repeating_char"", ""description"": ""Finds the first non-repeating character in a string."", ""parameters"": {""s"": {""description"": ""The input string."", ""type"": ""str""}}}, {""name"": ""reverse_string"", ""description"": ""Reverses the characters in a string."", ""parameters"": {""text"": {""description"": ""The input string."", ""type"": ""str""}}}]","{""tool"":""reverse_string"",""arguments"":{""text"":""Python is fun!""}}",reverse_string,"{""text"": ""Python is fun!""}"
104,Can you fetch the first 10 products in the 'Electronics' category and convert the hex color code '#AABBCC' to RGB?,"[{""name"": ""get_products_in_category"", ""description"": ""Fetches products from a specific category using the Toolbench RapidAPI."", ""parameters"": {""category"": {""description"": ""The category from which to retrieve products."", ""type"": ""str"", ""default"": """"}, ""limit"": {""description"": ""The maximum number of products to return."", ""type"": ""int"", ""default"": """"}, ""skip"": {""description"": ""The number of products to skip in the results."", ""type"": ""int"", ""default"": """"}}}, {""name"": ""convert_hex"", ""description"": ""Converts a hex color code to other color formats such as RGB, HSL, and CMYK using the Convexity API."", ""parameters"": {""hex"": {""description"": ""The hex color code to be converted."", ""type"": ""str"", ""default"": ""ffffff""}}}, {""name"": ""inn_general_director"", ""description"": ""Retrieves the general director information of a company based on its INN (tax identification number) using the Toolbench RapidAPI."", ""parameters"": {""inn"": {""description"": ""The INN number of the company."", ""type"": ""str"", ""default"": ""7736050003""}}}]","{""tool"":""get_products_in_category"",""arguments"":{""category"":""Electronics"",""limit"":10,""skip"":0}}",get_products_in_category,"{""category"": ""Electronics"", ""limit"": 10, ""skip"": 0}"
105,"I need to analyze a text for the number of vowels it contains. The text is 'Hello, how are you?'. Additionally, I have two lists of numbers: [1, -2, 3, -1, 2] and [5, -3, 4, -1, 3, -2]. Can you find the maximum subarray sum for each list?","[{""name"": ""count_vowels"", ""description"": ""Counts the number of vowels in a given text."", ""parameters"": {""text"": {""description"": ""The input text."", ""type"": ""str""}}}, {""name"": ""find_max_subarray_sum"", ""description"": ""Finds the maximum sum of a contiguous subarray within a list of integers."", ""parameters"": {""nums"": {""description"": ""The input list of integers."", ""type"": ""List[int]""}}}, {""name"": ""merge_dictionaries"", ""description"": ""Merges two dictionaries into a single dictionary."", ""parameters"": {""dict1"": {""description"": ""The first dictionary."", ""type"": ""Dict""}, ""dict2"": {""description"": ""The second dictionary."", ""type"": ""Dict""}}}]","{""tool"":""count_vowels"",""arguments"":{""text"":""Hello, how are you?""}}",count_vowels,"{""text"": ""Hello, how are you?""}"
106,I need to know the industries under the alias 'healthcare' and the airplanes made by 'Airbus'.,"[{""name"": ""industry_list"", ""description"": ""Gets a list of industries based on the provided alias from the specified API."", ""parameters"": {""alias"": {""description"": ""An alias used to specify which industry list to fetch."", ""type"": ""str"", ""default"": """"}}}, {""name"": ""airplanes_by_brand"", ""description"": ""Fetches all airplanes by a specified brand from the airplanes database."", ""parameters"": {""brand"": {""description"": ""The brand of airplanes to fetch information for."", ""type"": ""str"", ""default"": ""Airbus""}}}]","{""tool"":""industry_list"",""arguments"":{""alias"":""healthcare""}}",industry_list,"{""alias"": ""healthcare""}"
107,Get the most recent news in Portuguese from Portugal.,"[{""name"": ""latest"", ""description"": ""Fetches the latest news from Google News for a specified language region."", ""parameters"": {""lr"": {""description"": ""Language region to get news for, e.g., 'en-US'."", ""type"": ""str"", ""default"": ""en-US""}}}]","{""tool"":""latest"",""arguments"":{""lr"":""pt-PT""}}",latest,"{""lr"": ""pt-PT""}"
108,"Retrieve catalog albums for the week starting September 30, 2022. Also, get autocomplete suggestions for 'Shape of You' in Spanish.","[{""name"": ""catalog_albums"", ""description"": ""Fetch catalog album data from the Billboard API for a specified week."", ""parameters"": {""week"": {""description"": ""The week for which to fetch the catalog albums chart in the format 'YYYY-MM-DD'. Defaults to '2022-10-08'."", ""type"": ""str"", ""default"": ""2022-10-08""}}}, {""name"": ""auto_complete"", ""description"": ""Fetch autocomplete suggestions for a given term using the Shazam API."", ""parameters"": {""term"": {""description"": ""The word or phrase to get suggestions for (e.g., song title, artist name)."", ""type"": ""str"", ""default"": ""kiss the""}, ""locale"": {""description"": ""The language code for the locale. Defaults to 'en-US'."", ""type"": ""str, optional"", ""default"": ""en-US""}}}, {""name"": ""get_futured_playlists"", ""description"": ""Fetch featured playlists for a specific country and timestamp from Spotify."", ""parameters"": {""timestamp"": {""description"": ""Date of the featured playlists in the format 'yyyy-mm-dd'."", ""type"": ""str"", ""default"": ""2022-03-23""}, ""country"": {""description"": ""Country code to fetch playlists for. Must be one of the following:"", ""type"": ""str"", ""default"": ""US""}, ""offset"": {""description"": ""Number of items to skip (default is 0)."", ""type"": ""int, optional"", ""default"": ""0""}, ""limit"": {""description"": ""Maximum number of items to return (default is 20, max is 50)."", ""type"": ""int, optional"", ""default"": ""20""}}}]","{""tool"":""catalog_albums"",""arguments"":{""week"":""2022-09-30""}}",catalog_albums,"{""week"": ""2022-09-30""}"
109,Check if 'abcd' is a rotation of 'cdab'.,"[{""name"": ""is_rotation"", ""description"": ""Checks if one string is a rotation of another string."", ""parameters"": {""str1"": {""description"": ""The first string."", ""type"": ""str""}, ""str2"": {""description"": ""The second string."", ""type"": ""str""}}}, {""name"": ""find_majority_element"", ""description"": ""Finds the majority element in a list, which appears more than ⌊n / 2⌋ times."", ""parameters"": {""nums"": {""description"": ""The input list of integers."", ""type"": ""List[int]""}}}, {""name"": ""find_first_non_repeating_char"", ""description"": ""Finds the first non-repeating character in a string."", ""parameters"": {""s"": {""description"": ""The input string."", ""type"": ""str""}}}]","{""tool"":""is_rotation"",""arguments"":{""str1"":""abcd"",""str2"":""cdab""}}",is_rotation,"{""str1"": ""abcd"", ""str2"": ""cdab""}"
110,"What is the DNA sequence for the sequence with ID 'AB000001' in FASTA format, including up to 100 bases upstream of the sequence?","[{""name"": ""get_dna_sequence"", ""description"": ""Retrieves the DNA sequence for a given sequence ID from the NCBI Nucleotide database."", ""parameters"": {""sequence_id"": {""description"": ""The unique identifier for the DNA sequence."", ""type"": ""str"", ""default"": ""fasta""}, ""file_format"": {""description"": ""The format of the returned sequence. Allowed values: \""fasta\"" (default) or \""gb\""."", ""type"": ""str, optional""}, ""upstream_bases"": {""description"": ""The number of bases upstream of the sequence to include. Defaults to 0."", ""type"": ""int, optional"", ""default"": ""fasta""}}}, {""name"": ""project_investment_growth"", ""description"": ""Projects the growth of an investment over a specified number of years."", ""parameters"": {""principal"": {""description"": ""The initial investment amount."", ""type"": ""float"", ""default"": true}, ""annual_addition"": {""description"": ""The amount added to the investment annually."", ""type"": ""float"", ""default"": true}, ""years"": {""description"": ""The number of years to project the investment growth."", ""type"": ""int""}, ""return_rate"": {""description"": ""The annual return rate as a decimal (e.g., 0.07 for 7%)."", ""type"": ""float""}, ""inflation"": {""description"": ""A list of annual inflation rates as decimals."", ""type"": ""List[float]""}, ""inflation_adjusted"": {""description"": ""Whether to adjust the final value for inflation. Defaults to True."", ""type"": ""bool, optional""}}}, {""name"": ""is_leap_year"", ""description"": ""Checks if a year is a leap year."", ""parameters"": {""year"": {""description"": ""The year to check."", ""type"": ""int""}}}, {""name"": ""calculate_calorie_intake"", ""description"": ""Calculates the recommended daily calorie intake and macronutrient distribution based on personal characteristics and goals."", ""parameters"": {""weight_kg"": {""description"": ""Body weight in kilograms."", ""type"": ""float""}, ""height_cm"": {""description"": ""Height in centimeters."", ""type"": ""float""}, ""age"": {""description"": ""Age in years."", ""type"": ""int""}, ""sex"": {""description"": ""Biological sex, either 'male' or 'female'."", ""type"": ""str""}, ""activity_level"": {""description"": ""Activity level on a scale of 1 to 5 (1 = sedentary, 5 = extremely active)."", ""type"": ""int""}, ""goal"": {""description"": ""Fitness goal, either 'lose', 'maintain', or 'gain'."", ""type"": ""str""}}}]","{""tool"":""get_dna_sequence"",""arguments"":{""sequence_id"":""AB000001"",""file_format"":""fasta"",""upstream_bases"":100}}",get_dna_sequence,"{""sequence_id"": ""AB000001"", ""file_format"": ""fasta"", ""upstream_bases"": 100}"
111,I need to check if 'user@-domain.com' is a valid email address. The dash seems odd.,"[{""name"": ""email_validate_regex"", ""description"": ""Validates an email address using the Email Validator API."", ""parameters"": {""email"": {""description"": ""The email address to be validated."", ""type"": ""str"", ""default"": ""test@gmail.com""}}}]","{""tool"":""email_validate_regex"",""arguments"":{""email"":""user@-domain.com""}}",email_validate_regex,"{""email"": ""user@-domain.com""}"
112,"Suppose there are meetings with intervals [10,15], [11,16], [12,17], [13,20], [15,22]. What is the minimum number of meeting rooms required?","[{""name"": ""min_meeting_rooms"", ""description"": ""Finds the minimum number of meeting rooms required to accommodate all meetings."", ""parameters"": {""intervals"": {""description"": ""A list of meeting time intervals, where each interval is represented as [start_time, end_time]."", ""type"": ""List[List[int]]""}}}]","{""tool"":""min_meeting_rooms"",""arguments"":{""intervals"":[[10,15],[11,16],[12,17],[13,20],[15,22]]}}",min_meeting_rooms,"{""intervals"": [[10, 15], [11, 16], [12, 17], [13, 20], [15, 22]]}"
113,"Retrieve the profile details for the Pinterest accounts 'cookingrecipes1617', 'fitnesslife1819', and 'homedecor2021'.","[{""name"": ""get_user_profile"", ""description"": ""Fetches the user profile from the Pinterest API using the provided username."", ""parameters"": {""username"": {""description"": ""The Pinterest username for which to retrieve the profile information."", ""type"": ""str"", ""default"": ""0869178429hau""}}}]","{""tool"":""get_user_profile"",""arguments"":{""username"":""cookingrecipes1617""}}",get_user_profile,"{""username"": ""cookingrecipes1617""}"
114,"Convert the HSL color codes with hue 180, saturation 100, and lightness 50 and hue 300, saturation 75, and lightness 25 to other color codes, keeping the timestamp first and removing dashes in the generated UUIDs.","[{""name"": ""search"", ""description"": ""Search for public repositories of a given GitHub user using the Toolbench RapidAPI."", ""parameters"": {""user"": {""description"": ""The GitHub username whose public repositories are to be searched."", ""type"": ""str"", ""default"": ""samuk-a""}}}, {""name"": ""convert_hsl"", ""description"": ""Converts an HSL color code to other color codes such as Hex, RGB, and CMYK using the Convexity API."", ""parameters"": {""s"": {""description"": ""The saturation component of the HSL color code."", ""type"": ""int"", ""default"": ""78""}, ""h"": {""description"": ""The hue component of the HSL color code."", ""type"": ""int"", ""default"": ""250""}, ""l"": {""description"": ""The lightness component of the HSL color code."", ""type"": ""int"", ""default"": ""45""}}}, {""name"": ""generate_uuid"", ""description"": ""Generates one or more UUID v4 strings with optional formatting."", ""parameters"": {""timestamp_first"": {""description"": ""If set to True, the generated UUID will have the timestamp first."", ""type"": ""bool, optional"", ""default"": ""false""}, ""remove_dash"": {""description"": ""If set to True, the generated UUIDs will not contain dashes."", ""type"": ""bool, optional"", ""default"": ""true""}, ""count"": {""description"": ""The number of UUIDs to generate. Default is '5'."", ""type"": ""str, optional"", ""default"": ""5""}}}]","{""tool"":""convert_hsl"",""arguments"":{""s"":100,""h"":180,""l"":50}}",convert_hsl,"{""s"": 100, ""h"": 180, ""l"": 50}"
115,Get the WHOIS information for the domain 'google.com',"[{""name"": ""v1_whois"", ""description"": ""Fetches the WHOIS information for a given domain using the API Ninjas Whois API."", ""parameters"": {""domain"": {""description"": ""The domain to retrieve WHOIS information for."", ""type"": ""str"", ""default"": ""example.com""}}}, {""name"": ""get_content"", ""description"": ""Retrieves the content from the given URL using the RapidAPI service."", ""parameters"": {""url"": {""description"": ""The URL of the webpage from which to extract content."", ""type"": ""str"", ""default"": ""https://www.cnbc.com/2022/06/27/three-arrows-capital-crypto-hedge-fund-defaults-on-voyager-loan.html""}}}, {""name"": ""v_card_qr_code"", ""description"": ""Creates a static QR code for a vCard with specified customization options and returns the response from the API."", ""parameters"": {""uname"": {""description"": ""The username for the vCard."", ""type"": ""str"", ""default"": ""Tanisha""}, ""error_correction"": {""description"": ""The error correction level for the QR code. Defaults to 'M'."", ""type"": ""str, optional"", ""default"": ""M""}, ""data_gradient_start_color"": {""description"": ""The start color for the data gradient. Defaults to '#000000'."", ""type"": ""str, optional"", ""default"": ""#000000""}, ""eye_color_inner"": {""description"": ""The inner color of the QR code eyes. Defaults to '#000000'."", ""type"": ""str, optional"", ""default"": ""#000000""}, ""data_gradient_style"": {""description"": ""The style of the data gradient. Defaults to 'None'."", ""type"": ""str, optional"", ""default"": ""None""}, ""data_gradient_end_color"": {""description"": ""The end color for the data gradient. Defaults to '#000000'."", ""type"": ""str, optional"", ""default"": ""#000000""}, ""background_color"": {""description"": ""The background color of the QR code. Defaults to '#FFFFFF'."", ""type"": ""str, optional"", ""default"": ""#FFFFFF""}, ""eye_color_outer"": {""description"": ""The outer color of the QR code eyes. Defaults to '#000000'."", ""type"": ""str, optional"", ""default"": ""#000000""}, ""eye_pattern"": {""description"": ""The pattern of the QR code eyes. Defaults to 'RECT_RECT'."", ""type"": ""str, optional"", ""default"": ""RECT_RECT""}, ""size"": {""description"": ""The size of the QR code. Defaults to 'm'."", ""type"": ""str, optional"", ""default"": ""m""}, ""data_pattern"": {""description"": ""The pattern of the QR code data. Defaults to 'RECT'."", ""type"": ""str, optional"", ""default"": ""RECT""}}}]","{""tool"":""v1_whois"",""arguments"":{""domain"":""google.com""}}",v1_whois,"{""domain"": ""google.com""}"
116,"Is the string 'A man, a plan, a canal: Panama' a valid palindrome? Additionally, estimate the derivative of the function f(x) = x^2 at the point x = 2.","[{""name"": ""count_bits"", ""description"": ""Counts the number of set bits (1's) in the binary representation of a number."", ""parameters"": {""num"": {""description"": ""The input number."", ""type"": ""int""}}}, {""name"": ""numerical_derivative"", ""description"": ""Estimates the derivative of a function at a given point using the central difference formula."", ""parameters"": {""function"": {""description"": ""The function to calculate the derivative of."", ""type"": ""Callable[[float], float]""}, ""x"": {""description"": ""The point at which to estimate the derivative."", ""type"": ""float""}}}, {""name"": ""average"", ""description"": ""Calculates the arithmetic mean of a list of numbers."", ""parameters"": {""numbers"": {""description"": ""The list of numbers."", ""type"": ""List[float]""}}}, {""name"": ""is_valid_palindrome"", ""description"": ""Checks if a string is a valid palindrome, considering only alphanumeric characters and ignoring case."", ""parameters"": {""s"": {""description"": ""The input string."", ""type"": ""str""}}}]","{""tool"":""is_valid_palindrome"",""arguments"":{""s"":""A man, a plan, a canal: Panama""}}",is_valid_palindrome,"{""s"": ""A man, a plan, a canal: Panama""}"
117,"Calculate the cell density of a sample with an optical density of 0.3 and a dilution factor of 5, using a custom calibration factor of 500000000.","[{""name"": ""cell_density"", ""description"": ""Calculates the cell density based on the optical density (OD) and dilution factor."", ""parameters"": {""od"": {""description"": ""The optical density of the sample."", ""type"": ""float"", ""default"": 1000000000.0}, ""dilution"": {""description"": ""The dilution factor applied to the sample."", ""type"": ""int"", ""default"": 1000000000.0}, ""factor"": {""description"": ""The calibration factor for converting OD to cell density. Defaults to 1e9."", ""type"": ""float, optional""}}}, {""name"": ""wire_resistance"", ""description"": ""Calculates the resistance of a wire based on its length, cross-sectional area, and material resistivity."", ""parameters"": {""length_m"": {""description"": ""The length of the wire in meters."", ""type"": ""int"", ""default"": ""copper""}, ""area_sq_m"": {""description"": ""The cross-sectional area of the wire in square meters."", ""type"": ""float"", ""default"": ""copper""}, ""material"": {""description"": ""The material of the wire. Allowed values: \""copper\"" (default) or \""aluminum\""."", ""type"": ""str, optional""}}}, {""name"": ""draw_cards"", ""description"": ""Shuffles a standard deck of 52 cards and draws a specified number of cards from the top."", ""parameters"": {""num_draw"": {""description"": ""The number of cards to be drawn. Defaults to 1."", ""type"": ""int, optional"", ""default"": 1}}}, {""name"": ""calculate_quarterly_dividend"", ""description"": ""Calculates the quarterly dividend per share based on the total dividend payout and the number of outstanding shares."", ""parameters"": {""total_dividend"": {""description"": ""The total dividend payout in USD."", ""type"": ""int""}, ""num_shares"": {""description"": ""The number of outstanding shares."", ""type"": ""int""}}}]","{""tool"":""cell_density"",""arguments"":{""od"":0.3,""dilution"":5,""factor"":500000000}}",cell_density,"{""od"": 0.3, ""dilution"": 5, ""factor"": 500000000}"
118,What is the geographical information for the IP addresses 192.168.1.1 and 10.0.0.1?,"[{""name"": ""ip_lookup"", ""description"": ""Fetches the geographical information for a given IP address using the IP-to-Location API."", ""parameters"": {""ip"": {""description"": ""IP address to lookup. If not provided, the default value '8.30.234.123' will be used."", ""type"": ""str"", ""default"": ""8.30.234.123""}}}]","{""tool"":""ip_lookup"",""arguments"":{""ip"":""192.168.1.1""}}",ip_lookup,"{""ip"": ""192.168.1.1""}"
119,"Generate the first 5 Fibonacci numbers, calculate the bacterial population after 1 hour given an initial population of 50 and a growth rate of 0.3 per hour, and calculate the probability of rolling a sum of 7 with 2 six-sided dice.","[{""name"": ""fibonacci_numbers"", ""description"": ""Generates the first n Fibonacci numbers."", ""parameters"": {""n"": {""description"": ""The number of Fibonacci numbers to generate."", ""type"": ""int""}}}, {""name"": ""calculate_median"", ""description"": ""Calculates the median of a list of numbers."", ""parameters"": {""numbers"": {""description"": ""The list of numbers."", ""type"": ""List[Union[int, float]]""}}}, {""name"": ""bacterial_growth"", ""description"": ""Calculates the bacterial population after a given time based on the initial population and growth rate."", ""parameters"": {""initial_population"": {""description"": ""The initial bacterial population."", ""type"": ""int"", ""default"": 20}, ""growth_rate"": {""description"": ""The growth rate per unit time."", ""type"": ""float"", ""default"": 20}, ""time"": {""description"": ""The time elapsed."", ""type"": ""float""}, ""doubling_time"": {""description"": ""The doubling time of the bacteria in minutes. Defaults to 20."", ""type"": ""float, optional""}}}, {""name"": ""dice_roll_probability"", ""description"": ""Calculates the probability of rolling a specific sum with a given number of dice, each having a certain number of faces."", ""parameters"": {""target_sum"": {""description"": ""The target sum to calculate the probability for."", ""type"": ""int"", ""default"": 6}, ""num_dice"": {""description"": ""The number of dice being rolled."", ""type"": ""int"", ""default"": 6}, ""num_faces"": {""description"": ""The number of faces on each die. Defaults to 6."", ""type"": ""int, optional""}}}]","{""tool"":""fibonacci_numbers"",""arguments"":{""n"":5}}",fibonacci_numbers,"{""n"": 5}"
120,"Predict the change in forest area for the Siberian Taiga over the next 20 years, while considering human impact.","[{""name"": ""predict_forest_area"", ""description"": ""Predicts the change in forest area over a specified number of years."", ""parameters"": {""location"": {""description"": ""The geographic location for the prediction."", ""type"": ""str""}, ""num_years"": {""description"": ""The number of years into the future to make the prediction."", ""type"": ""int""}, ""include_humans"": {""description"": ""Whether to include the impact of human activities in the prediction. Defaults to False."", ""type"": ""bool, optional""}}}, {""name"": ""analyze_social_group_dynamics"", ""description"": ""Analyzes the social dynamics within a group based on the personality traits and group size."", ""parameters"": {""total"": {""description"": ""The total group size."", ""type"": ""int""}, ""extroverts"": {""description"": ""The number of extroverted members in the group."", ""type"": ""int""}, ""introverts"": {""description"": ""The number of introverted members in the group."", ""type"": ""int""}}}, {""name"": ""is_valid_email"", ""description"": ""Checks if an email address is valid."", ""parameters"": {""email"": {""description"": ""The email address to validate."", ""type"": ""str""}}}, {""name"": ""get_ip_zipcode"", ""description"": ""Retrieves the ZIP code of a given IP address using the ip-api.com API."", ""parameters"": {""ip"": {""description"": ""The IP address to locate."", ""type"": ""str""}}}]","{""tool"":""predict_forest_area"",""arguments"":{""location"":""Siberian Taiga"",""num_years"":20,""include_humans"":true}}",predict_forest_area,"{""location"": ""Siberian Taiga"", ""num_years"": 20, ""include_humans"": true}"
121,"Find the longest palindromic substring in the string 'level' and calculate the Euclidean distance between points A(1, 1) and B(1, 1).","[{""name"": ""expand_around_center"", ""description"": ""Helper function to expand around a center for finding palindromic substrings."", ""parameters"": {""s"": {""description"": ""The input string."", ""type"": ""str""}, ""left"": {""description"": ""The left index of the center."", ""type"": ""int""}, ""right"": {""description"": ""The right index of the center."", ""type"": ""int""}}}, {""name"": ""euclidean_distance"", ""description"": ""Computes the Euclidean distance between two points in a 2D plane."", ""parameters"": {""point_a"": {""description"": ""The coordinates of the first point (x, y)."", ""type"": ""Tuple[float, float]""}, ""point_b"": {""description"": ""The coordinates of the second point (x, y)."", ""type"": ""Tuple[float, float]""}}}]","{""tool"":""euclidean_distance"",""arguments"":{""point_a"":[1,1],""point_b"":[1,1]}}",euclidean_distance,"{""point_a"": [1, 1], ""point_b"": [1, 1]}"
122,"Count the occurrences of fruits in ['apple', 'apple', 'banana', 'cherry', 'cherry', 'cherry']. And check if '([{}])' is valid.","[{""name"": ""count_occurrences"", ""description"": ""Counts the occurrences of each element in a list and returns a dictionary with the counts."", ""parameters"": {""lst"": {""description"": ""The input list."", ""type"": ""List""}}}, {""name"": ""is_valid_parentheses"", ""description"": ""Checks if a string contains valid parentheses."", ""parameters"": {""s"": {""description"": ""The input string."", ""type"": ""str""}}}]","{""tool"":""count_occurrences"",""arguments"":{""lst"":[""apple"",""apple"",""banana"",""cherry"",""cherry"",""cherry""]}}",count_occurrences,"{""lst"": [""apple"", ""apple"", ""banana"", ""cherry"", ""cherry"", ""cherry""]}"
123,What is the area of a circle with a radius of 7 units?,"[{""name"": ""calculate_standard_deviation"", ""description"": ""Calculates the standard deviation of a list of numbers."", ""parameters"": {""numbers"": {""description"": ""The list of numbers."", ""type"": ""List[Union[int, float]]""}}}, {""name"": ""circle_area"", ""description"": ""Computes the area of a circle given its radius."", ""parameters"": {""radius"": {""description"": ""The radius of the circle."", ""type"": ""float""}}}, {""name"": ""linear_regression_prediction"", ""description"": ""Predicts the y-value for a given x-value using linear regression."", ""parameters"": {""x_values"": {""description"": ""The x-coordinates of the data points."", ""type"": ""List[float]""}, ""y_values"": {""description"": ""The y-coordinates of the data points."", ""type"": ""List[float]""}, ""target_x"": {""description"": ""The x-value for which to predict the y-value."", ""type"": ""float""}}}, {""name"": ""convert_cooking_measurements"", ""description"": ""Converts a quantity of a cooking ingredient from one measurement unit to another."", ""parameters"": {""quantity"": {""description"": ""The quantity of the item to convert."", ""type"": ""float""}, ""from_unit"": {""description"": ""The unit of the input quantity (e.g., 'cup', 'gram')."", ""type"": ""str""}, ""to_unit"": {""description"": ""The unit to which the quantity should be converted (e.g., 'ounce', 'kilogram')."", ""type"": ""str""}, ""item"": {""description"": ""The cooking ingredient being converted (e.g., 'flour', 'sugar')."", ""type"": ""str""}}}, {""name"": ""min_meeting_rooms"", ""description"": ""Finds the minimum number of meeting rooms required to accommodate all meetings."", ""parameters"": {""intervals"": {""description"": ""A list of meeting time intervals, where each interval is represented as [start_time, end_time]."", ""type"": ""List[List[int]]""}}}]","{""tool"":""circle_area"",""arguments"":{""radius"":7}}",circle_area,"{""radius"": 7}"
124,"I'm interested in the Independent Albums chart for the week of May 8, 2021. Can you help me find it?","[{""name"": ""independent_albums"", ""description"": ""Retrieves the Independent Albums chart for a specified week from the Billboard API."", ""parameters"": {""week"": {""description"": ""The week for which to retrieve the chart, in the format 'YYYY-MM-DD'. If not provided, defaults to the previous week. If the provided date is not a Saturday, it will default to the preceding Saturday of that week."", ""type"": ""str, optional"", ""default"": ""2022-10-08""}}}]","{""tool"":""independent_albums"",""arguments"":{""week"":""2021-05-08""}}",independent_albums,"{""week"": ""2021-05-08""}"
125,"What are the RGB values of a color with saturation 90%, hue 330 degrees, and lightness 80%?","[{""name"": ""hsl_to_rgb"", ""description"": ""Converts HSL color values to RGB color values using an external API."", ""parameters"": {""s"": {""description"": ""Saturation component of the HSL color value (0-100)."", ""type"": ""int"", ""default"": ""78""}, ""h"": {""description"": ""Hue component of the HSL color value (0-360)."", ""type"": ""int"", ""default"": ""250""}, ""l"": {""description"": ""Lightness component of the HSL color value (0-100)."", ""type"": ""int"", ""default"": ""45""}}}]","{""tool"":""hsl_to_rgb"",""arguments"":{""s"":90,""h"":330,""l"":80}}",hsl_to_rgb,"{""s"": 90, ""h"": 330, ""l"": 80}"
126,Get the next page of comments for the YouTube video with ID 'YQHsXMglC9A' sorted by top comments first.,"[{""name"": ""get_specific_insult"", ""description"": ""Fetches a specific insult using the provided insult ID and RapidAPI key."", ""parameters"": {""is_id"": {""description"": ""The UUID for the specific insult to be retrieved."", ""type"": ""str"", ""default"": """"}}}, {""name"": ""video_comments"", ""description"": ""Fetches the list of comments for a specified YouTube video using the YouTube Search and Download RapidAPI."", ""parameters"": {""next"": {""description"": ""Pagination parameter to fetch more comments or to sort them. Use 'sortTopNext' or 'sortNewestNext' for respective sorting. Default is a predefined continuation token."", ""type"": ""str, optional"", ""default"": ""Eg0SC1lRSHNYTWdsQzlBGAYyJSIRIgtZUUhzWE1nbEM5QTAAeAJCEGNvbW1lbnRzLXNlY3Rpb24%3D""}, ""is_id"": {""description"": ""The video ID for which the comments are to be fetched. Default is 'YQHsXMglC9A'."", ""type"": ""str, optional"", ""default"": ""YQHsXMglC9A""}}}, {""name"": ""new_titles"", ""description"": ""Fetches a listing of new title IDs added to Watchmode within a specific date range."", ""parameters"": {""page"": {""description"": ""Specifies the page of results to return. Defaults to 1."", ""type"": ""int, optional"", ""default"": ""1""}, ""types"": {""description"": ""Filters results to include specific types of titles. Acceptable values are: 'movie', 'tv_series', 'tv_special', 'tv_miniseries', 'short_film'. Multiple types can be passed as a comma-delimited string. Defaults to 'movie,tv_series'."", ""type"": ""str, optional"", ""default"": ""movie,tv_series""}, ""limit"": {""description"": ""Specifies the number of titles to return per page. The default and maximum is 250. Defaults to 50."", ""type"": ""int, optional"", ""default"": ""50""}, ""end_date"": {""description"": ""Sets the end date to include changes from a specific date range. The format is YYYYMMDD (e.g., 20210101 for January 1st, 2021). If not specified, the API returns changes since the beginning of yesterday."", ""type"": ""int, optional"", ""default"": """"}, ""start_date"": {""description"": ""Sets the start date to include changes from a specific date range. The format is YYYYMMDD (e.g., 20210101 for January 1st, 2021). If not specified, the API returns changes since the beginning of yesterday."", ""type"": ""int, optional"", ""default"": """"}}}, {""name"": ""defaultroot"", ""description"": ""Fetches cat facts from the MeowFacts API based on the provided parameters."", ""parameters"": {""count"": {""description"": ""The number of cat facts to return. If not specified, a default number of facts will be returned."", ""type"": ""int, optional"", ""default"": """"}, ""factid"": {""description"": ""An optional ID to retrieve a specific cat fact. If not specified, random facts will be returned."", ""type"": ""str, optional"", ""default"": """"}, ""lang"": {""description"": ""The locale in which to retrieve the cat facts. Defaults to 'eng' (English)."", ""type"": ""str, optional"", ""default"": ""eng""}}}, {""name"": ""get_joke_of_the_day_by_category"", ""description"": ""Fetches the joke of the day from a specified category using the World of Jokes API."", ""parameters"": {""category"": {""description"": ""The category of joke to be fetched."", ""type"": ""str"", ""default"": ""Money""}}}]","{""tool"":""video_comments"",""arguments"":{""next"":""sortTopNext"",""is_id"":""YQHsXMglC9A""}}",video_comments,"{""next"": ""sortTopNext"", ""is_id"": ""YQHsXMglC9A""}"
127,What is the greatest common divisor of 120 and 96?,"[{""name"": ""min_meeting_rooms"", ""description"": ""Finds the minimum number of meeting rooms required to accommodate all meetings."", ""parameters"": {""intervals"": {""description"": ""A list of meeting time intervals, where each interval is represented as [start_time, end_time]."", ""type"": ""List[List[int]]""}}}, {""name"": ""california_alimony"", ""description"": ""Calculates the total alimony one spouse would have to pay to the other in California over a given duration."", ""parameters"": {""payor_monthly_income"": {""description"": ""The monthly gross income of the payor spouse."", ""type"": ""int""}, ""recipient_monthly_income"": {""description"": ""The monthly gross income of the recipient spouse."", ""type"": ""int""}, ""duration_years"": {""description"": ""The duration of the alimony in years."", ""type"": ""int""}}}, {""name"": ""calculate_angle"", ""description"": ""Calculates the angle between the hour and minute hands of a clock."", ""parameters"": {""hour"": {""description"": ""The hour value (1-12)."", ""type"": ""int""}, ""minute"": {""description"": ""The minute value (0-59)."", ""type"": ""int""}}}, {""name"": ""find_n_largest_numbers"", ""description"": ""Finds the n largest numbers in a list."", ""parameters"": {""nums"": {""description"": ""The list of numbers."", ""type"": ""List[int]""}, ""n"": {""description"": ""The number of largest numbers to find."", ""type"": ""int""}}}, {""name"": ""greatest_common_divisor"", ""description"": ""Computes the greatest common divisor (GCD) of two non-negative integers."", ""parameters"": {""a"": {""description"": ""The first non-negative integer."", ""type"": ""int""}, ""b"": {""description"": ""The second non-negative integer."", ""type"": ""int""}}}]","{""tool"":""greatest_common_divisor"",""arguments"":{""a"":120,""b"":96}}",greatest_common_divisor,"{""a"": 120, ""b"": 96}"
128,"A classroom has 12 students. If the teacher wants to create a seating arrangement with 4 students sitting in a row, how many different ways can this be done?","[{""name"": ""permutation_count"", ""description"": ""Calculates the number of permutations of k elements from a set of n elements."", ""parameters"": {""n"": {""description"": ""The total number of elements in the set."", ""type"": ""int""}, ""k"": {""description"": ""The number of elements to choose for the permutation."", ""type"": ""int""}}}]","{""tool"":""permutation_count"",""arguments"":{""n"":12,""k"":4}}",permutation_count,"{""n"": 12, ""k"": 4}"
129,Calculate the area of a triangle with a base of 5 units and a height of 7 units.,"[{""name"": ""california_alimony"", ""description"": ""Calculates the total alimony one spouse would have to pay to the other in California over a given duration."", ""parameters"": {""payor_monthly_income"": {""description"": ""The monthly gross income of the payor spouse."", ""type"": ""int""}, ""recipient_monthly_income"": {""description"": ""The monthly gross income of the recipient spouse."", ""type"": ""int""}, ""duration_years"": {""description"": ""The duration of the alimony in years."", ""type"": ""int""}}}, {""name"": ""triangle_area"", ""description"": ""Computes the area of a triangle given its base and height."", ""parameters"": {""base"": {""description"": ""The length of the base of the triangle."", ""type"": ""float""}, ""height"": {""description"": ""The height of the triangle."", ""type"": ""float""}}}, {""name"": ""linear_regression_prediction"", ""description"": ""Predicts the y-value for a given x-value using linear regression."", ""parameters"": {""x_values"": {""description"": ""The x-coordinates of the data points."", ""type"": ""List[float]""}, ""y_values"": {""description"": ""The y-coordinates of the data points."", ""type"": ""List[float]""}, ""target_x"": {""description"": ""The x-value for which to predict the y-value."", ""type"": ""float""}}}, {""name"": ""numerical_derivative"", ""description"": ""Estimates the derivative of a function at a given point using the central difference formula."", ""parameters"": {""function"": {""description"": ""The function to calculate the derivative of."", ""type"": ""Callable[[float], float]""}, ""x"": {""description"": ""The point at which to estimate the derivative."", ""type"": ""float""}}}]","{""tool"":""triangle_area"",""arguments"":{""base"":5.0,""height"":7.0}}",triangle_area,"{""base"": 5.0, ""height"": 7.0}"
130,"What are the trending topics related to 'blockchain'? Also, find suggestions for the search query 'cryptocurrency'.","[{""name"": ""search_suggestions"", ""description"": ""Fetches search suggestions from the Twitter API using specified query parameters."", ""parameters"": {""query"": {""description"": ""The search query string."", ""type"": ""str"", ""default"": ""elonmusk""}, ""twttr_session"": {""description"": ""The Twitter session ID for authenticated requests. Defaults to None."", ""type"": ""str, optional"", ""default"": """"}, ""twttr_proxy"": {""description"": ""The Twitter proxy server address. Defaults to None."", ""type"": ""str, optional"", ""default"": """"}, ""cursor"": {""description"": ""The cursor for paginated results. Defaults to None."", ""type"": ""str, optional"", ""default"": """"}}}]","{""tool"":""search_suggestions"",""arguments"":{""query"":""cryptocurrency"",""twttr_session"":"""",""twttr_proxy"":"""",""cursor"":""""}}",search_suggestions,"{""query"": ""cryptocurrency"", ""twttr_session"": """", ""twttr_proxy"": """", ""cursor"": """"}"
131,Find the ZIP code of an IP address '1.1.1.1'.,"[{""name"": ""get_ip_zipcode"", ""description"": ""Retrieves the ZIP code of a given IP address using the ip-api.com API."", ""parameters"": {""ip"": {""description"": ""The IP address to locate."", ""type"": ""str""}}}]","{""tool"":""get_ip_zipcode"",""arguments"":{""ip"":""1.1.1.1""}}",get_ip_zipcode,"{""ip"": ""1.1.1.1""}"
132,"Count the number of set bits in the binary representation of the number 25. Furthermore, estimate the derivative of the function f(x) = sin(x) at the point x = pi/2.","[{""name"": ""count_bits"", ""description"": ""Counts the number of set bits (1's) in the binary representation of a number."", ""parameters"": {""num"": {""description"": ""The input number."", ""type"": ""int""}}}, {""name"": ""numerical_derivative"", ""description"": ""Estimates the derivative of a function at a given point using the central difference formula."", ""parameters"": {""function"": {""description"": ""The function to calculate the derivative of."", ""type"": ""Callable[[float], float]""}, ""x"": {""description"": ""The point at which to estimate the derivative."", ""type"": ""float""}}}, {""name"": ""average"", ""description"": ""Calculates the arithmetic mean of a list of numbers."", ""parameters"": {""numbers"": {""description"": ""The list of numbers."", ""type"": ""List[float]""}}}, {""name"": ""is_valid_palindrome"", ""description"": ""Checks if a string is a valid palindrome, considering only alphanumeric characters and ignoring case."", ""parameters"": {""s"": {""description"": ""The input string."", ""type"": ""str""}}}]","{""tool"":""count_bits"",""arguments"":{""num"":25}}",count_bits,"{""num"": 25}"
133,"Check if the following email addresses are valid: example@example.com, invalidemail, email@com, email@.com, and another.valid@email.com.","[{""name"": ""is_valid_email"", ""description"": ""Checks if an email address is valid."", ""parameters"": {""email"": {""description"": ""The email address to validate."", ""type"": ""str""}}}]","{""tool"":""is_valid_email"",""arguments"":{""email"":""example@example.com""}}",is_valid_email,"{""email"": ""example@example.com""}"
134,"Find the songs by 'Justin Bieber' and the new releases in Canada. Also, provide me with the list of country names sorted in ascending order, with 75 results per page.","[{""name"": ""all_songs_from_artist"", ""description"": ""Retrieves all songs by the specified artist using the Toolbench RapidAPI service."", ""parameters"": {""artist"": {""description"": ""The name of the artist whose songs are to be retrieved."", ""type"": ""str"", ""default"": ""Halsey""}}}, {""name"": ""getallcountry"", ""description"": ""Fetches the list of country names via an API based on the provided query parameters."", ""parameters"": {""limit"": {""description"": ""The maximum number of items per page. Default is 500."", ""type"": ""int, optional"", ""default"": ""500""}, ""page"": {""description"": ""The page number to retrieve. Default is 1."", ""type"": ""int, optional"", ""default"": ""1""}, ""order"": {""description"": ""The order in which to sort results. Accepts 'ASC' for ascending or 'DESC' for descending. Default is 'ASC'."", ""type"": ""str, optional"", ""default"": ""ASC""}}}, {""name"": ""new_releases"", ""description"": ""Retrieves new music releases from Spotify based on the given country code."", ""parameters"": {""country"": {""description"": ""The country code to fetch new releases for. Example values include 'US', 'CA', 'SE', 'IN', 'UK'."", ""type"": ""str"", ""default"": ""us""}}}]","{""tool"":""all_songs_from_artist"",""arguments"":{""artist"":""Justin Bieber""}}",all_songs_from_artist,"{""artist"": ""Justin Bieber""}"
135,"Validate these email addresses: john123@gmail, jane_doe@subdomain.example.co.uk, and invalid_email@. Please provide the responses from the Easy Email Validation API.","[{""name"": ""validate_email"", ""description"": ""Validates an email address using the Easy Email Validation API provided by RapidAPI."", ""parameters"": {""email"": {""description"": ""The email address to validate."", ""type"": ""str"", ""default"": ""example@gmail.com""}}}]","{""tool"":""validate_email"",""arguments"":{""email"":""john123@gmail""}}",validate_email,"{""email"": ""john123@gmail""}"
136,Get the list of public holidays for the year 2023 in Japan and predict the change in forest area for the Siberian taiga over 5 years excluding the impact of human activities.,"[{""name"": ""calculate_order_total"", ""description"": ""Calculates the total cost of an order based on the items, quantities, and prices."", ""parameters"": {""items"": {""description"": ""A list of item names."", ""type"": ""List[str]""}, ""quantities"": {""description"": ""A list of corresponding quantities for each item."", ""type"": ""List[int]""}, ""prices"": {""description"": ""A list of corresponding prices for each item."", ""type"": ""List[float]""}}}, {""name"": ""structural_analysis"", ""description"": ""Performs structural analysis on a building based on its ID, floor numbers, and analysis mode."", ""parameters"": {""building_id"": {""description"": ""The unique identifier of the building."", ""type"": ""str"", ""default"": ""static""}, ""floor_numbers"": {""description"": ""The list of floor numbers to be analyzed."", ""type"": ""List[int]"", ""default"": ""static""}, ""analysis_mode"": {""description"": ""The mode of analysis, either \""static\"" or \""dynamic\"". Defaults to \""static\""."", ""type"": ""str, optional""}}}, {""name"": ""get_holidays_by_year"", ""description"": ""Retrieves the list of public holidays for a given year and country using the Nager.Date API."", ""parameters"": {""year"": {""description"": ""The year for which to retrieve the holidays."", ""type"": ""int""}, ""country_code"": {""description"": ""The two-letter ISO 3166-1 alpha-2 country code."", ""type"": ""str""}}}, {""name"": ""predict_forest_area"", ""description"": ""Predicts the change in forest area over a specified number of years."", ""parameters"": {""location"": {""description"": ""The geographic location for the prediction."", ""type"": ""str""}, ""num_years"": {""description"": ""The number of years into the future to make the prediction."", ""type"": ""int""}, ""include_humans"": {""description"": ""Whether to include the impact of human activities in the prediction. Defaults to False."", ""type"": ""bool, optional""}}}]","{""tool"":""get_holidays_by_year"",""arguments"":{""year"":2023,""country_code"":""JP""}}",get_holidays_by_year,"{""year"": 2023, ""country_code"": ""JP""}"
137,"If the initial population is 400 bacteria, the growth rate is 0.035, the time is 200 minutes, and the doubling time is set to 40 minutes, what is the final count?","[{""name"": ""bacterial_growth"", ""description"": ""Calculates the bacterial population after a given time based on the initial population and growth rate."", ""parameters"": {""initial_population"": {""description"": ""The initial bacterial population."", ""type"": ""int"", ""default"": 20}, ""growth_rate"": {""description"": ""The growth rate per unit time."", ""type"": ""float"", ""default"": 20}, ""time"": {""description"": ""The time elapsed."", ""type"": ""float""}, ""doubling_time"": {""description"": ""The doubling time of the bacteria in minutes. Defaults to 20."", ""type"": ""float, optional""}}}]","{""tool"":""bacterial_growth"",""arguments"":{""initial_population"":400,""growth_rate"":0.035,""time"":200,""doubling_time"":40}}",bacterial_growth,"{""initial_population"": 400, ""growth_rate"": 0.035, ""time"": 200, ""doubling_time"": 40}"
138,"Check if the string '(([]))' contains valid parentheses and generate a random string of length 5 with only lowercase letters. Also, find the duplicate number in the list [4, 2, 3, 1, 2].","[{""name"": ""is_palindrome"", ""description"": ""Checks if a string is a palindrome."", ""parameters"": {""text"": {""description"": ""The input string."", ""type"": ""str""}}}, {""name"": ""is_valid_parentheses"", ""description"": ""Checks if a string contains valid parentheses."", ""parameters"": {""s"": {""description"": ""The input string."", ""type"": ""str""}}}, {""name"": ""generate_random_string"", ""description"": ""Generates a random string of specified length and character types."", ""parameters"": {""length"": {""description"": ""The length of the random string."", ""type"": ""int"", ""default"": true}, ""uppercase"": {""description"": ""Include uppercase letters. Defaults to True."", ""type"": ""bool, optional"", ""default"": true}, ""lowercase"": {""description"": ""Include lowercase letters. Defaults to True."", ""type"": ""bool, optional"", ""default"": true}, ""digits"": {""description"": ""Include digits. Defaults to True."", ""type"": ""bool, optional""}, ""special_chars"": {""description"": ""Include special characters. Defaults to False."", ""type"": ""bool, optional"", ""default"": true}}}, {""name"": ""find_duplicate_number"", ""description"": ""Finds the duplicate number in a list of integers."", ""parameters"": {""nums"": {""description"": ""The list of integers."", ""type"": ""List[int]""}}}]","{""tool"":""is_valid_parentheses"",""arguments"":{""s"":""(([]))""}}",is_valid_parentheses,"{""s"": ""(([]))""}"
139,"Two documents are represented as TF-IDF vectors: doc1 = [0.1, 0.2, 0.3] and doc2 = [0.3, 0.2, 0.1]. What is the cosine similarity between them?","[{""name"": ""cosine_similarity"", ""description"": ""Calculates the cosine similarity between two vectors."", ""parameters"": {""vector_a"": {""description"": ""The first vector."", ""type"": ""List[float]""}, ""vector_b"": {""description"": ""The second vector."", ""type"": ""List[float]""}}}]","{""tool"":""cosine_similarity"",""arguments"":{""vector_a"":[0.1,0.2,0.3],""vector_b"":[0.3,0.2,0.1]}}",cosine_similarity,"{""vector_a"": [0.1, 0.2, 0.3], ""vector_b"": [0.3, 0.2, 0.1]}"
140,"What is the information for the videos with IDs 'Xj0696hTvhY', 'dQw4w9WgXcQ', and 'kXYiU_JCYtU'?","[{""name"": ""video"", ""description"": ""Fetches all available information for a specific YouTube video using the provided video ID."", ""parameters"": {""is_id"": {""description"": ""The unique identifier of the YouTube video."", ""type"": ""str"", ""default"": ""dQw4w9WgXcQ""}}}]","{""tool"":""video"",""arguments"":{""is_id"":""Xj0696hTvhY""}}",video,"{""is_id"": ""Xj0696hTvhY""}"
141,"Calculate the batting average of a player who had 200 hits in 600 at-bats, rounding the result to 3 decimal places. Also, find the batting average of a player who had one hundred thirty-five hits in 450 at-bats, rounding the result to 2 decimal places.","[{""name"": ""batting_average"", ""description"": ""Calculates the batting average of a baseball player based on the number of hits and at-bats."", ""parameters"": {""num_hits"": {""description"": ""The number of hits."", ""type"": ""int"", ""default"": 3}, ""num_at_bats"": {""description"": ""The number of at-bats."", ""type"": ""int"", ""default"": 3}, ""precision"": {""description"": ""The number of decimal places to round the batting average. Defaults to 3."", ""type"": ""int, optional""}}}]","{""tool"":""batting_average"",""arguments"":{""num_hits"":200,""num_at_bats"":600,""precision"":3}}",batting_average,"{""num_hits"": 200, ""num_at_bats"": 600, ""precision"": 3}"
142,Search for a brewery in 'New York' using the Open Brewery DB API.,"[{""name"": ""search"", ""description"": ""Performs a search for a company or a person using the LinkedIn Profiles API."", ""parameters"": {""query"": {""description"": ""The search query term."", ""type"": ""str"", ""default"": ""Bill Gates""}, ""type"": {""description"": ""The type of search to perform. Allowed values are 'person' or 'company'."", ""type"": ""str"", ""default"": """"}}}, {""name"": ""autocomplete"", ""description"": ""Autocomplete a brewery query using the Open Brewery DB API."", ""parameters"": {""query"": {""description"": ""The query string to autocomplete."", ""type"": ""str"", ""default"": ""dog""}}}, {""name"": ""get_ios_app"", ""description"": ""Fetches a specific iOS app's details using the app ID from the iOS Store API."", ""parameters"": {""is_id"": {""description"": ""The ID of the iOS app to fetch."", ""type"": ""str"", ""default"": ""880047117""}}}]","{""tool"":""autocomplete"",""arguments"":{""query"":""New York""}}",autocomplete,"{""query"": ""New York""}"
143,Find out if 25 and 36 are perfect squares.,"[{""name"": ""cosine_similarity"", ""description"": ""Calculates the cosine similarity between two vectors."", ""parameters"": {""vector_a"": {""description"": ""The first vector."", ""type"": ""List[float]""}, ""vector_b"": {""description"": ""The second vector."", ""type"": ""List[float]""}}}, {""name"": ""linear_regression_prediction"", ""description"": ""Predicts the y-value for a given x-value using linear regression."", ""parameters"": {""x_values"": {""description"": ""The x-coordinates of the data points."", ""type"": ""List[float]""}, ""y_values"": {""description"": ""The y-coordinates of the data points."", ""type"": ""List[float]""}, ""target_x"": {""description"": ""The x-value for which to predict the y-value."", ""type"": ""float""}}}, {""name"": ""polygon_area_shoelace"", ""description"": ""Calculates the area of a polygon using the shoelace formula."", ""parameters"": {""vertices"": {""description"": ""A list of polygon vertices represented as tuples (x, y)."", ""type"": ""List[Tuple[float, float]]""}}}, {""name"": ""is_perfect_square"", ""description"": ""Checks if a number is a perfect square."", ""parameters"": {""num"": {""description"": ""The number to check."", ""type"": ""int""}}}]","{""tool"":""is_perfect_square"",""arguments"":{""num"":25}}",is_perfect_square,"{""num"": 25}"
144,Calculate the electric field produced by a charge of 100 coulombs at a distance of 10 meters with a permitivity of 2.2e-11.,"[{""name"": ""cosine_similarity"", ""description"": ""Calculates the cosine similarity between two vectors."", ""parameters"": {""vector_a"": {""description"": ""The first vector."", ""type"": ""List[float]""}, ""vector_b"": {""description"": ""The second vector."", ""type"": ""List[float]""}}}, {""name"": ""calculate_electric_field"", ""description"": ""Calculate the electric field produced by a charge at a certain distance."", ""parameters"": {""charge"": {""description"": ""Charge in coulombs producing the electric field."", ""type"": ""int"", ""default"": 8.854e-12}, ""distance"": {""description"": ""Distance from the charge in meters where the field is being measured."", ""type"": ""int"", ""default"": 8.854e-12}, ""permitivity"": {""description"": ""Permitivity of the space where field is being calculated, default is 8.854e-12."", ""type"": ""float""}}}, {""name"": ""find_n_largest_numbers"", ""description"": ""Finds the n largest numbers in a list."", ""parameters"": {""nums"": {""description"": ""The list of numbers."", ""type"": ""List[int]""}, ""n"": {""description"": ""The number of largest numbers to find."", ""type"": ""int""}}}, {""name"": ""california_alimony"", ""description"": ""Calculates the total alimony one spouse would have to pay to the other in California over a given duration."", ""parameters"": {""payor_monthly_income"": {""description"": ""The monthly gross income of the payor spouse."", ""type"": ""int""}, ""recipient_monthly_income"": {""description"": ""The monthly gross income of the recipient spouse."", ""type"": ""int""}, ""duration_years"": {""description"": ""The duration of the alimony in years."", ""type"": ""int""}}}]","{""tool"":""calculate_electric_field"",""arguments"":{""charge"":100,""distance"":10,""permitivity"":2.2e-11}}",calculate_electric_field,"{""charge"": 100, ""distance"": 10, ""permitivity"": 2.2e-11}"
145,"A proton has a charge of approximately 1.602 x 10^-19 Coulombs. If a proton is placed in an electric field with a voltage of 1000 Volts, what is its potential energy? After that, deal me 5 random cards from a shuffled deck.","[{""name"": ""potential_energy"", ""description"": ""Calculates the electrostatic potential energy given the charge and voltage."", ""parameters"": {""charge"": {""description"": ""The electric charge."", ""type"": ""float""}, ""voltage"": {""description"": ""The electric potential difference (voltage)."", ""type"": ""float""}}}, {""name"": ""draw_cards"", ""description"": ""Shuffles a standard deck of 52 cards and draws a specified number of cards from the top."", ""parameters"": {""num_draw"": {""description"": ""The number of cards to be drawn. Defaults to 1."", ""type"": ""int, optional"", ""default"": 1}}}]","{""tool"":""potential_energy"",""arguments"":{""charge"":1.602e-19,""voltage"":1000}}",potential_energy,"{""charge"": 1.602e-19, ""voltage"": 1000}"
146,"What is the result message of performing a static analysis on building 'A123' for floors [1, 3, 5]?","[{""name"": ""structural_analysis"", ""description"": ""Performs structural analysis on a building based on its ID, floor numbers, and analysis mode."", ""parameters"": {""building_id"": {""description"": ""The unique identifier of the building."", ""type"": ""str"", ""default"": ""static""}, ""floor_numbers"": {""description"": ""The list of floor numbers to be analyzed."", ""type"": ""List[int]"", ""default"": ""static""}, ""analysis_mode"": {""description"": ""The mode of analysis, either \""static\"" or \""dynamic\"". Defaults to \""static\""."", ""type"": ""str, optional""}}}, {""name"": ""calculate_order_total"", ""description"": ""Calculates the total cost of an order based on the items, quantities, and prices."", ""parameters"": {""items"": {""description"": ""A list of item names."", ""type"": ""List[str]""}, ""quantities"": {""description"": ""A list of corresponding quantities for each item."", ""type"": ""List[int]""}, ""prices"": {""description"": ""A list of corresponding prices for each item."", ""type"": ""List[float]""}}}, {""name"": ""is_hotel_available"", ""description"": ""Checks the availability of a hotel for a given date range."", ""parameters"": {""hotel"": {""description"": ""The name of the hotel."", ""type"": ""str""}, ""city"": {""description"": ""The city where the hotel is located."", ""type"": ""str""}, ""checkin"": {""description"": ""The check-in date in the format \""YYYY-MM-DD\""."", ""type"": ""str""}, ""checkout"": {""description"": ""The check-out date in the format \""YYYY-MM-DD\""."", ""type"": ""str""}}}]","{""tool"":""structural_analysis"",""arguments"":{""building_id"":""A123"",""floor_numbers"":[1,3,5],""analysis_mode"":""static""}}",structural_analysis,"{""building_id"": ""A123"", ""floor_numbers"": [1, 3, 5], ""analysis_mode"": ""static""}"
147,I'm looking for songs with the word 'love' in the title. Can you give me some suggestions in English?,"[{""name"": ""auto_complete"", ""description"": ""Fetch autocomplete suggestions for a given term using the Shazam API."", ""parameters"": {""term"": {""description"": ""The word or phrase to get suggestions for (e.g., song title, artist name)."", ""type"": ""str"", ""default"": ""kiss the""}, ""locale"": {""description"": ""The language code for the locale. Defaults to 'en-US'."", ""type"": ""str, optional"", ""default"": ""en-US""}}}]","{""tool"":""auto_complete"",""arguments"":{""term"":""love"",""locale"":""en-US""}}",auto_complete,"{""term"": ""love"", ""locale"": ""en-US""}"
148,"Convert the date '01-01-2022' from 'DD-MM-YYYY' format to 'Month DD, YYYY' format.","[{""name"": ""is_anagram"", ""description"": ""Checks if two words are anagrams of each other."", ""parameters"": {""word1"": {""description"": ""The first word."", ""type"": ""str""}, ""word2"": {""description"": ""The second word."", ""type"": ""str""}}}, {""name"": ""format_date"", ""description"": ""Converts a date string from one format to another."", ""parameters"": {""date"": {""description"": ""The date string to convert."", ""type"": ""str""}, ""input_format"": {""description"": ""The format of the input date string."", ""type"": ""str""}, ""output_format"": {""description"": ""The desired format of the output date string."", ""type"": ""str""}}}, {""name"": ""longest_common_prefix"", ""description"": ""Finds the longest common prefix among a list of strings."", ""parameters"": {""strs"": {""description"": ""The list of strings."", ""type"": ""List[str]""}}}]","{""tool"":""format_date"",""arguments"":{""date"":""01-01-2022"",""input_format"":""DD-MM-YYYY"",""output_format"":""Month DD, YYYY""}}",format_date,"{""date"": ""01-01-2022"", ""input_format"": ""DD-MM-YYYY"", ""output_format"": ""Month DD, YYYY""}"
149,Search for the top 10 recipes for vegetarian pasta and find information about the postal code '10001' using the Postali API.,"[{""name"": ""web_search"", ""description"": ""Performs a web search using the specified parameters and returns the search results."", ""parameters"": {""q"": {""description"": ""Search query."", ""type"": ""str"", ""default"": ""New York ""}, ""lr"": {""description"": ""Restricts the search to documents written in a particular language. Default is 'lang_en'."", ""type"": ""str, optional"", ""default"": ""lang_en""}, ""gl"": {""description"": ""Boosts search results whose country of origin matches the given two-letter country code. Default is 'US'."", ""type"": ""str, optional"", ""default"": ""US""}, ""num"": {""description"": ""Number of search results to return. Valid values are integers between 1 and 20, inclusive. Default is 10."", ""type"": ""int, optional"", ""default"": ""10""}, ""start"": {""description"": ""The index of the first result to return. Default is 0."", ""type"": ""int, optional"", ""default"": ""0""}}}, {""name"": ""codes"", ""description"": ""This function searches for information based on the provided code using the Postali API."", ""parameters"": {""code"": {""description"": ""The code to be searched."", ""type"": ""str"", ""default"": ""66446""}}}, {""name"": ""web_search"", ""description"": ""Performs a web search using the specified query and optional parameters."", ""parameters"": {""query"": {""description"": ""The search query to be executed. Examples include 'ronaldo site:instagram.com', 'twitter filetype:pdf', and 'inurl:market'."", ""type"": ""str"", ""default"": ""Leo Messi""}, ""related_keywords"": {""description"": ""If specified, includes related keywords in the search results. This may increase API latency. Default is None."", ""type"": ""str, optional"", ""default"": """"}, ""limit"": {""description"": ""The maximum number of search results to return. The maximum recommended value is 300. Default is 10."", ""type"": ""int, optional"", ""default"": ""10""}}}]","{""tool"":""web_search"",""arguments"":{""q"":""top 10 vegetarian pasta recipes"",""num"":10}}",web_search,"{""q"": ""top 10 vegetarian pasta recipes"", ""num"": 10}"
150,Rewrite the following article in Italian: 'Il veloce volpe marrone salta sopra il cane pigro.',"[{""name"": ""generate"", ""description"": ""Generate a rewritten version of a given article using the Article Rewriter Pro API."", ""parameters"": {""lang"": {""description"": ""Language code of the article to be rewritten."", ""type"": ""str"", ""default"": ""en""}, ""article"": {""description"": ""The article text to be rewritten."", ""type"": ""str"", ""default"": ""Dedicated servers or bare metal servers are a server in itself with no server resources sharing with  other hosting account users. These servers offer a higher power and flexibility, but usually comes at a  premium cost. In such cases, you must have to research well about the dedicated hosting service providers.""}}}, {""name"": ""translation"", ""description"": ""Translates a given text from one language to another using the Ginger API."", ""parameters"": {""text"": {""description"": ""The text to be translated."", ""type"": ""str"", ""default"": ""How are you?""}, ""tolanguage"": {""description"": ""The language to which the text will be translated."", ""type"": ""str"", ""default"": ""fr""}, ""fromlanguage"": {""description"": ""The language from which the text will be translated."", ""type"": ""str"", ""default"": ""en""}}}]","{""tool"":""translation"",""arguments"":{""text"":""Il veloce volpe marrone salta sopra il cane pigro."",""tolanguage"":""it"",""fromlanguage"":""en""}}",translation,"{""text"": ""Il veloce volpe marrone salta sopra il cane pigro."", ""tolanguage"": ""it"", ""fromlanguage"": ""en""}"
151,"Find the equilibrium index of the list [2, 4, 6, 8, 10, 12, 14] and determine if the number 101 is prime.","[{""name"": ""is_prime"", ""description"": ""Checks if a number is prime."", ""parameters"": {""num"": {""description"": ""The number to be checked."", ""type"": ""int""}}}, {""name"": ""find_equilibrium_index"", ""description"": ""Finds the equilibrium index of a list, where the sum of elements on the left is equal to the sum of elements on the right."", ""parameters"": {""arr"": {""description"": ""The input list of integers."", ""type"": ""List[int]""}}}, {""name"": ""calculate_angle"", ""description"": ""Calculates the angle between the hour and minute hands of a clock."", ""parameters"": {""hour"": {""description"": ""The hour value (1-12)."", ""type"": ""int""}, ""minute"": {""description"": ""The minute value (0-59)."", ""type"": ""int""}}}]","{""tool"":""find_equilibrium_index"",""arguments"":{""arr"":[2,4,6,8,10,12,14]}}",find_equilibrium_index,"{""arr"": [2, 4, 6, 8, 10, 12, 14]}"
152,"Find all pairs of integers in the list [1, 2, 3, 4, 5] that sum up to 7.","[{""name"": ""find_pairs_with_sum"", ""description"": ""Finds all pairs of integers in a list that sum up to a target value."", ""parameters"": {""nums"": {""description"": ""The list of integers."", ""type"": ""List[int]""}, ""target"": {""description"": ""The target sum value."", ""type"": ""int""}}}, {""name"": ""linear_regression_prediction"", ""description"": ""Predicts the y-value for a given x-value using linear regression."", ""parameters"": {""x_values"": {""description"": ""The x-coordinates of the data points."", ""type"": ""List[float]""}, ""y_values"": {""description"": ""The y-coordinates of the data points."", ""type"": ""List[float]""}, ""target_x"": {""description"": ""The x-value for which to predict the y-value."", ""type"": ""float""}}}, {""name"": ""greatest_common_divisor"", ""description"": ""Computes the greatest common divisor (GCD) of two non-negative integers."", ""parameters"": {""a"": {""description"": ""The first non-negative integer."", ""type"": ""int""}, ""b"": {""description"": ""The second non-negative integer."", ""type"": ""int""}}}]","{""tool"":""find_pairs_with_sum"",""arguments"":{""nums"":[1,2,3,4,5],""target"":7}}",find_pairs_with_sum,"{""nums"": [1, 2, 3, 4, 5], ""target"": 7}"
153,"Validate the email addresses 'frank@example.com', 'george@example.net', and 'helen@example.org'. Use a custom API key for the RapidAPI Whois Lookup service.","[{""name"": ""emailvalidation"", ""description"": ""Validates if an email address exists using the RapidAPI Whois Lookup service."", ""parameters"": {""email"": {""description"": ""The email address to be validated."", ""type"": ""str"", ""default"": ""info@peekdomain.com""}}}]","{""tool"":""emailvalidation"",""arguments"":{""email"":""frank@example.com""}}",emailvalidation,"{""email"": ""frank@example.com""}"
154,"Validate the following Sudoku board: [[5, 3, 0, 0, 7, 0, 0, 0, 0], [6, 0, 0, 1, 9, 5, 0, 0, 0], [0, 9, 8, 0, 0, 0, 0, 6, 0], [8, 0, 0, 0, 6, 0, 0, 0, 3], [4, 0, 0, 8, 0, 3, 0, 0, 1], [7, 0, 0, 0, 2, 0, 0, 0, 6], [0, 6, 0, 0, 0, 0, 2, 8, 0], [0, 0, 0, 4, 1, 9, 0, 0, 5], [0, 0, 0, 0, 8, 0, 0, 7, 9]]","[{""name"": ""create_histogram"", ""description"": ""Create a histogram based on provided data."", ""parameters"": {""data"": {""description"": ""The data for which histogram needs to be plotted."", ""type"": ""list"", ""default"": 10}, ""bins"": {""description"": ""The number of equal-width bins in the range. Default is 10."", ""type"": ""int"", ""default"": 10}}}, {""name"": ""independent_samples_t_test"", ""description"": ""Conducts a two-sample independent t-test and returns the t-statistic, p-value, and conclusion."", ""parameters"": {""sample1"": {""description"": ""The first sample of observations."", ""type"": ""List[float]"", ""default"": 0.05}, ""sample2"": {""description"": ""The second sample of observations."", ""type"": ""List[float]"", ""default"": 0.05}, ""alpha"": {""description"": ""The significance level of the test. Defaults to 0.05."", ""type"": ""float, optional""}}}, {""name"": ""is_valid_sudoku"", ""description"": ""Checks if a 9x9 Sudoku board is valid."", ""parameters"": {""board"": {""description"": ""The Sudoku board represented as a 2D list of strings."", ""type"": ""List[List[str]]""}}}, {""name"": ""mean_confidence_interval"", ""description"": ""Calculates the confidence interval for a sample mean."", ""parameters"": {""std_dev"": {""description"": ""The standard deviation of the sample."", ""type"": ""float"", ""default"": 0.95}, ""sample_size"": {""description"": ""The size of the sample."", ""type"": ""int"", ""default"": 0.95}, ""mean"": {""description"": ""The mean of the sample."", ""type"": ""float""}, ""confidence"": {""description"": ""The desired confidence level. Default is 0.95."", ""type"": ""float, optional""}}}]","{""tool"":""is_valid_sudoku"",""arguments"":{""board"":[[""5"",""3"",""0"",""0"",""7"",""0"",""0"",""0"",""0""],[""6"",""0"",""0"",""1"",""9"",""5"",""0"",""0"",""0""],[""0"",""9"",""8"",""0"",""0"",""0"",""0"",""6"",""0""],[""8"",""0"",""0"",""0"",""6"",""0"",""0"",""0"",""3""],[""4"",""0"",""0"",""8"",""0"",""3"",""0"",""0"",""1""],[""7"",""0"",""0"",""0"",""2"",""0"",""0"",""0"",""6""],[""0"",""6"",""0"",""0"",""0"",""0"",""2"",""8"",""0""],[""0"",""0"",""0"",""4"",""1"",""9"",""0"",""0"",""5""],[""0"",""0"",""0"",""0"",""8"",""0"",""0"",""7"",""9""]]}}",is_valid_sudoku,"{""board"": [[""5"", ""3"", ""0"", ""0"", ""7"", ""0"", ""0"", ""0"", ""0""], [""6"", ""0"", ""0"", ""1"", ""9"", ""5"", ""0"", ""0"", ""0""], [""0"", ""9"", ""8"", ""0"", ""0"", ""0"", ""0"", ""6"", ""0""], [""8"", ""0"", ""0"", ""0"", ""6"", ""0"", ""0"", ""0"", ""3""], [""4"", ""0"", ""0"", ""8"", ""0"", ""3"", ""0"", ""0"", ""1""], [""7"", ""0"", ""0"", ""0"", ""2"", ""0"", ""0"", ""0"", ""6""], [""0"", ""6"", ""0"", ""0"", ""0"", ""0"", ""2"", ""8"", ""0""], [""0"", ""0"", ""0"", ""4"", ""1"", ""9"", ""0"", ""0"", ""5""], [""0"", ""0"", ""0"", ""0"", ""8"", ""0"", ""0"", ""7"", ""9""]]}"
155,"Is the Queens Hotel in Berlin available for check-in on March 12, 2022 and check-out on March 16, 2022?","[{""name"": ""is_hotel_available"", ""description"": ""Checks the availability of a hotel for a given date range."", ""parameters"": {""hotel"": {""description"": ""The name of the hotel."", ""type"": ""str""}, ""city"": {""description"": ""The city where the hotel is located."", ""type"": ""str""}, ""checkin"": {""description"": ""The check-in date in the format \""YYYY-MM-DD\""."", ""type"": ""str""}, ""checkout"": {""description"": ""The check-out date in the format \""YYYY-MM-DD\""."", ""type"": ""str""}}}]","{""tool"":""is_hotel_available"",""arguments"":{""hotel"":""Queens Hotel"",""city"":""Berlin"",""checkin"":""2022-03-12"",""checkout"":""2022-03-16""}}",is_hotel_available,"{""hotel"": ""Queens Hotel"", ""city"": ""Berlin"", ""checkin"": ""2022-03-12"", ""checkout"": ""2022-03-16""}"
156,Locate the IP address 192.168.0.1 on the map and find its ZIP code.,"[{""name"": ""get_ip_zipcode"", ""description"": ""Retrieves the ZIP code of a given IP address using the ip-api.com API."", ""parameters"": {""ip"": {""description"": ""The IP address to locate."", ""type"": ""str""}}}, {""name"": ""get_ip_location"", ""description"": ""Retrieves the latitude and longitude coordinates of a given IP address using the ip-api.com API."", ""parameters"": {""ip"": {""description"": ""The IP address to locate."", ""type"": ""str""}}}]","{""tool"":""get_ip_zipcode"",""arguments"":{""ip"":""192.168.0.1""}}",get_ip_zipcode,"{""ip"": ""192.168.0.1""}"
157,"Calculate the investment growth for an initial investment of $1000, annual addition of $500, for 10 years, with a return rate of 7% and an annual inflation rate of 2%.","[{""name"": ""project_investment_growth"", ""description"": ""Projects the growth of an investment over a specified number of years."", ""parameters"": {""principal"": {""description"": ""The initial investment amount."", ""type"": ""float"", ""default"": true}, ""annual_addition"": {""description"": ""The amount added to the investment annually."", ""type"": ""float"", ""default"": true}, ""years"": {""description"": ""The number of years to project the investment growth."", ""type"": ""int""}, ""return_rate"": {""description"": ""The annual return rate as a decimal (e.g., 0.07 for 7%)."", ""type"": ""float""}, ""inflation"": {""description"": ""A list of annual inflation rates as decimals."", ""type"": ""List[float]""}, ""inflation_adjusted"": {""description"": ""Whether to adjust the final value for inflation. Defaults to True."", ""type"": ""bool, optional""}}}, {""name"": ""get_pokemon_move_info"", ""description"": ""Retrieves information about a Pokémon's move using the PokéAPI."", ""parameters"": {""pokemon_name"": {""description"": ""The name of the Pokémon."", ""type"": ""str"", ""default"": ""run""}, ""move_name"": {""description"": ""The name of the move to check. Defaults to \""run\""."", ""type"": ""str, optional"", ""default"": ""run""}}}, {""name"": ""geocode_city"", ""description"": ""Retrieves the latitude and longitude coordinates of a given city using the Maps.co Geocoding API."", ""parameters"": {""city"": {""description"": ""The name of the city."", ""type"": ""str""}}}, {""name"": ""is_valid_ip_address"", ""description"": ""Checks if a string is a valid IP address (IPv4)."", ""parameters"": {""ip"": {""description"": ""The string to check."", ""type"": ""str""}}}]","{""tool"":""project_investment_growth"",""arguments"":{""principal"":1000.0,""annual_addition"":500.0,""years"":10,""return_rate"":0.07,""inflation"":[0.02],""inflation_adjusted"":true}}",project_investment_growth,"{""principal"": 1000.0, ""annual_addition"": 500.0, ""years"": 10, ""return_rate"": 0.07, ""inflation"": [0.02], ""inflation_adjusted"": true}"
158,Calculate the resistance of a 100 meter long aluminum wire with a cross-sectional area of 0.00005 square meters and also find the greatest common divisor of 144 and 24.,"[{""name"": ""sort_numbers"", ""description"": ""Sorts a list of numbers in ascending or descending order."", ""parameters"": {""numbers"": {""description"": ""The list of numbers to be sorted."", ""type"": ""List[float]""}, ""descending"": {""description"": ""If True, sorts the numbers in descending order. Defaults to False."", ""type"": ""bool, optional""}}}, {""name"": ""binomial_probability"", ""description"": ""Calculates the probability of getting exactly k successes in n independent trials,"", ""parameters"": {""n"": {""description"": ""The total number of trials."", ""type"": ""int""}, ""k"": {""description"": ""The number of successes."", ""type"": ""int""}, ""p"": {""description"": ""The probability of success in each trial."", ""type"": ""float""}}}, {""name"": ""wire_resistance"", ""description"": ""Calculates the resistance of a wire based on its length, cross-sectional area, and material resistivity."", ""parameters"": {""length_m"": {""description"": ""The length of the wire in meters."", ""type"": ""int"", ""default"": ""copper""}, ""area_sq_m"": {""description"": ""The cross-sectional area of the wire in square meters."", ""type"": ""float"", ""default"": ""copper""}, ""material"": {""description"": ""The material of the wire. Allowed values: \""copper\"" (default) or \""aluminum\""."", ""type"": ""str, optional""}}}, {""name"": ""greatest_common_divisor"", ""description"": ""Computes the greatest common divisor (GCD) of two non-negative integers."", ""parameters"": {""a"": {""description"": ""The first non-negative integer."", ""type"": ""int""}, ""b"": {""description"": ""The second non-negative integer."", ""type"": ""int""}}}, {""name"": ""find_next_greater_element"", ""description"": ""Finds the next greater element for each element in a list."", ""parameters"": {""nums"": {""description"": ""The list of numbers."", ""type"": ""List[int]""}}}]","{""tool"":""wire_resistance"",""arguments"":{""length_m"":100,""area_sq_m"":0.00005,""material"":""aluminum""}}",wire_resistance,"{""length_m"": 100, ""area_sq_m"": 5e-05, ""material"": ""aluminum""}"
159,Find the next 10 marketing jobs in Espoo after the first 10.,"[{""name"": ""searchjobs"", ""description"": ""Searches for job listings based on the specified location, keyword, and offset, using the Indeed Jobs API for Finland."", ""parameters"": {""location"": {""description"": ""The location to search for jobs (e.g., a specific city or state in Finland)."", ""type"": ""str"", ""default"": ""Helsinki""}, ""keyword"": {""description"": ""The search keyword, which can be a job title or skill title."", ""type"": ""str"", ""default"": ""python developer""}, ""offset"": {""description"": ""The starting point of the job listings page. Increase by 10 for pagination to get subsequent pages."", ""type"": ""int"", ""default"": ""0""}}}, {""name"": ""get_the_latest_remote_jobs"", ""description"": ""Fetches the latest 20 remote job listings from a specified company and/or category using the RapidAPI."", ""parameters"": {""company"": {""description"": ""The company name to filter job listings (default is 'shopify')."", ""type"": ""str"", ""default"": ""shopify""}, ""category"": {""description"": ""The job category to filter job listings (default is None)."", ""type"": ""str"", ""default"": """"}}}, {""name"": ""generate_document_cover_letter"", ""description"": ""Generates a cover letter document based on the provided job description and personal information using the AI Resume Generator API."", ""parameters"": {""jobdescription"": {""description"": ""Description of the job position. Default is \""Example Co. is looking for a Full Stack Web Developer to maintain and improve our custom web application. The solutions will require both frontend and backend skills. Our web application runs on a LEMP stack. LEMP stack experience is a bonus, but not required.\"""", ""type"": ""str"", ""default"": ""Example Co. is looking for a Full Stack Web Developer to maintain and improve our custom web application. The solutions will require both frontend and backend skills. Our web application runs on a LEMP stack. LEMP stack experience is a bonus, but not required.""}, ""degree"": {""description"": ""Your degree. Default is \""Information Systems\""."", ""type"": ""str"", ""default"": ""Information Systems""}, ""university"": {""description"": ""Name of the university where you obtained your degree. Default is \""Michigan State University\""."", ""type"": ""str"", ""default"": ""Michigan State University""}, ""skills"": {""description"": ""List of relevant skills. Default is \""Networking, Web Development\""."", ""type"": ""str"", ""default"": ""Networking, Web Development""}, ""jobtitle"": {""description"": ""Title of the job you are applying for. Default is \""Full Stack Web Developer\""."", ""type"": ""str"", ""default"": ""Full Stack Web Developer""}}}]","{""tool"":""searchjobs"",""arguments"":{""location"":""Espoo"",""keyword"":""marketing"",""offset"":10}}",searchjobs,"{""location"": ""Espoo"", ""keyword"": ""marketing"", ""offset"": 10}"
160,"Calculate the total cost of an order with items ['Apple', 'Banana'], quantities [2, 3], and prices [1.5, 0.8].","[{""name"": ""get_ip_zipcode"", ""description"": ""Retrieves the ZIP code of a given IP address using the ip-api.com API."", ""parameters"": {""ip"": {""description"": ""The IP address to locate."", ""type"": ""str""}}}, {""name"": ""get_dna_sequence"", ""description"": ""Retrieves the DNA sequence for a given sequence ID from the NCBI Nucleotide database."", ""parameters"": {""sequence_id"": {""description"": ""The unique identifier for the DNA sequence."", ""type"": ""str"", ""default"": ""fasta""}, ""file_format"": {""description"": ""The format of the returned sequence. Allowed values: \""fasta\"" (default) or \""gb\""."", ""type"": ""str, optional""}, ""upstream_bases"": {""description"": ""The number of bases upstream of the sequence to include. Defaults to 0."", ""type"": ""int, optional"", ""default"": ""fasta""}}}, {""name"": ""is_valid_ip_address"", ""description"": ""Checks if a string is a valid IP address (IPv4)."", ""parameters"": {""ip"": {""description"": ""The string to check."", ""type"": ""str""}}}, {""name"": ""calculate_order_total"", ""description"": ""Calculates the total cost of an order based on the items, quantities, and prices."", ""parameters"": {""items"": {""description"": ""A list of item names."", ""type"": ""List[str]""}, ""quantities"": {""description"": ""A list of corresponding quantities for each item."", ""type"": ""List[int]""}, ""prices"": {""description"": ""A list of corresponding prices for each item."", ""type"": ""List[float]""}}}, {""name"": ""reserve_hotel_room"", ""description"": ""Reserves a hotel room with the specified details."", ""parameters"": {""room_type"": {""description"": ""The type of room to reserve."", ""type"": ""str""}, ""nightly_rate"": {""description"": ""The nightly rate for the room."", ""type"": ""float""}, ""checkin_date"": {""description"": ""The check-in date in the format 'YYYY-MM-DD'."", ""type"": ""str""}, ""checkout_date"": {""description"": ""The check-out date in the format 'YYYY-MM-DD'."", ""type"": ""str""}, ""guest_id"": {""description"": ""The unique identifier for the guest."", ""type"": ""str""}, ""promo_code"": {""description"": ""A promotional code for a discount. Defaults to None."", ""type"": ""str, optional""}}}]","{""tool"":""calculate_order_total"",""arguments"":{""items"":[""Apple"",""Banana""],""quantities"":[2,3],""prices"":[1.5,0.8]}}",calculate_order_total,"{""items"": [""Apple"", ""Banana""], ""quantities"": [2, 3], ""prices"": [1.5, 0.8]}"
161,Find me 5 hospitals in the Centre region of Cameroon and also find me 3 colleges in the Littoral region of Cameroon.,"[{""name"": ""facilities_lookup"", ""description"": ""Fetch a list of facilities in Cameroon based on provided query parameters."", ""parameters"": {""type"": {""description"": ""The type of facility to search for (e.g., hospital, bank, college). Refer to the OpenStreetMap Map features for more options."", ""type"": ""str"", ""default"": ""hospital""}, ""region"": {""description"": ""The region where the facility is located."", ""type"": ""str"", ""default"": ""littoral""}, ""city"": {""description"": ""The city where the facility is located. Default is 'douala'."", ""type"": ""str, optional"", ""default"": ""douala""}, ""limit"": {""description"": ""The maximum number of facilities to return. Default is 10."", ""type"": ""int, optional"", ""default"": ""10""}}}]","{""tool"":""facilities_lookup"",""arguments"":{""type"":""hospital"",""region"":""Centre"",""limit"":5}}",facilities_lookup,"{""type"": ""hospital"", ""region"": ""Centre"", ""limit"": 5}"
162,"Find all .jpg files in the directory '/home/user/pictures'. Also, find the first non-repeating character in the string 'racecar'.","[{""name"": ""find_missing_ranges"", ""description"": ""Finds the missing ranges between lower and upper in a sorted list of integers."", ""parameters"": {""nums"": {""description"": ""The sorted list of integers."", ""type"": ""List[int]""}, ""lower"": {""description"": ""The lower bound."", ""type"": ""int""}, ""upper"": {""description"": ""The upper bound."", ""type"": ""int""}}}, {""name"": ""binary_search"", ""description"": ""Performs binary search on a sorted list to find the index of a target value."", ""parameters"": {""arr"": {""description"": ""The sorted list of integers."", ""type"": ""List[int]""}, ""target"": {""description"": ""The target value to search for."", ""type"": ""int""}}}, {""name"": ""find_max_subarray_sum"", ""description"": ""Finds the maximum sum of a contiguous subarray within a list of integers."", ""parameters"": {""nums"": {""description"": ""The input list of integers."", ""type"": ""List[int]""}}}, {""name"": ""is_palindrome"", ""description"": ""Checks if a string is a palindrome."", ""parameters"": {""text"": {""description"": ""The input string."", ""type"": ""str""}}}, {""name"": ""find_files"", ""description"": ""Finds all files with a specific extension in a directory and its subdirectories."", ""parameters"": {""directory"": {""description"": ""The directory to search in."", ""type"": ""str""}, ""extension"": {""description"": ""The file extension to search for."", ""type"": ""str""}}}, {""name"": ""find_first_non_repeating_char"", ""description"": ""Finds the first non-repeating character in a string."", ""parameters"": {""s"": {""description"": ""The input string."", ""type"": ""str""}}}]","{""tool"":""find_files"",""arguments"":{""directory"":""/home/user/pictures"",""extension"":"".jpg""}}",find_files,"{""directory"": ""/home/user/pictures"", ""extension"": "".jpg""}"
163,"What is the neuronal activity rate given a synaptic input rate of 10, a synaptic weight of 0.5, and a decay constant of 0.2? What is the Euclidean distance between the points (1, 2, 3) and (4, 5, 6)?","[{""name"": ""neuronal_activity_rate"", ""description"": ""Calculates the neuronal activity rate based on the synaptic input rate, synaptic weight, and decay constant."", ""parameters"": {""synaptic_input_rate"": {""description"": ""The rate of synaptic inputs per second."", ""type"": ""int"", ""default"": 1.0}, ""synaptic_weight"": {""description"": ""The weight of the synaptic input, denoting its influence. Defaults to 1.0."", ""type"": ""float, optional"", ""default"": 0.1}, ""decay_constant"": {""description"": ""The rate at which the neuron's potential decays. Defaults to 0.1."", ""type"": ""float, optional"", ""default"": 1.0}}}, {""name"": ""calculate_distance"", ""description"": ""Calculates the Euclidean distance between two points in n-dimensional space."", ""parameters"": {""point1"": {""description"": ""The coordinates of the first point."", ""type"": ""List[float]""}, ""point2"": {""description"": ""The coordinates of the second point."", ""type"": ""List[float]""}}}, {""name"": ""batting_average"", ""description"": ""Calculates the batting average of a baseball player based on the number of hits and at-bats."", ""parameters"": {""num_hits"": {""description"": ""The number of hits."", ""type"": ""int"", ""default"": 3}, ""num_at_bats"": {""description"": ""The number of at-bats."", ""type"": ""int"", ""default"": 3}, ""precision"": {""description"": ""The number of decimal places to round the batting average. Defaults to 3."", ""type"": ""int, optional""}}}, {""name"": ""calculate_standard_deviation"", ""description"": ""Calculates the standard deviation of a list of numbers."", ""parameters"": {""numbers"": {""description"": ""The list of numbers."", ""type"": ""List[Union[int, float]]""}}}, {""name"": ""average"", ""description"": ""Calculates the arithmetic mean of a list of numbers."", ""parameters"": {""numbers"": {""description"": ""The list of numbers."", ""type"": ""List[float]""}}}, {""name"": ""is_power_of_two"", ""description"": ""Checks if a number is a power of two."", ""parameters"": {""num"": {""description"": ""The number to check."", ""type"": ""int""}}}]","{""tool"":""neuronal_activity_rate"",""arguments"":{""synaptic_input_rate"":10,""synaptic_weight"":0.5,""decay_constant"":0.2}}",neuronal_activity_rate,"{""synaptic_input_rate"": 10, ""synaptic_weight"": 0.5, ""decay_constant"": 0.2}"
164,"What is the standard deviation of the numbers [0.5, 1.5, 2.5, 3.5, 4.5]? Also, what is the standard deviation of the numbers [5.5, 6.5, 7.5, 8.5, 9.5]?","[{""name"": ""calculate_standard_deviation"", ""description"": ""Calculates the standard deviation of a list of numbers."", ""parameters"": {""numbers"": {""description"": ""The list of numbers."", ""type"": ""List[Union[int, float]]""}}}]","{""tool"":""calculate_standard_deviation"",""arguments"":{""numbers"":[0.5,1.5,2.5,3.5,4.5]}}",calculate_standard_deviation,"{""numbers"": [0.5, 1.5, 2.5, 3.5, 4.5]}"
165,"Consider a large group of 100 individuals, with 70 extroverts and 30 introverts. What can be said about their social harmony, leadership potential, and group cohesion?","[{""name"": ""analyze_social_group_dynamics"", ""description"": ""Analyzes the social dynamics within a group based on the personality traits and group size."", ""parameters"": {""total"": {""description"": ""The total group size."", ""type"": ""int""}, ""extroverts"": {""description"": ""The number of extroverted members in the group."", ""type"": ""int""}, ""introverts"": {""description"": ""The number of introverted members in the group."", ""type"": ""int""}}}]","{""tool"":""analyze_social_group_dynamics"",""arguments"":{""total"":100,""extroverts"":70,""introverts"":30}}",analyze_social_group_dynamics,"{""total"": 100, ""extroverts"": 70, ""introverts"": 30}"
166,Find the roots of the quadratic equation x^2 + 2x + 2 = 0.,"[{""name"": ""solve_quadratic"", ""description"": ""Computes the roots of a quadratic equation given its coefficients."", ""parameters"": {""a"": {""description"": ""The coefficient of the quadratic term (x^2)."", ""type"": ""float""}, ""b"": {""description"": ""The coefficient of the linear term (x)."", ""type"": ""float""}, ""c"": {""description"": ""The constant term."", ""type"": ""float""}}}]","{""tool"":""solve_quadratic"",""arguments"":{""a"":1,""b"":2,""c"":2}}",solve_quadratic,"{""a"": 1, ""b"": 2, ""c"": 2}"
167,Search for images using the URL 'https://example.com' with country code 'ca' and language code 'fr' and generate a random password of length 18.,"[{""name"": ""getrandompassword"", ""description"": ""Generates a random password string of the specified length using the Random Chunk API on RapidAPI."", ""parameters"": {""length"": {""description"": ""The desired length of the generated password. Defaults to 10."", ""type"": ""int, optional"", ""default"": ""10""}}}, {""name"": ""image_search"", ""description"": ""Search for images using a given URL and retrieve visual matches, knowledge graph information, products and prices, and text and object detections."", ""parameters"": {""url"": {""description"": ""URL of an image to perform Google Lens search."", ""type"": ""str"", ""default"": ""https://i.imgur.com/HBrB8p0.png""}, ""country"": {""description"": ""The country code for the search. Defaults to 'us'."", ""type"": ""str, optional"", ""default"": ""us""}, ""language"": {""description"": ""The language code for the results. Defaults to 'en'."", ""type"": ""str, optional"", ""default"": ""en""}}}, {""name"": ""retreive_collections"", ""description"": ""Retrieves information about collections, including real-time statistics such as floor price."", ""parameters"": {""filters"": {""description"": ""A JSON string representing the filters to apply when retrieving collections. Default is '{\""sort\"":\""VOLUME_ONE_DAY\"",\""order\"":\""DESC\""}'."", ""type"": ""str"", ""default"": ""{\""sort\"":\""VOLUME_ONE_DAY\"",\""order\"":\""DESC\""}""}}}]","{""tool"":""getrandompassword"",""arguments"":{""length"":18}}",getrandompassword,"{""length"": 18}"
168,"Find the prime factors of 120 and also calculate the Euclidean distance between the points (3, 4) and (6, 8).","[{""name"": ""calculate_electric_field"", ""description"": ""Calculate the electric field produced by a charge at a certain distance."", ""parameters"": {""charge"": {""description"": ""Charge in coulombs producing the electric field."", ""type"": ""int"", ""default"": 8.854e-12}, ""distance"": {""description"": ""Distance from the charge in meters where the field is being measured."", ""type"": ""int"", ""default"": 8.854e-12}, ""permitivity"": {""description"": ""Permitivity of the space where field is being calculated, default is 8.854e-12."", ""type"": ""float""}}}, {""name"": ""find_next_greater_element"", ""description"": ""Finds the next greater element for each element in a list."", ""parameters"": {""nums"": {""description"": ""The list of numbers."", ""type"": ""List[int]""}}}, {""name"": ""prime_factorization"", ""description"": ""Computes the prime factorization of a positive integer."", ""parameters"": {""number"": {""description"": ""The positive integer to factorize."", ""type"": ""int""}}}, {""name"": ""calculate_distance"", ""description"": ""Calculates the Euclidean distance between two points in n-dimensional space."", ""parameters"": {""point1"": {""description"": ""The coordinates of the first point."", ""type"": ""List[float]""}, ""point2"": {""description"": ""The coordinates of the second point."", ""type"": ""List[float]""}}}, {""name"": ""is_power"", ""description"": ""Checks if a number is a power of a given base."", ""parameters"": {""num"": {""description"": ""The number to check."", ""type"": ""int""}, ""base"": {""description"": ""The base to check against."", ""type"": ""int""}}}, {""name"": ""matrix_multiply"", ""description"": ""Multiplies two matrices."", ""parameters"": {""matrix_a"": {""description"": ""The first matrix."", ""type"": ""List[List[float]]""}, ""matrix_b"": {""description"": ""The second matrix."", ""type"": ""List[List[float]]""}}}, {""name"": ""density"", ""description"": ""Calculates the density of an object given its mass and volume."", ""parameters"": {""mass"": {""description"": ""The mass of the object."", ""type"": ""float""}, ""volume"": {""description"": ""The volume of the object."", ""type"": ""float""}}}]","{""tool"":""prime_factorization"",""arguments"":{""number"":120}}",prime_factorization,"{""number"": 120}"
169,Generate a password of length 16 with special characters.,"[{""name"": ""fibonacci"", ""description"": ""Calculates the nth Fibonacci number."", ""parameters"": {""n"": {""description"": ""The position of the Fibonacci number."", ""type"": ""int""}}}, {""name"": ""generate_password"", ""description"": ""Generates a random password of specified length and character types."", ""parameters"": {""length"": {""description"": ""The length of the password. Defaults to 12."", ""type"": ""int, optional"", ""default"": 12}, ""include_special"": {""description"": ""Whether to include special characters in the password. Defaults to True."", ""type"": ""bool, optional"", ""default"": true}}}, {""name"": ""find_duplicate_number"", ""description"": ""Finds the duplicate number in a list of integers."", ""parameters"": {""nums"": {""description"": ""The list of integers."", ""type"": ""List[int]""}}}, {""name"": ""is_palindrome"", ""description"": ""Checks if a string is a palindrome."", ""parameters"": {""text"": {""description"": ""The input string."", ""type"": ""str""}}}, {""name"": ""is_subset"", ""description"": ""Checks if one set is a subset of another set."", ""parameters"": {""set1"": {""description"": ""The first set."", ""type"": ""set""}, ""set2"": {""description"": ""The second set."", ""type"": ""set""}}}]","{""tool"":""generate_password"",""arguments"":{""length"":16,""include_special"":true}}",generate_password,"{""length"": 16, ""include_special"": true}"
170,Fetch order details for the last three orders placed on the grocery delivery app.,"[{""name"": ""get_order"", ""description"": ""Fetches the order information for a given order ID using the Toolbench RapidAPI."", ""parameters"": {""is_id"": {""description"": ""The ID of the order to be fetched."", ""type"": ""str"", ""default"": """"}}}]","{""tool"":""get_order"",""arguments"":{""is_id"":""""}}",get_order,"{""is_id"": """"}"
171,"Calculate the area of a right-angled triangle with vertices at (0, 0), (3, 0), and (0, 4).","[{""name"": ""polygon_area_shoelace"", ""description"": ""Calculates the area of a polygon using the shoelace formula."", ""parameters"": {""vertices"": {""description"": ""A list of polygon vertices represented as tuples (x, y)."", ""type"": ""List[Tuple[float, float]]""}}}]","{""tool"":""polygon_area_shoelace"",""arguments"":{""vertices"":[[0,0],[3,0],[0,4]]}}",polygon_area_shoelace,"{""vertices"": [[0, 0], [3, 0], [0, 4]]}"
172,"Remove duplicates from the list [1, 2, 3, 2, 1]. Also, find the maximum sum of a contiguous subarray within the list of integers [1, -2, 3, 5, -1]. Lastly, check if 'listen' and 'silent' are anagrams.","[{""name"": ""calculate_grade"", ""description"": ""Calculates the weighted average grade based on scores and their corresponding weights."", ""parameters"": {""scores"": {""description"": ""A list of scores."", ""type"": ""List[float]""}, ""weights"": {""description"": ""A list of weights corresponding to each score."", ""type"": ""List[float]""}}}, {""name"": ""calculate_age"", ""description"": ""Calculates the age based on the birthdate."", ""parameters"": {""birthdate"": {""description"": ""The birthdate in the format 'YYYY-MM-DD'."", ""type"": ""str""}}}, {""name"": ""is_valid_parentheses"", ""description"": ""Checks if a string contains valid parentheses."", ""parameters"": {""s"": {""description"": ""The input string."", ""type"": ""str""}}}, {""name"": ""find_max_subarray_sum"", ""description"": ""Finds the maximum sum of a contiguous subarray within a list of integers."", ""parameters"": {""nums"": {""description"": ""The input list of integers."", ""type"": ""List[int]""}}}, {""name"": ""is_anagram_phrase"", ""description"": ""Checks if two phrases are anagrams of each other, ignoring whitespace and punctuation."", ""parameters"": {""phrase1"": {""description"": ""The first phrase."", ""type"": ""str""}, ""phrase2"": {""description"": ""The second phrase."", ""type"": ""str""}}}, {""name"": ""remove_duplicates"", ""description"": ""Removes duplicate elements from a list while preserving the order."", ""parameters"": {""lst"": {""description"": ""The input list."", ""type"": ""List""}}}, {""name"": ""is_armstrong_number"", ""description"": ""Checks if a number is an Armstrong number."", ""parameters"": {""num"": {""description"": ""The number to check."", ""type"": ""int""}}}, {""name"": ""is_anagram"", ""description"": ""Checks if two words are anagrams of each other."", ""parameters"": {""word1"": {""description"": ""The first word."", ""type"": ""str""}, ""word2"": {""description"": ""The second word."", ""type"": ""str""}}}]","{""tool"":""remove_duplicates"",""arguments"":{""lst"":[1,2,3]}}",remove_duplicates,"{""lst"": [1, 2, 3]}"
173,"Obtain the readiness status for a user with ID 'vwx456' for an item with ID 'yza789'. In addition, find the Kanji information for the Onyomi reading 'HACHIJU' and convert the number '9012345678' to its spelled-out form.","[{""name"": ""memre_api_v1_readiness"", ""description"": ""Get the readiness status of a user for a specified item from the memre API."", ""parameters"": {""user_id"": {""description"": ""The ID of the user whose readiness status is being queried."", ""type"": ""str"", ""default"": """"}, ""item_id"": {""description"": ""The ID of the item for which the readiness status is being queried."", ""type"": ""str"", ""default"": """"}}}, {""name"": ""onyomi_reading"", ""description"": ""Fetches Kanji information based on the provided Onyomi (O-N) reading using the KanjiaLive API."", ""parameters"": {""on"": {""description"": ""The Onyomi reading of the Kanji, provided in Katakana or romaji."", ""type"": ""str"", ""default"": ""シン""}}}, {""name"": ""numbers_translator"", ""description"": ""Converts a numerical text string into its spelled-out form using an external API."", ""parameters"": {""text"": {""description"": ""Numerical text to be converted. Defaults to '23879908709817834'."", ""type"": ""str, optional"", ""default"": ""23879908709817834""}}}]","{""tool"":""memre_api_v1_readiness"",""arguments"":{""user_id"":""vwx456"",""item_id"":""yza789""}}",memre_api_v1_readiness,"{""user_id"": ""vwx456"", ""item_id"": ""yza789""}"
174,"What is my risk of developing type 2 diabetes with a weight of 150 lbs, height of 70 inches, and a moderately active lifestyle? In addition, order 5 bags of grapes and 6 bags of pears from the Safeway store in San Francisco, CA.","[{""name"": ""assess_diabetes_risk"", ""description"": ""Assesses the risk of developing type 2 diabetes based on body mass index (BMI) and physical activity level."", ""parameters"": {""weight_lbs"": {""description"": ""Body weight in pounds."", ""type"": ""int""}, ""height_inches"": {""description"": ""Height in inches."", ""type"": ""int""}, ""activity"": {""description"": ""Physical activity level. Allowed values: \""sedentary\"", \""lightly active\"", \""moderately active\"", or \""very active\""."", ""type"": ""str""}}}, {""name"": ""place_safeway_order"", ""description"": ""Order specified items from a Safeway location."", ""parameters"": {""location"": {""description"": ""The location of the Safeway store, e.g., 'Palo Alto, CA'."", ""type"": ""str""}, ""items"": {""description"": ""List of items to order."", ""type"": ""list""}, ""quantity"": {""description"": ""Quantity of each item in the order list."", ""type"": ""list""}}}, {""name"": ""reserve_hotel_room"", ""description"": ""Reserves a hotel room with the specified details."", ""parameters"": {""room_type"": {""description"": ""The type of room to reserve."", ""type"": ""str""}, ""nightly_rate"": {""description"": ""The nightly rate for the room."", ""type"": ""float""}, ""checkin_date"": {""description"": ""The check-in date in the format 'YYYY-MM-DD'."", ""type"": ""str""}, ""checkout_date"": {""description"": ""The check-out date in the format 'YYYY-MM-DD'."", ""type"": ""str""}, ""guest_id"": {""description"": ""The unique identifier for the guest."", ""type"": ""str""}, ""promo_code"": {""description"": ""A promotional code for a discount. Defaults to None."", ""type"": ""str, optional""}}}]","{""tool"":""assess_diabetes_risk"",""arguments"":{""weight_lbs"":150,""height_inches"":70,""activity"":""moderately active""}}",assess_diabetes_risk,"{""weight_lbs"": 150, ""height_inches"": 70, ""activity"": ""moderately active""}"
175,"Find the missing number in the sequence of integers from 0 to 10, given the following list: [0, 1, 2, 3, 4, 5, 7, 8, 9, 10].","[{""name"": ""find_missing_number"", ""description"": ""Finds the missing number in a list of integers from 0 to n."", ""parameters"": {""nums"": {""description"": ""The list of integers."", ""type"": ""List[int]""}}}, {""name"": ""format_date"", ""description"": ""Converts a date string from one format to another."", ""parameters"": {""date"": {""description"": ""The date string to convert."", ""type"": ""str""}, ""input_format"": {""description"": ""The format of the input date string."", ""type"": ""str""}, ""output_format"": {""description"": ""The desired format of the output date string."", ""type"": ""str""}}}]","{""tool"":""find_missing_number"",""arguments"":{""nums"":[0,1,2,3,4,5,7,8,9,10]}}",find_missing_number,"{""nums"": [0, 1, 2, 3, 4, 5, 7, 8, 9, 10]}"
176,"What are the cities in the region of California, United States?","[{""name"": ""get_cities"", ""description"": ""Fetches a list of cities within a specified region of a country using the provided RapidAPI key."", ""parameters"": {""region_code"": {""description"": ""The code of the region for which to retrieve cities."", ""type"": ""str"", ""default"": ""abr""}, ""country_code"": {""description"": ""The code of the country which contains the region."", ""type"": ""str"", ""default"": ""ph""}}}]","{""tool"":""get_cities"",""arguments"":{""region_code"":""CA"",""country_code"":""US""}}",get_cities,"{""region_code"": ""CA"", ""country_code"": ""US""}"
177,"I'm thinking of investing $7,500 for 8 years. If the bank offers me a 2.25% interest rate, how much money will I have at the end of this period?","[{""name"": ""calculate_investment_return"", ""description"": ""Calculates the return on investment based on the initial deposit amount, annual interest rate, and investment period."", ""parameters"": {""initial_amount"": {""description"": ""The initial deposit amount."", ""type"": ""int""}, ""interest_rate"": {""description"": ""The annual interest rate provided by the bank."", ""type"": ""float""}, ""num_years"": {""description"": ""The number of years the money is invested."", ""type"": ""int""}}}]","{""tool"":""calculate_investment_return"",""arguments"":{""initial_amount"":7500,""interest_rate"":2.25,""num_years"":8}}",calculate_investment_return,"{""initial_amount"": 7500, ""interest_rate"": 2.25, ""num_years"": 8}"
178,"I have a sorted list of integers [1, 2, 3, 5, 6, 8, 9] and I want to find the missing ranges between 0 and 10. Also, I have a list of numbers [1, 2, 3, 4, 5, 6, 7, 8, 9, 9, 9, 9, 9] and I want to find if there is a majority element in the list. Can you help me with that?","[{""name"": ""find_missing_ranges"", ""description"": ""Finds the missing ranges between lower and upper in a sorted list of integers."", ""parameters"": {""nums"": {""description"": ""The sorted list of integers."", ""type"": ""List[int]""}, ""lower"": {""description"": ""The lower bound."", ""type"": ""int""}, ""upper"": {""description"": ""The upper bound."", ""type"": ""int""}}}, {""name"": ""remove_duplicates"", ""description"": ""Removes duplicate elements from a list while preserving the order."", ""parameters"": {""lst"": {""description"": ""The input list."", ""type"": ""List""}}}, {""name"": ""find_majority_element"", ""description"": ""Finds the majority element in a list, which appears more than ⌊n / 2⌋ times."", ""parameters"": {""nums"": {""description"": ""The input list of integers."", ""type"": ""List[int]""}}}]","{""tool"":""find_missing_ranges"",""arguments"":{""nums"":[1,2,3,5,6,8,9],""lower"":0,""upper"":10}}",find_missing_ranges,"{""nums"": [1, 2, 3, 5, 6, 8, 9], ""lower"": 0, ""upper"": 10}"
179,An object starts from rest and accelerates at a rate of 5 meters per second squared for 10 seconds. What is the displacement of the object?,"[{""name"": ""displacement"", ""description"": ""Calculates the displacement of an object given its initial velocity, acceleration, and time."", ""parameters"": {""initial_velocity"": {""description"": ""The initial velocity of the object."", ""type"": ""float""}, ""acceleration"": {""description"": ""The acceleration of the object."", ""type"": ""float""}, ""time"": {""description"": ""The time elapsed."", ""type"": ""float""}}}, {""name"": ""is_valid_sudoku"", ""description"": ""Checks if a 9x9 Sudoku board is valid."", ""parameters"": {""board"": {""description"": ""The Sudoku board represented as a 2D list of strings."", ""type"": ""List[List[str]]""}}}, {""name"": ""find_longest_palindromic_substring"", ""description"": ""Finds the longest palindromic substring in a string."", ""parameters"": {""s"": {""description"": ""The input string."", ""type"": ""str""}}}, {""name"": ""sort_numbers"", ""description"": ""Sorts a list of numbers in ascending or descending order."", ""parameters"": {""numbers"": {""description"": ""The list of numbers to be sorted."", ""type"": ""List[float]""}, ""descending"": {""description"": ""If True, sorts the numbers in descending order. Defaults to False."", ""type"": ""bool, optional""}}}]","{""tool"":""displacement"",""arguments"":{""initial_velocity"":0,""acceleration"":5,""time"":10}}",displacement,"{""initial_velocity"": 0, ""acceleration"": 5, ""time"": 10}"
180,"Let's place an order at the San Francisco Whole Foods store. The order consists of 'apples', 'bananas', and 'oranges'. Make it a medium-sized order.","[{""name"": ""reserve_hotel_room"", ""description"": ""Reserves a hotel room with the specified details."", ""parameters"": {""room_type"": {""description"": ""The type of room to reserve."", ""type"": ""str""}, ""nightly_rate"": {""description"": ""The nightly rate for the room."", ""type"": ""float""}, ""checkin_date"": {""description"": ""The check-in date in the format 'YYYY-MM-DD'."", ""type"": ""str""}, ""checkout_date"": {""description"": ""The check-out date in the format 'YYYY-MM-DD'."", ""type"": ""str""}, ""guest_id"": {""description"": ""The unique identifier for the guest."", ""type"": ""str""}, ""promo_code"": {""description"": ""A promotional code for a discount. Defaults to None."", ""type"": ""str, optional""}}}, {""name"": ""whole_foods_order"", ""description"": ""Places an order at Whole Foods."", ""parameters"": {""store_location"": {""description"": ""The location of the Whole Foods store."", ""type"": ""str""}, ""item_list"": {""description"": ""A list of items to order."", ""type"": ""list""}, ""order_size"": {""description"": ""The size of the order. Allowed values: \""small\"", \""medium\"", or \""large\""."", ""type"": ""str""}}}, {""name"": ""place_safeway_order"", ""description"": ""Order specified items from a Safeway location."", ""parameters"": {""location"": {""description"": ""The location of the Safeway store, e.g., 'Palo Alto, CA'."", ""type"": ""str""}, ""items"": {""description"": ""List of items to order."", ""type"": ""list""}, ""quantity"": {""description"": ""Quantity of each item in the order list."", ""type"": ""list""}}}]","{""tool"":""whole_foods_order"",""arguments"":{""store_location"":""San Francisco"",""item_list"":[""apples"",""bananas"",""oranges""],""order_size"":""medium""}}",whole_foods_order,"{""store_location"": ""San Francisco"", ""item_list"": [""apples"", ""bananas"", ""oranges""], ""order_size"": ""medium""}"
181,What moves can Charmander learn?,"[{""name"": ""get_pokemon_move_info"", ""description"": ""Retrieves information about a Pokémon's move using the PokéAPI."", ""parameters"": {""pokemon_name"": {""description"": ""The name of the Pokémon."", ""type"": ""str"", ""default"": ""run""}, ""move_name"": {""description"": ""The name of the move to check. Defaults to \""run\""."", ""type"": ""str, optional"", ""default"": ""run""}}}, {""name"": ""get_ip_zipcode"", ""description"": ""Retrieves the ZIP code of a given IP address using the ip-api.com API."", ""parameters"": {""ip"": {""description"": ""The IP address to locate."", ""type"": ""str""}}}]","{""tool"":""get_pokemon_move_info"",""arguments"":{""pokemon_name"":""charmander""}}",get_pokemon_move_info,"{""pokemon_name"": ""charmander""}"
182,"What will be the future value of an investment of $20,000 with an annual interest rate of 6% after 15 years? Also, calculate the displacement of an object with an initial velocity of 30 m/s, acceleration of 2 m/s^2, and time of 5 seconds. Lastly, what is the probability of getting exactly 5 heads in 10 coin tosses?","[{""name"": ""future_investment_value"", ""description"": ""Calculates the future value of an investment based on the present value, annual interest rate, and number of years."", ""parameters"": {""present_value"": {""description"": ""The present value of the investment."", ""type"": ""float""}, ""annual_interest_rate"": {""description"": ""The annual interest rate as a decimal (e.g., 0.05 for 5%)."", ""type"": ""float""}, ""years"": {""description"": ""The number of years the investment will grow."", ""type"": ""int""}}}, {""name"": ""displacement"", ""description"": ""Calculates the displacement of an object given its initial velocity, acceleration, and time."", ""parameters"": {""initial_velocity"": {""description"": ""The initial velocity of the object."", ""type"": ""float""}, ""acceleration"": {""description"": ""The acceleration of the object."", ""type"": ""float""}, ""time"": {""description"": ""The time elapsed."", ""type"": ""float""}}}, {""name"": ""binomial_probability"", ""description"": ""Calculates the probability of getting exactly k successes in n independent trials,"", ""parameters"": {""n"": {""description"": ""The total number of trials."", ""type"": ""int""}, ""k"": {""description"": ""The number of successes."", ""type"": ""int""}, ""p"": {""description"": ""The probability of success in each trial."", ""type"": ""float""}}}, {""name"": ""light_travel_time"", ""description"": ""Calculate the time taken for light to travel from one celestial body to another."", ""parameters"": {""distance_in_light_years"": {""description"": ""The distance between the two celestial bodies in light years."", ""type"": ""int"", ""default"": 299792458}, ""speed_of_light"": {""description"": ""The speed of light in vacuum, in m/s. Default value is 299792458 m/s."", ""type"": ""int"", ""default"": 299792458}}}]","{""tool"":""future_investment_value"",""arguments"":{""present_value"":20000,""annual_interest_rate"":0.06,""years"":15}}",future_investment_value,"{""present_value"": 20000, ""annual_interest_rate"": 0.06, ""years"": 15}"
183,Can you list the repositories for the GitHub user 'pjhyett'?,"[{""name"": ""search"", ""description"": ""Search for public repositories of a given GitHub user using the Toolbench RapidAPI."", ""parameters"": {""user"": {""description"": ""The GitHub username whose public repositories are to be searched."", ""type"": ""str"", ""default"": ""samuk-a""}}}]","{""tool"":""search"",""arguments"":{""user"":""pjhyett""}}",search,"{""user"": ""pjhyett""}"
184,"Determine if the years 2000, 2004, and 2022 are leap years, and then find the DNA sequence for sequence ID 'NM_000520' in FASTA format with 100 upstream bases.","[{""name"": ""is_leap_year"", ""description"": ""Checks if a year is a leap year."", ""parameters"": {""year"": {""description"": ""The year to check."", ""type"": ""int""}}}, {""name"": ""get_dna_sequence"", ""description"": ""Retrieves the DNA sequence for a given sequence ID from the NCBI Nucleotide database."", ""parameters"": {""sequence_id"": {""description"": ""The unique identifier for the DNA sequence."", ""type"": ""str"", ""default"": ""fasta""}, ""file_format"": {""description"": ""The format of the returned sequence. Allowed values: \""fasta\"" (default) or \""gb\""."", ""type"": ""str, optional""}, ""upstream_bases"": {""description"": ""The number of bases upstream of the sequence to include. Defaults to 0."", ""type"": ""int, optional"", ""default"": ""fasta""}}}, {""name"": ""assess_diabetes_risk"", ""description"": ""Assesses the risk of developing type 2 diabetes based on body mass index (BMI) and physical activity level."", ""parameters"": {""weight_lbs"": {""description"": ""Body weight in pounds."", ""type"": ""int""}, ""height_inches"": {""description"": ""Height in inches."", ""type"": ""int""}, ""activity"": {""description"": ""Physical activity level. Allowed values: \""sedentary\"", \""lightly active\"", \""moderately active\"", or \""very active\""."", ""type"": ""str""}}}, {""name"": ""predict_forest_area"", ""description"": ""Predicts the change in forest area over a specified number of years."", ""parameters"": {""location"": {""description"": ""The geographic location for the prediction."", ""type"": ""str""}, ""num_years"": {""description"": ""The number of years into the future to make the prediction."", ""type"": ""int""}, ""include_humans"": {""description"": ""Whether to include the impact of human activities in the prediction. Defaults to False."", ""type"": ""bool, optional""}}}, {""name"": ""get_pokemon_move_info"", ""description"": ""Retrieves information about a Pokémon's move using the PokéAPI."", ""parameters"": {""pokemon_name"": {""description"": ""The name of the Pokémon."", ""type"": ""str"", ""default"": ""run""}, ""move_name"": {""description"": ""The name of the move to check. Defaults to \""run\""."", ""type"": ""str, optional"", ""default"": ""run""}}}, {""name"": ""get_city_from_zipcode"", ""description"": ""Retrieves the city name for a given ZIP code using the Ziptastic API."", ""parameters"": {""zipcode"": {""description"": ""The ZIP code to look up."", ""type"": ""str""}}}, {""name"": ""structural_analysis"", ""description"": ""Performs structural analysis on a building based on its ID, floor numbers, and analysis mode."", ""parameters"": {""building_id"": {""description"": ""The unique identifier of the building."", ""type"": ""str"", ""default"": ""static""}, ""floor_numbers"": {""description"": ""The list of floor numbers to be analyzed."", ""type"": ""List[int]"", ""default"": ""static""}, ""analysis_mode"": {""description"": ""The mode of analysis, either \""static\"" or \""dynamic\"". Defaults to \""static\""."", ""type"": ""str, optional""}}}, {""name"": ""get_ip_location"", ""description"": ""Retrieves the latitude and longitude coordinates of a given IP address using the ip-api.com API."", ""parameters"": {""ip"": {""description"": ""The IP address to locate."", ""type"": ""str""}}}]","{""tool"":""get_dna_sequence"",""arguments"":{""sequence_id"":""NM_000520"",""file_format"":""fasta"",""upstream_bases"":100}}",get_dna_sequence,"{""sequence_id"": ""NM_000520"", ""file_format"": ""fasta"", ""upstream_bases"": 100}"
185,What is the probability of rolling a sum of 7 with 2 six-sided dice?,"[{""name"": ""dice_roll_probability"", ""description"": ""Calculates the probability of rolling a specific sum with a given number of dice, each having a certain number of faces."", ""parameters"": {""target_sum"": {""description"": ""The target sum to calculate the probability for."", ""type"": ""int"", ""default"": 6}, ""num_dice"": {""description"": ""The number of dice being rolled."", ""type"": ""int"", ""default"": 6}, ""num_faces"": {""description"": ""The number of faces on each die. Defaults to 6."", ""type"": ""int, optional""}}}, {""name"": ""is_valid_palindrome"", ""description"": ""Checks if a string is a valid palindrome, considering only alphanumeric characters and ignoring case."", ""parameters"": {""s"": {""description"": ""The input string."", ""type"": ""str""}}}, {""name"": ""polygon_area_shoelace"", ""description"": ""Calculates the area of a polygon using the shoelace formula."", ""parameters"": {""vertices"": {""description"": ""A list of polygon vertices represented as tuples (x, y)."", ""type"": ""List[Tuple[float, float]]""}}}, {""name"": ""bacterial_growth"", ""description"": ""Calculates the bacterial population after a given time based on the initial population and growth rate."", ""parameters"": {""initial_population"": {""description"": ""The initial bacterial population."", ""type"": ""int"", ""default"": 20}, ""growth_rate"": {""description"": ""The growth rate per unit time."", ""type"": ""float"", ""default"": 20}, ""time"": {""description"": ""The time elapsed."", ""type"": ""float""}, ""doubling_time"": {""description"": ""The doubling time of the bacteria in minutes. Defaults to 20."", ""type"": ""float, optional""}}}]","{""tool"":""dice_roll_probability"",""arguments"":{""target_sum"":7,""num_dice"":2,""num_faces"":6}}",dice_roll_probability,"{""target_sum"": 7, ""num_dice"": 2, ""num_faces"": 6}"
186,"What is the majority element in the list [1, 2, 3, 4, 5, 5, 5, 6, 7, 8, 9]?","[{""name"": ""find_majority_element"", ""description"": ""Finds the majority element in a list, which appears more than ⌊n / 2⌋ times."", ""parameters"": {""nums"": {""description"": ""The input list of integers."", ""type"": ""List[int]""}}}, {""name"": ""find_missing_ranges"", ""description"": ""Finds the missing ranges between lower and upper in a sorted list of integers."", ""parameters"": {""nums"": {""description"": ""The sorted list of integers."", ""type"": ""List[int]""}, ""lower"": {""description"": ""The lower bound."", ""type"": ""int""}, ""upper"": {""description"": ""The upper bound."", ""type"": ""int""}}}, {""name"": ""find_duplicate_number"", ""description"": ""Finds the duplicate number in a list of integers."", ""parameters"": {""nums"": {""description"": ""The list of integers."", ""type"": ""List[int]""}}}]","{""tool"":""find_majority_element"",""arguments"":{""nums"":[1,2,3,4,5,5,5,6,7,8,9]}}",find_majority_element,"{""nums"": [1, 2, 3, 4, 5, 5, 5, 6, 7, 8, 9]}"
187,"Retrieve the second page of Power BI news, and also get location suggestions for the state of Florida.","[{""name"": ""getnews"", ""description"": ""Fetches Power BI news from the specified page using the given RapidAPI key."", ""parameters"": {""page"": {""description"": ""The page number of the news to retrieve."", ""type"": ""int"", ""default"": ""1""}}}, {""name"": ""draw_date_listing"", ""description"": ""Fetches a listing of Thai lottery draw dates from the RapidAPI service."", ""parameters"": {""page"": {""description"": ""The page number of the results to fetch. Defaults to 1."", ""type"": ""int, optional"", ""default"": ""1""}}}, {""name"": ""locationsuggestions"", ""description"": ""Fetches location suggestions using the Zillow API based on the provided location query."", ""parameters"": {""location"": {""description"": ""The location query string. This can be a state, county, neighborhood, city, street name, or zip code."", ""type"": ""str"", ""default"": ""Brownsville, TX""}}}]","{""tool"":""getnews"",""arguments"":{""page"":2}}",getnews,"{""page"": 2}"
188,"What is the probability of rolling a 1 on a ten-sided die for 2 consecutive rolls? Also, what is the neuronal activity rate for a synaptic input rate of 200 per second?","[{""name"": ""probability_of_consecutive_rolls"", ""description"": ""Calculates the probability of rolling a specific value on a die consecutively for a given number of rolls."", ""parameters"": {""target_value"": {""description"": ""The desired value to be rolled."", ""type"": ""int"", ""default"": 6}, ""num_rolls"": {""description"": ""The number of consecutive rolls."", ""type"": ""int"", ""default"": 6}, ""num_sides"": {""description"": ""The number of sides on the die. Defaults to 6."", ""type"": ""int, optional""}}}, {""name"": ""neuronal_activity_rate"", ""description"": ""Calculates the neuronal activity rate based on the synaptic input rate, synaptic weight, and decay constant."", ""parameters"": {""synaptic_input_rate"": {""description"": ""The rate of synaptic inputs per second."", ""type"": ""int"", ""default"": 1.0}, ""synaptic_weight"": {""description"": ""The weight of the synaptic input, denoting its influence. Defaults to 1.0."", ""type"": ""float, optional"", ""default"": 0.1}, ""decay_constant"": {""description"": ""The rate at which the neuron's potential decays. Defaults to 0.1."", ""type"": ""float, optional"", ""default"": 1.0}}}]","{""tool"":""probability_of_consecutive_rolls"",""arguments"":{""target_value"":1,""num_rolls"":2,""num_sides"":10}}",probability_of_consecutive_rolls,"{""target_value"": 1, ""num_rolls"": 2, ""num_sides"": 10}"
189,"If I have two lists of items, one list has 24 items and the other has 30 items, and I want to combine them while maintaining the same intervals, how many items should the new list have?","[{""name"": ""least_common_multiple"", ""description"": ""Computes the least common multiple (LCM) of two positive integers."", ""parameters"": {""a"": {""description"": ""The first positive integer."", ""type"": ""int""}, ""b"": {""description"": ""The second positive integer."", ""type"": ""int""}}}]","{""tool"":""least_common_multiple"",""arguments"":{""a"":24,""b"":30}}",least_common_multiple,"{""a"": 24, ""b"": 30}"
190,"Flatten the nested list [[1, 2, 3], [4, 5], [6, 7, 8, 9], [10], [11, 12]] and count the occurrences of each number.","[{""name"": ""find_longest_word"", ""description"": ""Finds the longest word in a list of words."", ""parameters"": {""words"": {""description"": ""A list of words."", ""type"": ""List[str]""}}}, {""name"": ""count_occurrences"", ""description"": ""Counts the occurrences of each element in a list and returns a dictionary with the counts."", ""parameters"": {""lst"": {""description"": ""The input list."", ""type"": ""List""}}}, {""name"": ""flatten_list"", ""description"": ""Flattens a nested list into a single-level list."", ""parameters"": {""nested_list"": {""description"": ""The nested list to be flattened."", ""type"": ""List""}}}, {""name"": ""generate_random_string"", ""description"": ""Generates a random string of specified length and character types."", ""parameters"": {""length"": {""description"": ""The length of the random string."", ""type"": ""int"", ""default"": true}, ""uppercase"": {""description"": ""Include uppercase letters. Defaults to True."", ""type"": ""bool, optional"", ""default"": true}, ""lowercase"": {""description"": ""Include lowercase letters. Defaults to True."", ""type"": ""bool, optional"", ""default"": true}, ""digits"": {""description"": ""Include digits. Defaults to True."", ""type"": ""bool, optional""}, ""special_chars"": {""description"": ""Include special characters. Defaults to False."", ""type"": ""bool, optional"", ""default"": true}}}, {""name"": ""is_subset"", ""description"": ""Checks if one set is a subset of another set."", ""parameters"": {""set1"": {""description"": ""The first set."", ""type"": ""set""}, ""set2"": {""description"": ""The second set."", ""type"": ""set""}}}, {""name"": ""find_files"", ""description"": ""Finds all files with a specific extension in a directory and its subdirectories."", ""parameters"": {""directory"": {""description"": ""The directory to search in."", ""type"": ""str""}, ""extension"": {""description"": ""The file extension to search for."", ""type"": ""str""}}}]","{""tool"":""flatten_list"",""arguments"":{""nested_list"":[[1,2,3],[4,5],[6,7,8,9],[10],[11,12]]}}",flatten_list,"{""nested_list"": [[1, 2, 3], [4, 5], [6, 7, 8, 9], [10], [11, 12]]}"
191,Can you find the products on Tmall for the keyword 'watches' on the first and second pages?,"[{""name"": ""tmall_search_by_keyword"", ""description"": ""Searches for products on Tmall by keyword."", ""parameters"": {""page"": {""description"": ""The page number of the search results to retrieve."", ""type"": ""int"", ""default"": ""1""}, ""keyword"": {""description"": ""The keyword to search for products."", ""type"": ""str"", ""default"": ""海久水瓶""}}}]","{""tool"":""tmall_search_by_keyword"",""arguments"":{""page"":1,""keyword"":""watches""}}",tmall_search_by_keyword,"{""page"": 1, ""keyword"": ""watches""}"
192,"Split the list [1, 2, 3, 4, 5, 6, 7, 8, 9] into chunks of size 3 and find the maximum sum of a contiguous subarray in the list [1, -3, 2, 1, -1].","[{""name"": ""reverse_words"", ""description"": ""Reverses the order of words in a sentence."", ""parameters"": {""sentence"": {""description"": ""The input sentence."", ""type"": ""str""}}}, {""name"": ""find_max_subarray_sum"", ""description"": ""Finds the maximum sum of a contiguous subarray within a list of integers."", ""parameters"": {""nums"": {""description"": ""The input list of integers."", ""type"": ""List[int]""}}}, {""name"": ""flatten_list"", ""description"": ""Flattens a nested list into a single-level list."", ""parameters"": {""nested_list"": {""description"": ""The nested list to be flattened."", ""type"": ""List""}}}, {""name"": ""split_list"", ""description"": ""Splits a list into chunks of a specified size."", ""parameters"": {""lst"": {""description"": ""The input list."", ""type"": ""List""}, ""chunk_size"": {""description"": ""The size of each chunk."", ""type"": ""int""}}}]","{""tool"":""split_list"",""arguments"":{""lst"":[1,2,3,4,5,6,7,8,9],""chunk_size"":3}}",split_list,"{""lst"": [1, 2, 3, 4, 5, 6, 7, 8, 9], ""chunk_size"": 3}"
193,"Can a person attend all the meetings with the following intervals: [[60, 90], [120, 150], [90, 120]]?","[{""name"": ""can_attend_all_meetings"", ""description"": ""Determines if a person can attend all meetings given a list of meeting time intervals."", ""parameters"": {""intervals"": {""description"": ""A list of meeting time intervals, where each interval is represented as [start_time, end_time]."", ""type"": ""List[List[int]]""}}}, {""name"": ""fibonacci_numbers"", ""description"": ""Generates the first n Fibonacci numbers."", ""parameters"": {""n"": {""description"": ""The number of Fibonacci numbers to generate."", ""type"": ""int""}}}]","{""tool"":""can_attend_all_meetings"",""arguments"":{""intervals"":[[60,90],[120,150],[90,120]]}}",can_attend_all_meetings,"{""intervals"": [[60, 90], [120, 150], [90, 120]]}"
194,What is the angle between the hour and minute hands of a clock at 3:30?,"[{""name"": ""final_velocity"", ""description"": ""Calculates the final velocity of an object given its initial velocity, acceleration, and time."", ""parameters"": {""initial_velocity"": {""description"": ""The initial velocity of the object."", ""type"": ""float""}, ""acceleration"": {""description"": ""The acceleration of the object."", ""type"": ""float""}, ""time"": {""description"": ""The time elapsed."", ""type"": ""float""}}}, {""name"": ""average"", ""description"": ""Calculates the arithmetic mean of a list of numbers."", ""parameters"": {""numbers"": {""description"": ""The list of numbers."", ""type"": ""List[float]""}}}, {""name"": ""find_equilibrium_index"", ""description"": ""Finds the equilibrium index of a list, where the sum of elements on the left is equal to the sum of elements on the right."", ""parameters"": {""arr"": {""description"": ""The input list of integers."", ""type"": ""List[int]""}}}, {""name"": ""calculate_angle"", ""description"": ""Calculates the angle between the hour and minute hands of a clock."", ""parameters"": {""hour"": {""description"": ""The hour value (1-12)."", ""type"": ""int""}, ""minute"": {""description"": ""The minute value (0-59)."", ""type"": ""int""}}}, {""name"": ""matrix_multiply"", ""description"": ""Multiplies two matrices."", ""parameters"": {""matrix_a"": {""description"": ""The first matrix."", ""type"": ""List[List[float]]""}, ""matrix_b"": {""description"": ""The second matrix."", ""type"": ""List[List[float]]""}}}]","{""tool"":""calculate_angle"",""arguments"":{""hour"":3,""minute"":30}}",calculate_angle,"{""hour"": 3, ""minute"": 30}"
195,Determine if the words 'listen' and 'silent' are anagrams.,"[{""name"": ""fibonacci"", ""description"": ""Calculates the nth Fibonacci number."", ""parameters"": {""n"": {""description"": ""The position of the Fibonacci number."", ""type"": ""int""}}}, {""name"": ""format_date"", ""description"": ""Converts a date string from one format to another."", ""parameters"": {""date"": {""description"": ""The date string to convert."", ""type"": ""str""}, ""input_format"": {""description"": ""The format of the input date string."", ""type"": ""str""}, ""output_format"": {""description"": ""The desired format of the output date string."", ""type"": ""str""}}}, {""name"": ""count_occurrences"", ""description"": ""Counts the occurrences of each element in a list and returns a dictionary with the counts."", ""parameters"": {""lst"": {""description"": ""The input list."", ""type"": ""List""}}}, {""name"": ""is_anagram"", ""description"": ""Checks if two words are anagrams of each other."", ""parameters"": {""word1"": {""description"": ""The first word."", ""type"": ""str""}, ""word2"": {""description"": ""The second word."", ""type"": ""str""}}}]","{""tool"":""is_anagram"",""arguments"":{""word1"":""listen"",""word2"":""silent""}}",is_anagram,"{""word1"": ""listen"", ""word2"": ""silent""}"
196,"What is the monthly mortgage payment for a $150,000 loan with an annual interest rate of 5% over a 10-year term?","[{""name"": ""monthly_mortgage_payment"", ""description"": ""Calculates the monthly mortgage payment based on the loan amount, annual interest rate, and loan term."", ""parameters"": {""loan_amount"": {""description"": ""The total amount of the loan."", ""type"": ""float""}, ""annual_interest_rate"": {""description"": ""The annual interest rate as a decimal (e.g., 0.05 for 5%)."", ""type"": ""float""}, ""loan_term_years"": {""description"": ""The loan term in years."", ""type"": ""int""}}}]","{""tool"":""monthly_mortgage_payment"",""arguments"":{""loan_amount"":150000,""annual_interest_rate"":0.05,""loan_term_years"":10}}",monthly_mortgage_payment,"{""loan_amount"": 150000, ""annual_interest_rate"": 0.05, ""loan_term_years"": 10}"
197,"Can you fetch the top players by their matchmaking rank from the TrackMania API, returning up to 100 players, then fetch data for the game with the Steam App ID 570?","[{""name"": ""gamesdata"", ""description"": ""Fetches data for a specific game using its APP_ID from the Steam Games Data API."", ""parameters"": {""app_id"": {""description"": ""The unique identifier for the game whose data is to be fetched."", ""type"": ""int"", ""default"": ""1581770""}}}, {""name"": ""top_players_by_matchmaking"", ""description"": ""Fetch the top players by their matchmaking rank from the TrackMania API."", ""parameters"": {""limit"": {""description"": ""The number of results to be returned. Default is `50`."", ""type"": ""int, optional"", ""default"": ""50""}, ""page"": {""description"": ""The page number for the results, each containing 50 results. Default is `0`."", ""type"": ""int, optional"", ""default"": ""0""}}}, {""name"": ""list_of_games"", ""description"": ""Fetches a list of games that contain the given title or match the specified Steam App ID. The response includes the cheapest current deal for each game."", ""parameters"": {""title"": {""description"": ""The title of the game to search for. Defaults to 'batman'."", ""type"": ""str, optional"", ""default"": ""batman""}, ""exact"": {""description"": ""Flag to allow only exact string matches for the `title` parameter. Defaults to 0."", ""type"": ""int, optional"", ""default"": ""0""}, ""limit"": {""description"": ""The maximum number of games to return, up to 60. Defaults to 60."", ""type"": ""int, optional"", ""default"": ""60""}, ""steamappid"": {""description"": ""The Steam App ID of the game to search for. Defaults to None."", ""type"": ""int, optional"", ""default"": """"}}}, {""name"": ""get_imbuements_for_precision_distance_skillboost"", ""description"": ""Fetches imbuement items for the Precision Distance Skillboost from the specified world in the Tibia game using a given RapidAPI key."", ""parameters"": {""world"": {""description"": ""The name of the game world to query for imbuements."", ""type"": ""str"", ""default"": ""Adra""}}}]","{""tool"":""top_players_by_matchmaking"",""arguments"":{""limit"":100,""page"":0}}",top_players_by_matchmaking,"{""limit"": 100, ""page"": 0}"
198,"Hey, I'm looking for artists related to the album with id = '5e682a6e-8a0d-499e-87b7-6e1b778da83f'. Return the result in German, please.","[{""name"": ""albums_get_related_artist"", ""description"": ""Fetches related artist information for a given album using the Shazam API."", ""parameters"": {""is_id"": {""description"": ""The value of the 'albums->id', 'id', or 'albumadamid' field returned from various Shazam API endpoints."", ""type"": ""str"", ""default"": ""850569437""}, ""l"": {""description"": ""The language code to return results in. Defaults to 'en-US'."", ""type"": ""str, optional"", ""default"": ""en-US""}}}]","{""tool"":""albums_get_related_artist"",""arguments"":{""is_id"":""5e682a6e-8a0d-499e-87b7-6e1b778da83f"",""l"":""de-DE""}}",albums_get_related_artist,"{""is_id"": ""5e682a6e-8a0d-499e-87b7-6e1b778da83f"", ""l"": ""de-DE""}"
199,"Can you help me create a histogram for the following data: [1, 2, 2, 3, 3, 3, 4, 4, 4, 4] with 5 bins?","[{""name"": ""matrix_multiply"", ""description"": ""Multiplies two matrices."", ""parameters"": {""matrix_a"": {""description"": ""The first matrix."", ""type"": ""List[List[float]]""}, ""matrix_b"": {""description"": ""The second matrix."", ""type"": ""List[List[float]]""}}}, {""name"": ""create_histogram"", ""description"": ""Create a histogram based on provided data."", ""parameters"": {""data"": {""description"": ""The data for which histogram needs to be plotted."", ""type"": ""list"", ""default"": 10}, ""bins"": {""description"": ""The number of equal-width bins in the range. Default is 10."", ""type"": ""int"", ""default"": 10}}}]","{""tool"":""create_histogram"",""arguments"":{""data"":[1,2,2,3,3,3,4,4,4,4],""bins"":5}}",create_histogram,"{""data"": [1, 2, 2, 3, 3, 3, 4, 4, 4, 4], ""bins"": 5}"
