id,query,tools,pred_tool,pred_args,raw_output
0,"Find the maximum sum of a subarray in [4, -1, 2, 1] and calculate the 20th Fibonacci number.","[{""name"": ""find_max_subarray_sum"", ""description"": ""Finds the maximum sum of a contiguous subarray within a list of integers."", ""parameters"": {""nums"": {""description"": ""The input list of integers."", ""type"": ""List[int]""}}}, {""name"": ""fibonacci"", ""description"": ""Calculates the nth Fibonacci number."", ""parameters"": {""n"": {""description"": ""The position of the Fibonacci number."", ""type"": ""int""}}}, {""name"": ""is_sum_of_cubes"", ""description"": ""Checks if a number is the sum of the cubes of its digits."", ""parameters"": {""num"": {""description"": ""The number to check."", ""type"": ""int""}}}, {""name"": ""reverse_words"", ""description"": ""Reverses the order of words in a sentence."", ""parameters"": {""sentence"": {""description"": ""The input sentence."", ""type"": ""str""}}}]",find_max_subarray_sum,"{""nums"": null}","{""rule_log"": {""select"": {""candidates"": [{""tool"": ""find_max_subarray_sum"", ""bm25"": 8.745264950210178, ""arg_overlap"": 0, ""lambda"": 0.2, ""total"": 8.745264950210178}, {""tool"": ""fibonacci"", ""bm25"": 6.073642137306354, ""arg_overlap"": 0, ""lambda"": 0.2, ""total"": 6.073642137306354}, {""tool"": ""is_sum_of_cubes"", ""bm25"": 6.594860180324503, ""arg_overlap"": 0, ""lambda"": 0.2, ""total"": 6.594860180324503}, {""tool"": ""reverse_words"", ""bm25"": 5.745185310466776, ""arg_overlap"": 0, ""lambda"": 0.2, ""total"": 5.745185310466776}], ""chosen"": {""tool"": ""find_max_subarray_sum"", ""bm25"": 8.745264950210178, ""arg_overlap"": 0, ""lambda"": 0.2, ""total"": 8.745264950210178}}, ""fill"": {""per_arg"": [{""name"": ""nums"", ""type"": ""List[int]"", ""required"": false, ""enum"": null, ""raw"": null, ""how"": ""missing"", ""coerced"": null, ""ok"": false, ""note"": ""none""}]}}}"
1,Determine if the numbers 1741725 and 42108183 are sums of the cubes of their digits.,"[{""name"": ""is_sum_of_cubes"", ""description"": ""Checks if a number is the sum of the cubes of its digits."", ""parameters"": {""num"": {""description"": ""The number to check."", ""type"": ""int""}}}]",is_sum_of_cubes,"{""num"": 1741725}","{""rule_log"": {""select"": {""candidates"": [{""tool"": ""is_sum_of_cubes"", ""bm25"": 5.749999997919897, ""arg_overlap"": 0, ""lambda"": 0.2, ""total"": 5.749999997919897}], ""chosen"": {""tool"": ""is_sum_of_cubes"", ""bm25"": 5.749999997919897, ""arg_overlap"": 0, ""lambda"": 0.2, ""total"": 5.749999997919897}}, ""fill"": {""per_arg"": [{""name"": ""num"", ""type"": ""int"", ""required"": false, ""enum"": null, ""raw"": ""1741725"", ""how"": ""regex-int"", ""coerced"": 1741725, ""ok"": true, ""note"": ""regex-int""}]}}}"
2,"What is the ascending order of these numbers: [15, 5, 20, 10, 25, 15, 30, 20]? Please sort them.","[{""name"": ""sort_numbers"", ""description"": ""Sorts a list of numbers in ascending or descending order."", ""parameters"": {""numbers"": {""description"": ""The list of numbers to be sorted."", ""type"": ""List[float]""}, ""descending"": {""description"": ""If True, sorts the numbers in descending order. Defaults to False."", ""type"": ""bool, optional""}}}]",sort_numbers,"{""numbers"": ""15"", ""descending"": null}","{""rule_log"": {""select"": {""candidates"": [{""tool"": ""sort_numbers"", ""bm25"": 3.999999998330578, ""arg_overlap"": 0, ""lambda"": 0.2, ""total"": 3.999999998330578}], ""chosen"": {""tool"": ""sort_numbers"", ""bm25"": 3.999999998330578, ""arg_overlap"": 0, ""lambda"": 0.2, ""total"": 3.999999998330578}}, ""fill"": {""per_arg"": [{""name"": ""numbers"", ""type"": ""List[float]"", ""required"": false, ""enum"": null, ""raw"": ""15"", ""how"": ""after-name"", ""coerced"": ""15"", ""ok"": true, ""note"": ""string""}, {""name"": ""descending"", ""type"": ""bool, optional"", ""required"": false, ""enum"": null, ""raw"": null, ""how"": ""missing"", ""coerced"": null, ""ok"": false, ""note"": ""none""}]}}}"
3,"Project the population of a city currently at 500,000 people, with an annual growth rate of 1.5%, over the next 10 years.","[{""name"": ""get_pokemon_move_info"", ""description"": ""Retrieves information about a Pokémon's move using the PokéAPI."", ""parameters"": {""pokemon_name"": {""description"": ""The name of the Pokémon."", ""type"": ""str"", ""default"": ""run""}, ""move_name"": {""description"": ""The name of the move to check. Defaults to \""run\""."", ""type"": ""str, optional"", ""default"": ""run""}}}, {""name"": ""whole_foods_order"", ""description"": ""Places an order at Whole Foods."", ""parameters"": {""store_location"": {""description"": ""The location of the Whole Foods store."", ""type"": ""str""}, ""item_list"": {""description"": ""A list of items to order."", ""type"": ""list""}, ""order_size"": {""description"": ""The size of the order. Allowed values: \""small\"", \""medium\"", or \""large\""."", ""type"": ""str""}}}, {""name"": ""calculate_calorie_intake"", ""description"": ""Calculates the recommended daily calorie intake and macronutrient distribution based on personal characteristics and goals."", ""parameters"": {""weight_kg"": {""description"": ""Body weight in kilograms."", ""type"": ""float""}, ""height_cm"": {""description"": ""Height in centimeters."", ""type"": ""float""}, ""age"": {""description"": ""Age in years."", ""type"": ""int""}, ""sex"": {""description"": ""Biological sex, either 'male' or 'female'."", ""type"": ""str""}, ""activity_level"": {""description"": ""Activity level on a scale of 1 to 5 (1 = sedentary, 5 = extremely active)."", ""type"": ""int""}, ""goal"": {""description"": ""Fitness goal, either 'lose', 'maintain', or 'gain'."", ""type"": ""str""}}}, {""name"": ""get_city_from_zipcode"", ""description"": ""Retrieves the city name for a given ZIP code using the Ziptastic API."", ""parameters"": {""zipcode"": {""description"": ""The ZIP code to look up."", ""type"": ""str""}}}, {""name"": ""project_population"", ""description"": ""Projects the population size after a specified number of years."", ""parameters"": {""current_pop"": {""description"": ""The current population size."", ""type"": ""int"", ""default"": 1.2}, ""num_years"": {""description"": ""The number of years into the future to make the projection."", ""type"": ""int"", ""default"": 1.2}, ""annual_growth"": {""description"": ""The annual population growth rate as a percentage. Defaults to 1.2."", ""type"": ""float, optional""}}}, {""name"": ""project_investment_growth"", ""description"": ""Projects the growth of an investment over a specified number of years."", ""parameters"": {""principal"": {""description"": ""The initial investment amount."", ""type"": ""float"", ""default"": true}, ""annual_addition"": {""description"": ""The amount added to the investment annually."", ""type"": ""float"", ""default"": true}, ""years"": {""description"": ""The number of years to project the investment growth."", ""type"": ""int""}, ""return_rate"": {""description"": ""The annual return rate as a decimal (e.g., 0.07 for 7%)."", ""type"": ""float""}, ""inflation"": {""description"": ""A list of annual inflation rates as decimals."", ""type"": ""List[float]""}, ""inflation_adjusted"": {""description"": ""Whether to adjust the final value for inflation. Defaults to True."", ""type"": ""bool, optional""}}}]",project_investment_growth,"{""principal"": 500.0, ""annual_addition"": 500.0, ""years"": 500, ""return_rate"": 500.0, ""inflation"": null, ""inflation_adjusted"": null}","{""rule_log"": {""select"": {""candidates"": [{""tool"": ""get_pokemon_move_info"", ""bm25"": 2.4367392465827056, ""arg_overlap"": 0, ""lambda"": 0.2, ""total"": 2.4367392465827056}, {""tool"": ""whole_foods_order"", ""bm25"": 4.981267929766684, ""arg_overlap"": 0, ""lambda"": 0.2, ""total"": 4.981267929766684}, {""tool"": ""calculate_calorie_intake"", ""bm25"": 1.0290018105527936, ""arg_overlap"": 0, ""lambda"": 0.2, ""total"": 1.0290018105527936}, {""tool"": ""get_city_from_zipcode"", ""bm25"": 4.930058282286976, ""arg_overlap"": 0, ""lambda"": 0.2, ""total"": 4.930058282286976}, {""tool"": ""project_population"", ""bm25"": 8.828428051414825, ""arg_overlap"": 0, ""lambda"": 0.2, ""total"": 8.828428051414825}, {""tool"": ""project_investment_growth"", ""bm25"": 12.961451857037947, ""arg_overlap"": 0, ""lambda"": 0.2, ""total"": 12.961451857037947}], ""chosen"": {""tool"": ""project_investment_growth"", ""bm25"": 12.961451857037947, ""arg_overlap"": 0, ""lambda"": 0.2, ""total"": 12.961451857037947}}, ""fill"": {""per_arg"": [{""name"": ""principal"", ""type"": ""float"", ""required"": false, ""enum"": null, ""raw"": ""500"", ""how"": ""regex-float"", ""coerced"": 500.0, ""ok"": true, ""note"": ""regex-float""}, {""name"": ""annual_addition"", ""type"": ""float"", ""required"": false, ""enum"": null, ""raw"": ""500"", ""how"": ""regex-float"", ""coerced"": 500.0, ""ok"": true, ""note"": ""regex-float""}, {""name"": ""years"", ""type"": ""int"", ""required"": false, ""enum"": null, ""raw"": ""500"", ""how"": ""regex-int"", ""coerced"": 500, ""ok"": true, ""note"": ""regex-int""}, {""name"": ""return_rate"", ""type"": ""float"", ""required"": false, ""enum"": null, ""raw"": ""500"", ""how"": ""regex-float"", ""coerced"": 500.0, ""ok"": true, ""note"": ""regex-float""}, {""name"": ""inflation"", ""type"": ""List[float]"", ""required"": false, ""enum"": null, ""raw"": null, ""how"": ""missing"", ""coerced"": null, ""ok"": false, ""note"": ""none""}, {""name"": ""inflation_adjusted"", ""type"": ""bool, optional"", ""required"": false, ""enum"": null, ""raw"": null, ""how"": ""missing"", ""coerced"": null, ""ok"": false, ""note"": ""none""}]}}}"
4,"Find the 3 largest numbers from the list [15, 8, 22, 36, 10, 45, 30].","[{""name"": ""convert_cooking_measurements"", ""description"": ""Converts a quantity of a cooking ingredient from one measurement unit to another."", ""parameters"": {""quantity"": {""description"": ""The quantity of the item to convert."", ""type"": ""float""}, ""from_unit"": {""description"": ""The unit of the input quantity (e.g., 'cup', 'gram')."", ""type"": ""str""}, ""to_unit"": {""description"": ""The unit to which the quantity should be converted (e.g., 'ounce', 'kilogram')."", ""type"": ""str""}, ""item"": {""description"": ""The cooking ingredient being converted (e.g., 'flour', 'sugar')."", ""type"": ""str""}}}, {""name"": ""find_n_largest_numbers"", ""description"": ""Finds the n largest numbers in a list."", ""parameters"": {""nums"": {""description"": ""The list of numbers."", ""type"": ""List[int]""}, ""n"": {""description"": ""The number of largest numbers to find."", ""type"": ""int""}}}, {""name"": ""create_histogram"", ""description"": ""Create a histogram based on provided data."", ""parameters"": {""data"": {""description"": ""The data for which histogram needs to be plotted."", ""type"": ""list"", ""default"": 10}, ""bins"": {""description"": ""The number of equal-width bins in the range. Default is 10."", ""type"": ""int"", ""default"": 10}}}]",find_n_largest_numbers,"{""nums"": null, ""n"": 3}","{""rule_log"": {""select"": {""candidates"": [{""tool"": ""convert_cooking_measurements"", ""bm25"": 1.4785228895488172, ""arg_overlap"": 0, ""lambda"": 0.2, ""total"": 1.4785228895488172}, {""tool"": ""find_n_largest_numbers"", ""bm25"": 7.15000852402348, ""arg_overlap"": 0, ""lambda"": 0.2, ""total"": 7.15000852402348}, {""tool"": ""create_histogram"", ""bm25"": 0.0, ""arg_overlap"": 0, ""lambda"": 0.2, ""total"": 0.0}], ""chosen"": {""tool"": ""find_n_largest_numbers"", ""bm25"": 7.15000852402348, ""arg_overlap"": 0, ""lambda"": 0.2, ""total"": 7.15000852402348}}, ""fill"": {""per_arg"": [{""name"": ""nums"", ""type"": ""List[int]"", ""required"": false, ""enum"": null, ""raw"": null, ""how"": ""missing"", ""coerced"": null, ""ok"": false, ""note"": ""none""}, {""name"": ""n"", ""type"": ""int"", ""required"": false, ""enum"": null, ""raw"": ""3"", ""how"": ""regex-int"", ""coerced"": 3, ""ok"": true, ""note"": ""regex-int""}]}}}"
5,Is 123.456.789.0 a valid IP address?,"[{""name"": ""is_valid_ip_address"", ""description"": ""Checks if a string is a valid IP address (IPv4)."", ""parameters"": {""ip"": {""description"": ""The string to check."", ""type"": ""str""}}}]",is_valid_ip_address,"{""ip"": ""address""}","{""rule_log"": {""select"": {""candidates"": [{""tool"": ""is_valid_ip_address"", ""bm25"": 5.374999997936047, ""arg_overlap"": 0, ""lambda"": 0.2, ""total"": 5.374999997936047}], ""chosen"": {""tool"": ""is_valid_ip_address"", ""bm25"": 5.374999997936047, ""arg_overlap"": 0, ""lambda"": 0.2, ""total"": 5.374999997936047}}, ""fill"": {""per_arg"": [{""name"": ""ip"", ""type"": ""str"", ""required"": false, ""enum"": null, ""raw"": ""address"", ""how"": ""after-name"", ""coerced"": ""address"", ""ok"": true, ""note"": ""string""}]}}}"
6,"Compute the sum of '1010' and '1101' in binary, and find the 5 largest numbers in [1, 2, 3, 4, 5, 6, 7, 8, 9, 10].","[{""name"": ""binary_addition"", ""description"": ""Adds two binary numbers and returns the result as a binary string."", ""parameters"": {""a"": {""description"": ""The first binary number."", ""type"": ""str""}, ""b"": {""description"": ""The second binary number."", ""type"": ""str""}}}, {""name"": ""find_n_largest_numbers"", ""description"": ""Finds the n largest numbers in a list."", ""parameters"": {""nums"": {""description"": ""The list of numbers."", ""type"": ""List[int]""}, ""n"": {""description"": ""The number of largest numbers to find."", ""type"": ""int""}}}]",find_n_largest_numbers,"{""nums"": null, ""n"": 1010}","{""rule_log"": {""select"": {""candidates"": [{""tool"": ""binary_addition"", ""bm25"": 5.008202440959533, ""arg_overlap"": 0, ""lambda"": 0.2, ""total"": 5.008202440959533}, {""tool"": ""find_n_largest_numbers"", ""bm25"": 5.197522820495076, ""arg_overlap"": 0, ""lambda"": 0.2, ""total"": 5.197522820495076}], ""chosen"": {""tool"": ""find_n_largest_numbers"", ""bm25"": 5.197522820495076, ""arg_overlap"": 0, ""lambda"": 0.2, ""total"": 5.197522820495076}}, ""fill"": {""per_arg"": [{""name"": ""nums"", ""type"": ""List[int]"", ""required"": false, ""enum"": null, ""raw"": null, ""how"": ""missing"", ""coerced"": null, ""ok"": false, ""note"": ""none""}, {""name"": ""n"", ""type"": ""int"", ""required"": false, ""enum"": null, ""raw"": ""1010"", ""how"": ""regex-int"", ""coerced"": 1010, ""ok"": true, ""note"": ""regex-int""}]}}}"
7,"Please calculate the average for the numbers 1.1, 2.2, 3.3 and also the average for 1.2, 2.4, 3.6.","[{""name"": ""average"", ""description"": ""Calculates the arithmetic mean of a list of numbers."", ""parameters"": {""numbers"": {""description"": ""The list of numbers."", ""type"": ""List[float]""}}}]",average,"{""numbers"": ""1""}","{""rule_log"": {""select"": {""candidates"": [{""tool"": ""average"", ""bm25"": 2.999999998759091, ""arg_overlap"": 0, ""lambda"": 0.2, ""total"": 2.999999998759091}], ""chosen"": {""tool"": ""average"", ""bm25"": 2.999999998759091, ""arg_overlap"": 0, ""lambda"": 0.2, ""total"": 2.999999998759091}}, ""fill"": {""per_arg"": [{""name"": ""numbers"", ""type"": ""List[float]"", ""required"": false, ""enum"": null, ""raw"": ""1"", ""how"": ""after-name"", ""coerced"": ""1"", ""ok"": true, ""note"": ""string""}]}}}"
8,"Perform a Chi-Square test for independence on a contingency table [[30, 20], [15, 35]] with a significance level of 0.01.","[{""name"": ""find_longest_palindromic_substring"", ""description"": ""Finds the longest palindromic substring in a string."", ""parameters"": {""s"": {""description"": ""The input string."", ""type"": ""str""}}}, {""name"": ""find_pairs_with_sum"", ""description"": ""Finds all pairs of integers in a list that sum up to a target value."", ""parameters"": {""nums"": {""description"": ""The list of integers."", ""type"": ""List[int]""}, ""target"": {""description"": ""The target sum value."", ""type"": ""int""}}}, {""name"": ""chi_square_independence_test"", ""description"": ""Performs a Chi-Square test for independence on a 2x2 contingency table."", ""parameters"": {""contingency_table"": {""description"": ""A 2x2 contingency table represented as a list of lists."", ""type"": ""List[List[int]]"", ""default"": 0.05}, ""significance_level"": {""description"": ""The significance level for the Chi-Square test. Defaults to 0.05."", ""type"": ""float, optional"", ""default"": 0.05}}}, {""name"": ""expand_around_center"", ""description"": ""Helper function to expand around a center for finding palindromic substrings."", ""parameters"": {""s"": {""description"": ""The input string."", ""type"": ""str""}, ""left"": {""description"": ""The left index of the center."", ""type"": ""int""}, ""right"": {""description"": ""The right index of the center."", ""type"": ""int""}}}, {""name"": ""probability_of_consecutive_rolls"", ""description"": ""Calculates the probability of rolling a specific value on a die consecutively for a given number of rolls."", ""parameters"": {""target_value"": {""description"": ""The desired value to be rolled."", ""type"": ""int"", ""default"": 6}, ""num_rolls"": {""description"": ""The number of consecutive rolls."", ""type"": ""int"", ""default"": 6}, ""num_sides"": {""description"": ""The number of sides on the die. Defaults to 6."", ""type"": ""int, optional""}}}, {""name"": ""fibonacci_numbers"", ""description"": ""Generates the first n Fibonacci numbers."", ""parameters"": {""n"": {""description"": ""The number of Fibonacci numbers to generate."", ""type"": ""int""}}}]",chi_square_independence_test,"{""contingency_table"": ""0.05"", ""significance_level"": ""0.05""}","{""rule_log"": {""select"": {""candidates"": [{""tool"": ""find_longest_palindromic_substring"", ""bm25"": 1.3091858451332608, ""arg_overlap"": 0, ""lambda"": 0.2, ""total"": 1.3091858451332608}, {""tool"": ""find_pairs_with_sum"", ""bm25"": 3.145350534389678, ""arg_overlap"": 0, ""lambda"": 0.2, ""total"": 3.145350534389678}, {""tool"": ""chi_square_independence_test"", ""bm25"": 18.318539154456147, ""arg_overlap"": 0, ""lambda"": 0.2, ""total"": 18.318539154456147}, {""tool"": ""expand_around_center"", ""bm25"": 2.773482599103448, ""arg_overlap"": 0, ""lambda"": 0.2, ""total"": 2.773482599103448}, {""tool"": ""probability_of_consecutive_rolls"", ""bm25"": 6.693410104724751, ""arg_overlap"": 0, ""lambda"": 0.2, ""total"": 6.693410104724751}, {""tool"": ""fibonacci_numbers"", ""bm25"": 0.0, ""arg_overlap"": 0, ""lambda"": 0.2, ""total"": 0.0}], ""chosen"": {""tool"": ""chi_square_independence_test"", ""bm25"": 18.318539154456147, ""arg_overlap"": 0, ""lambda"": 0.2, ""total"": 18.318539154456147}}, ""fill"": {""per_arg"": [{""name"": ""contingency_table"", ""type"": ""List[List[int]]"", ""required"": false, ""enum"": null, ""raw"": 0.05, ""how"": ""default"", ""coerced"": ""0.05"", ""ok"": true, ""note"": ""string""}, {""name"": ""significance_level"", ""type"": ""float, optional"", ""required"": false, ""enum"": null, ""raw"": 0.05, ""how"": ""default"", ""coerced"": ""0.05"", ""ok"": true, ""note"": ""string""}]}}}"
9,"Check the palindrome status of 'A Santa at NASA' and 'No sir, away! A papaya war is on.'","[{""name"": ""is_palindrome"", ""description"": ""Checks if a string is a palindrome."", ""parameters"": {""text"": {""description"": ""The input string."", ""type"": ""str""}}}]",is_palindrome,"{""text"": null}","{""rule_log"": {""select"": {""candidates"": [{""tool"": ""is_palindrome"", ""bm25"": 3.3749999988118344, ""arg_overlap"": 0, ""lambda"": 0.2, ""total"": 3.3749999988118344}], ""chosen"": {""tool"": ""is_palindrome"", ""bm25"": 3.3749999988118344, ""arg_overlap"": 0, ""lambda"": 0.2, ""total"": 3.3749999988118344}}, ""fill"": {""per_arg"": [{""name"": ""text"", ""type"": ""str"", ""required"": false, ""enum"": null, ""raw"": null, ""how"": ""missing"", ""coerced"": null, ""ok"": false, ""note"": ""none""}]}}}"
10,"Compute the standard deviation for the dataset [7.1, 14.2, 21.3, 28.4, 35.5] and determine the number of permutations when selecting 5 items from a set of 11.","[{""name"": ""std_deviation"", ""description"": ""Calculates the standard deviation of a list of numbers."", ""parameters"": {""numbers"": {""description"": ""The list of numbers."", ""type"": ""List[float]""}}}, {""name"": ""permutation_count"", ""description"": ""Calculates the number of permutations of k elements from a set of n elements."", ""parameters"": {""n"": {""description"": ""The total number of elements in the set."", ""type"": ""int""}, ""k"": {""description"": ""The number of elements to choose for the permutation."", ""type"": ""int""}}}]",permutation_count,"{""n"": 7, ""k"": 7}","{""rule_log"": {""select"": {""candidates"": [{""tool"": ""std_deviation"", ""bm25"": 6.696580607641389, ""arg_overlap"": 0, ""lambda"": 0.2, ""total"": 6.696580607641389}, {""tool"": ""permutation_count"", ""bm25"": 8.552266518500051, ""arg_overlap"": 0, ""lambda"": 0.2, ""total"": 8.552266518500051}], ""chosen"": {""tool"": ""permutation_count"", ""bm25"": 8.552266518500051, ""arg_overlap"": 0, ""lambda"": 0.2, ""total"": 8.552266518500051}}, ""fill"": {""per_arg"": [{""name"": ""n"", ""type"": ""int"", ""required"": false, ""enum"": null, ""raw"": ""7"", ""how"": ""regex-int"", ""coerced"": 7, ""ok"": true, ""note"": ""regex-int""}, {""name"": ""k"", ""type"": ""int"", ""required"": false, ""enum"": null, ""raw"": ""7"", ""how"": ""regex-int"", ""coerced"": 7, ""ok"": true, ""note"": ""regex-int""}]}}}"
11,"Check if 19 and 29 are prime numbers. Also, find a peak in the array [3, 6, 9, 12, 15, 18].","[{""name"": ""is_prime"", ""description"": ""Checks if a number is prime."", ""parameters"": {""num"": {""description"": ""The number to be checked."", ""type"": ""int""}}}, {""name"": ""find_peak_element"", ""description"": ""Finds a peak element in a list of integers."", ""parameters"": {""nums"": {""description"": ""The list of integers."", ""type"": ""List[int]""}}}, {""name"": ""dice_roll_probability"", ""description"": ""Calculates the probability of rolling a specific sum with a given number of dice, each having a certain number of faces."", ""parameters"": {""target_sum"": {""description"": ""The target sum to calculate the probability for."", ""type"": ""int"", ""default"": 6}, ""num_dice"": {""description"": ""The number of dice being rolled."", ""type"": ""int"", ""default"": 6}, ""num_faces"": {""description"": ""The number of faces on each die. Defaults to 6."", ""type"": ""int, optional""}}}]",is_prime,"{""num"": 19}","{""rule_log"": {""select"": {""candidates"": [{""tool"": ""is_prime"", ""bm25"": 5.407242183635998, ""arg_overlap"": 0, ""lambda"": 0.2, ""total"": 5.407242183635998}, {""tool"": ""find_peak_element"", ""bm25"": 5.209742758147641, ""arg_overlap"": 0, ""lambda"": 0.2, ""total"": 5.209742758147641}, {""tool"": ""dice_roll_probability"", ""bm25"": 2.687876347990665, ""arg_overlap"": 0, ""lambda"": 0.2, ""total"": 2.687876347990665}], ""chosen"": {""tool"": ""is_prime"", ""bm25"": 5.407242183635998, ""arg_overlap"": 0, ""lambda"": 0.2, ""total"": 5.407242183635998}}, ""fill"": {""per_arg"": [{""name"": ""num"", ""type"": ""int"", ""required"": false, ""enum"": null, ""raw"": ""19"", ""how"": ""regex-int"", ""coerced"": 19, ""ok"": true, ""note"": ""regex-int""}]}}}"
12,"Find the weighted average for [78, 84, 91] with weights [0.3, 0.4, 0.3], and check if 370 is a sum of cubes.","[{""name"": ""calculate_grade"", ""description"": ""Calculates the weighted average grade based on scores and their corresponding weights."", ""parameters"": {""scores"": {""description"": ""A list of scores."", ""type"": ""List[float]""}, ""weights"": {""description"": ""A list of weights corresponding to each score."", ""type"": ""List[float]""}}}, {""name"": ""is_sum_of_cubes"", ""description"": ""Checks if a number is the sum of the cubes of its digits."", ""parameters"": {""num"": {""description"": ""The number to check."", ""type"": ""int""}}}]",is_sum_of_cubes,"{""num"": 78}","{""rule_log"": {""select"": {""candidates"": [{""tool"": ""calculate_grade"", ""bm25"": 6.723735205412195, ""arg_overlap"": 0, ""lambda"": 0.2, ""total"": 6.723735205412195}, {""tool"": ""is_sum_of_cubes"", ""bm25"": 10.195856516660205, ""arg_overlap"": 0, ""lambda"": 0.2, ""total"": 10.195856516660205}], ""chosen"": {""tool"": ""is_sum_of_cubes"", ""bm25"": 10.195856516660205, ""arg_overlap"": 0, ""lambda"": 0.2, ""total"": 10.195856516660205}}, ""fill"": {""per_arg"": [{""name"": ""num"", ""type"": ""int"", ""required"": false, ""enum"": null, ""raw"": ""78"", ""how"": ""regex-int"", ""coerced"": 78, ""ok"": true, ""note"": ""regex-int""}]}}}"
13,"Determine the index of 9 in the sequence [1, 3, 5, 7, 9, 11, 13, 15, 17] and reverse the statement 'Machine learning is powerful'.","[{""name"": ""binary_search"", ""description"": ""Performs binary search on a sorted list to find the index of a target value."", ""parameters"": {""arr"": {""description"": ""The sorted list of integers."", ""type"": ""List[int]""}, ""target"": {""description"": ""The target value to search for."", ""type"": ""int""}}}, {""name"": ""reverse_words"", ""description"": ""Reverses the order of words in a sentence."", ""parameters"": {""sentence"": {""description"": ""The input sentence."", ""type"": ""str""}}}]",reverse_words,"{""sentence"": null}","{""rule_log"": {""select"": {""candidates"": [{""tool"": ""binary_search"", ""bm25"": 3.055474402554682, ""arg_overlap"": 0, ""lambda"": 0.2, ""total"": 3.055474402554682}, {""tool"": ""reverse_words"", ""bm25"": 3.8460078204267614, ""arg_overlap"": 0, ""lambda"": 0.2, ""total"": 3.8460078204267614}], ""chosen"": {""tool"": ""reverse_words"", ""bm25"": 3.8460078204267614, ""arg_overlap"": 0, ""lambda"": 0.2, ""total"": 3.8460078204267614}}, ""fill"": {""per_arg"": [{""name"": ""sentence"", ""type"": ""str"", ""required"": false, ""enum"": null, ""raw"": null, ""how"": ""missing"", ""coerced"": null, ""ok"": false, ""note"": ""none""}]}}}"
14,"Search for companies in 'healthcare,biotech' and get case details for 'case999'.","[{""name"": ""loginuser"", ""description"": ""Logs in a user by sending their credentials to a specified endpoint."", ""parameters"": {""username"": {""description"": ""The user's username for login."", ""type"": ""str"", ""default"": """"}, ""password"": {""description"": ""The user's password for login in clear text."", ""type"": ""str"", ""default"": """"}}}, {""name"": ""get_case_by_id"", ""description"": ""Fetch the case payload from the Yardillo API using the given case ID."", ""parameters"": {""is_id"": {""description"": ""The ID of the case to fetch."", ""type"": ""str"", ""default"": ""611c0765e9308692195b8538""}}}, {""name"": ""label_templates"", ""description"": ""Fetches a list of label templates filtered by various parameters such as paper format, brand, label size, and shape."", ""parameters"": {""format"": {""description"": ""The paper format, either 'Letter' (8.5 inch by 11 inch) or 'A4' (210 mm by 297 mm)."", ""type"": ""str"", ""default"": ""letter""}, ""brand"": {""description"": ""The name of the label manufacturer. Default is 'avery'. Possible values include 'Avery', 'Herma', 'Onlinelabels', 'Uline', 'Megastar', 'Sheetlabels'."", ""type"": ""str, optional"", ""default"": ""avery""}, ""height"": {""description"": ""The height of the label."", ""type"": ""str, optional"", ""default"": """"}, ""code"": {""description"": ""A string representing approximate label sizes in the format [width]x[height]. Default is '2x2'."", ""type"": ""str, optional"", ""default"": ""2x2""}, ""width"": {""description"": ""The width of the label."", ""type"": ""str, optional"", ""default"": """"}, ""shape"": {""description"": ""The shape of the label. Valid values include 'square', 'rectangle', 'circle', 'oval'."", ""type"": ""str, optional"", ""default"": """"}}}, {""name"": ""label_template_brands"", ""description"": ""Returns the list of blank label sheet brands supported by Ecardify on the given date."", ""parameters"": {""format"": {""description"": ""The paper size format, which can be either \""Letter\"" (8.5 inch by 11 inch) or \""A4\"" (210 mm by 297 mm)."", ""type"": ""str"", ""default"": ""a4""}}}, {""name"": ""search"", ""description"": ""This function performs a search query using the Market Intelligence by Automata API, returning information about related companies based on the provided search terms."", ""parameters"": {""terms"": {""description"": ""Search terms separated by commas, which are used to filter the companies. Example: 'cloud computing,enterprise,security'."", ""type"": ""str"", ""default"": """"}, ""page"": {""description"": ""Page number for paginated search results. Default is '0'. Example: '0', '1', '2', etc."", ""type"": ""str, optional"", ""default"": ""0""}}}, {""name"": ""get_all_images_of_an_collection"", ""description"": ""Fetches all images from a specified collection using the Pulsar6 API."", ""parameters"": {""is_id"": {""description"": ""The ID of the collection to retrieve images from."", ""type"": ""str"", ""default"": """"}}}, {""name"": ""convert_url_to_image"", ""description"": ""Converts a URL to an image by making a GET request to the Cloudlayer.io API."", ""parameters"": {""url"": {""description"": ""The URL to be converted to an image."", ""type"": ""str"", ""default"": ""https://google.com""}, ""timeout"": {""description"": ""The request timeout in milliseconds. Defaults to None."", ""type"": ""int, optional"", ""default"": """"}}}, {""name"": ""similar"", ""description"": ""Fetches information about companies related to the provided website link."", ""parameters"": {""link"": {""description"": ""The website link to identify related companies. For example, 'ibm.com'."", ""type"": ""str"", ""default"": """"}, ""page"": {""description"": ""Page number of search results. Default is '0'."", ""type"": ""str, optional"", ""default"": ""0""}}}]",search,"{""terms"": """", ""page"": ""0""}","{""rule_log"": {""select"": {""candidates"": [{""tool"": ""loginuser"", ""bm25"": 2.712108440772749, ""arg_overlap"": 0, ""lambda"": 0.2, ""total"": 2.712108440772749}, {""tool"": ""get_case_by_id"", ""bm25"": 3.568563738436497, ""arg_overlap"": 0, ""lambda"": 0.2, ""total"": 3.568563738436497}, {""tool"": ""label_templates"", ""bm25"": 2.2717403178539364, ""arg_overlap"": 0, ""lambda"": 0.2, ""total"": 2.2717403178539364}, {""tool"": ""label_template_brands"", ""bm25"": 0.0, ""arg_overlap"": 0, ""lambda"": 0.2, ""total"": 0.0}, {""tool"": ""search"", ""bm25"": 5.217725433591233, ""arg_overlap"": 0, ""lambda"": 0.2, ""total"": 5.217725433591233}, {""tool"": ""get_all_images_of_an_collection"", ""bm25"": 0.0, ""arg_overlap"": 0, ""lambda"": 0.2, ""total"": 0.0}, {""tool"": ""convert_url_to_image"", ""bm25"": 2.4416488734014767, ""arg_overlap"": 0, ""lambda"": 0.2, ""total"": 2.4416488734014767}, {""tool"": ""similar"", ""bm25"": 2.4062264665832807, ""arg_overlap"": 0, ""lambda"": 0.2, ""total"": 2.4062264665832807}], ""chosen"": {""tool"": ""search"", ""bm25"": 5.217725433591233, ""arg_overlap"": 0, ""lambda"": 0.2, ""total"": 5.217725433591233}}, ""fill"": {""per_arg"": [{""name"": ""terms"", ""type"": ""str"", ""required"": false, ""enum"": null, ""raw"": """", ""how"": ""default"", ""coerced"": """", ""ok"": true, ""note"": ""string""}, {""name"": ""page"", ""type"": ""str, optional"", ""required"": false, ""enum"": null, ""raw"": ""0"", ""how"": ""default"", ""coerced"": ""0"", ""ok"": true, ""note"": ""string""}]}}}"
15,Check if the number 'two hundred and fifty-six' is a power of two.,"[{""name"": ""is_power_of_two"", ""description"": ""Checks if a number is a power of two."", ""parameters"": {""num"": {""description"": ""The number to check."", ""type"": ""int""}}}, {""name"": ""dice_roll_probability"", ""description"": ""Calculates the probability of rolling a specific sum with a given number of dice, each having a certain number of faces."", ""parameters"": {""target_sum"": {""description"": ""The target sum to calculate the probability for."", ""type"": ""int"", ""default"": 6}, ""num_dice"": {""description"": ""The number of dice being rolled."", ""type"": ""int"", ""default"": 6}, ""num_faces"": {""description"": ""The number of faces on each die. Defaults to 6."", ""type"": ""int, optional""}}}, {""name"": ""mean_confidence_interval"", ""description"": ""Calculates the confidence interval for a sample mean."", ""parameters"": {""std_dev"": {""description"": ""The standard deviation of the sample."", ""type"": ""float"", ""default"": 0.95}, ""sample_size"": {""description"": ""The size of the sample."", ""type"": ""int"", ""default"": 0.95}, ""mean"": {""description"": ""The mean of the sample."", ""type"": ""float""}, ""confidence"": {""description"": ""The desired confidence level. Default is 0.95."", ""type"": ""float, optional""}}}]",is_power_of_two,"{""num"": null}","{""rule_log"": {""select"": {""candidates"": [{""tool"": ""is_power_of_two"", ""bm25"": 11.987661965567582, ""arg_overlap"": 0, ""lambda"": 0.2, ""total"": 11.987661965567582}, {""tool"": ""dice_roll_probability"", ""bm25"": 5.7214648260361844, ""arg_overlap"": 0, ""lambda"": 0.2, ""total"": 5.7214648260361844}, {""tool"": ""mean_confidence_interval"", ""bm25"": 2.6591356034903884, ""arg_overlap"": 0, ""lambda"": 0.2, ""total"": 2.6591356034903884}], ""chosen"": {""tool"": ""is_power_of_two"", ""bm25"": 11.987661965567582, ""arg_overlap"": 0, ""lambda"": 0.2, ""total"": 11.987661965567582}}, ""fill"": {""per_arg"": [{""name"": ""num"", ""type"": ""int"", ""required"": false, ""enum"": null, ""raw"": null, ""how"": ""missing"", ""coerced"": null, ""ok"": false, ""note"": ""none""}]}}}"
16,Simulate querying a database for users who are active and have a role of 'admin' in the 'users' table.,"[{""name"": ""simulate_query_database"", ""description"": ""Simulates querying a database based on certain conditions."", ""parameters"": {""table"": {""description"": ""Name of the table to query."", ""type"": ""str""}, ""conditions"": {""description"": ""Conditions for the query, each condition is a dictionary."", ""type"": ""list""}}}, {""name"": ""is_leap_year"", ""description"": ""Checks if a year is a leap year."", ""parameters"": {""year"": {""description"": ""The year to check."", ""type"": ""int""}}}, {""name"": ""get_ip_location"", ""description"": ""Retrieves the latitude and longitude coordinates of a given IP address using the ip-api.com API."", ""parameters"": {""ip"": {""description"": ""The IP address to locate."", ""type"": ""str""}}}]",get_ip_location,"{""ip"": null}","{""rule_log"": {""select"": {""candidates"": [{""tool"": ""simulate_query_database"", ""bm25"": 4.885998779672201, ""arg_overlap"": 0, ""lambda"": 0.2, ""total"": 4.885998779672201}, {""tool"": ""is_leap_year"", ""bm25"": 1.4789915961694797, ""arg_overlap"": 0, ""lambda"": 0.2, ""total"": 1.4789915961694797}, {""tool"": ""get_ip_location"", ""bm25"": 5.682506056192851, ""arg_overlap"": 0, ""lambda"": 0.2, ""total"": 5.682506056192851}], ""chosen"": {""tool"": ""get_ip_location"", ""bm25"": 5.682506056192851, ""arg_overlap"": 0, ""lambda"": 0.2, ""total"": 5.682506056192851}}, ""fill"": {""per_arg"": [{""name"": ""ip"", ""type"": ""str"", ""required"": false, ""enum"": null, ""raw"": null, ""how"": ""missing"", ""coerced"": null, ""ok"": false, ""note"": ""none""}]}}}"
17,"Please calculate the factorial of 45. Also, do you have any recommendations for a good book?","[{""name"": ""calculate_factorial"", ""description"": ""Calculates the factorial of a non-negative integer."", ""parameters"": {""n"": {""description"": ""The non-negative integer."", ""type"": ""int""}}}]",calculate_factorial,"{""n"": 45}","{""rule_log"": {""select"": {""candidates"": [{""tool"": ""calculate_factorial"", ""bm25"": 3.999999998363636, ""arg_overlap"": 0, ""lambda"": 0.2, ""total"": 3.999999998363636}], ""chosen"": {""tool"": ""calculate_factorial"", ""bm25"": 3.999999998363636, ""arg_overlap"": 0, ""lambda"": 0.2, ""total"": 3.999999998363636}}, ""fill"": {""per_arg"": [{""name"": ""n"", ""type"": ""int"", ""required"": false, ""enum"": null, ""raw"": ""45"", ""how"": ""regex-int"", ""coerced"": 45, ""ok"": true, ""note"": ""regex-int""}]}}}"
18,Integrate the function 2x + 3 from -2 to 2 using the trapezoidal rule with 5000 subdivisions.,"[{""name"": ""is_power"", ""description"": ""Checks if a number is a power of a given base."", ""parameters"": {""num"": {""description"": ""The number to check."", ""type"": ""int""}, ""base"": {""description"": ""The base to check against."", ""type"": ""int""}}}, {""name"": ""trapezoidal_integration"", ""description"": ""Calculates the definite integral of a function using the trapezoidal rule."", ""parameters"": {""func"": {""description"": ""The function to integrate, expressed as a string (e.g., \""x**2 + 2*x\"")."", ""type"": ""str"", ""default"": 10000}, ""a"": {""description"": ""The lower limit of integration."", ""type"": ""float"", ""default"": 10000}, ""b"": {""description"": ""The upper limit of integration."", ""type"": ""float""}, ""n"": {""description"": ""The number of subdivisions for the trapezoidal approximation. Defaults to 10000."", ""type"": ""int, optional""}}}, {""name"": ""cagr"", ""description"": ""Calculates the Compound Annual Growth Rate (CAGR) of an investment."", ""parameters"": {""start_value"": {""description"": ""The initial value of the investment."", ""type"": ""float""}, ""end_value"": {""description"": ""The final value of the investment."", ""type"": ""float""}, ""years"": {""description"": ""The number of years between the initial and final values."", ""type"": ""int""}}}, {""name"": ""is_perfect_square"", ""description"": ""Checks if a number is a perfect square."", ""parameters"": {""num"": {""description"": ""The number to check."", ""type"": ""int""}}}]",trapezoidal_integration,"{""func"": ""10000"", ""a"": 2.0, ""b"": 2.0, ""n"": null}","{""rule_log"": {""select"": {""candidates"": [{""tool"": ""is_power"", ""bm25"": 0.0, ""arg_overlap"": 0, ""lambda"": 0.2, ""total"": 0.0}, {""tool"": ""trapezoidal_integration"", ""bm25"": 9.415910909617342, ""arg_overlap"": 0, ""lambda"": 0.2, ""total"": 9.415910909617342}, {""tool"": ""cagr"", ""bm25"": 1.5108256231354393, ""arg_overlap"": 0, ""lambda"": 0.2, ""total"": 1.5108256231354393}, {""tool"": ""is_perfect_square"", ""bm25"": 0.0, ""arg_overlap"": 0, ""lambda"": 0.2, ""total"": 0.0}], ""chosen"": {""tool"": ""trapezoidal_integration"", ""bm25"": 9.415910909617342, ""arg_overlap"": 0, ""lambda"": 0.2, ""total"": 9.415910909617342}}, ""fill"": {""per_arg"": [{""name"": ""func"", ""type"": ""str"", ""required"": false, ""enum"": null, ""raw"": 10000, ""how"": ""default"", ""coerced"": ""10000"", ""ok"": true, ""note"": ""string""}, {""name"": ""a"", ""type"": ""float"", ""required"": false, ""enum"": null, ""raw"": ""2"", ""how"": ""regex-float"", ""coerced"": 2.0, ""ok"": true, ""note"": ""regex-float""}, {""name"": ""b"", ""type"": ""float"", ""required"": false, ""enum"": null, ""raw"": ""2"", ""how"": ""regex-float"", ""coerced"": 2.0, ""ok"": true, ""note"": ""regex-float""}, {""name"": ""n"", ""type"": ""int, optional"", ""required"": false, ""enum"": null, ""raw"": null, ""how"": ""missing"", ""coerced"": null, ""ok"": false, ""note"": ""none""}]}}}"
19,What city is associated with the ZIP code 10001?,"[{""name"": ""get_city_from_zipcode"", ""description"": ""Retrieves the city name for a given ZIP code using the Ziptastic API."", ""parameters"": {""zipcode"": {""description"": ""The ZIP code to look up."", ""type"": ""str""}}}, {""name"": ""calculate_calorie_intake"", ""description"": ""Calculates the recommended daily calorie intake and macronutrient distribution based on personal characteristics and goals."", ""parameters"": {""weight_kg"": {""description"": ""Body weight in kilograms."", ""type"": ""float""}, ""height_cm"": {""description"": ""Height in centimeters."", ""type"": ""float""}, ""age"": {""description"": ""Age in years."", ""type"": ""int""}, ""sex"": {""description"": ""Biological sex, either 'male' or 'female'."", ""type"": ""str""}, ""activity_level"": {""description"": ""Activity level on a scale of 1 to 5 (1 = sedentary, 5 = extremely active)."", ""type"": ""int""}, ""goal"": {""description"": ""Fitness goal, either 'lose', 'maintain', or 'gain'."", ""type"": ""str""}}}]",get_city_from_zipcode,"{""zipcode"": null}","{""rule_log"": {""select"": {""candidates"": [{""tool"": ""get_city_from_zipcode"", ""bm25"": 5.7358858986776475, ""arg_overlap"": 0, ""lambda"": 0.2, ""total"": 5.7358858986776475}, {""tool"": ""calculate_calorie_intake"", ""bm25"": 0.9734513270304643, ""arg_overlap"": 0, ""lambda"": 0.2, ""total"": 0.9734513270304643}], ""chosen"": {""tool"": ""get_city_from_zipcode"", ""bm25"": 5.7358858986776475, ""arg_overlap"": 0, ""lambda"": 0.2, ""total"": 5.7358858986776475}}, ""fill"": {""per_arg"": [{""name"": ""zipcode"", ""type"": ""str"", ""required"": false, ""enum"": null, ""raw"": null, ""how"": ""missing"", ""coerced"": null, ""ok"": false, ""note"": ""none""}]}}}"
20,Determine the 95% confidence interval for a sample mean of 50 with a standard deviation of 10 and a sample size of 100.,"[{""name"": ""linear_regression_prediction"", ""description"": ""Predicts the y-value for a given x-value using linear regression."", ""parameters"": {""x_values"": {""description"": ""The x-coordinates of the data points."", ""type"": ""List[float]""}, ""y_values"": {""description"": ""The y-coordinates of the data points."", ""type"": ""List[float]""}, ""target_x"": {""description"": ""The x-value for which to predict the y-value."", ""type"": ""float""}}}, {""name"": ""california_alimony"", ""description"": ""Calculates the total alimony one spouse would have to pay to the other in California over a given duration."", ""parameters"": {""payor_monthly_income"": {""description"": ""The monthly gross income of the payor spouse."", ""type"": ""int""}, ""recipient_monthly_income"": {""description"": ""The monthly gross income of the recipient spouse."", ""type"": ""int""}, ""duration_years"": {""description"": ""The duration of the alimony in years."", ""type"": ""int""}}}, {""name"": ""mean_confidence_interval"", ""description"": ""Calculates the confidence interval for a sample mean."", ""parameters"": {""std_dev"": {""description"": ""The standard deviation of the sample."", ""type"": ""float"", ""default"": 0.95}, ""sample_size"": {""description"": ""The size of the sample."", ""type"": ""int"", ""default"": 0.95}, ""mean"": {""description"": ""The mean of the sample."", ""type"": ""float""}, ""confidence"": {""description"": ""The desired confidence level. Default is 0.95."", ""type"": ""float, optional""}}}]",mean_confidence_interval,"{""std_dev"": 95.0, ""sample_size"": 95, ""mean"": 95.0, ""confidence"": ""interval""}","{""rule_log"": {""select"": {""candidates"": [{""tool"": ""linear_regression_prediction"", ""bm25"": 3.3866424009007403, ""arg_overlap"": 0, ""lambda"": 0.2, ""total"": 3.3866424009007403}, {""tool"": ""california_alimony"", ""bm25"": 2.077920362138284, ""arg_overlap"": 0, ""lambda"": 0.2, ""total"": 2.077920362138284}, {""tool"": ""mean_confidence_interval"", ""bm25"": 11.781609898037036, ""arg_overlap"": 0, ""lambda"": 0.2, ""total"": 11.781609898037036}], ""chosen"": {""tool"": ""mean_confidence_interval"", ""bm25"": 11.781609898037036, ""arg_overlap"": 0, ""lambda"": 0.2, ""total"": 11.781609898037036}}, ""fill"": {""per_arg"": [{""name"": ""std_dev"", ""type"": ""float"", ""required"": false, ""enum"": null, ""raw"": ""95"", ""how"": ""regex-float"", ""coerced"": 95.0, ""ok"": true, ""note"": ""regex-float""}, {""name"": ""sample_size"", ""type"": ""int"", ""required"": false, ""enum"": null, ""raw"": ""95"", ""how"": ""regex-int"", ""coerced"": 95, ""ok"": true, ""note"": ""regex-int""}, {""name"": ""mean"", ""type"": ""float"", ""required"": false, ""enum"": null, ""raw"": ""95"", ""how"": ""regex-float"", ""coerced"": 95.0, ""ok"": true, ""note"": ""regex-float""}, {""name"": ""confidence"", ""type"": ""float, optional"", ""required"": false, ""enum"": null, ""raw"": ""interval"", ""how"": ""after-name"", ""coerced"": ""interval"", ""ok"": true, ""note"": ""string""}]}}}"
21,Check if 216 is a power of 6.,"[{""name"": ""cell_density"", ""description"": ""Calculates the cell density based on the optical density (OD) and dilution factor."", ""parameters"": {""od"": {""description"": ""The optical density of the sample."", ""type"": ""float"", ""default"": 1000000000.0}, ""dilution"": {""description"": ""The dilution factor applied to the sample."", ""type"": ""int"", ""default"": 1000000000.0}, ""factor"": {""description"": ""The calibration factor for converting OD to cell density. Defaults to 1e9."", ""type"": ""float, optional""}}}, {""name"": ""is_power"", ""description"": ""Checks if a number is a power of a given base."", ""parameters"": {""num"": {""description"": ""The number to check."", ""type"": ""int""}, ""base"": {""description"": ""The base to check against."", ""type"": ""int""}}}, {""name"": ""sort_numbers"", ""description"": ""Sorts a list of numbers in ascending or descending order."", ""parameters"": {""numbers"": {""description"": ""The list of numbers to be sorted."", ""type"": ""List[float]""}, ""descending"": {""description"": ""If True, sorts the numbers in descending order. Defaults to False."", ""type"": ""bool, optional""}}}]",is_power,"{""num"": 216, ""base"": 216}","{""rule_log"": {""select"": {""candidates"": [{""tool"": ""cell_density"", ""bm25"": 0.0, ""arg_overlap"": 0, ""lambda"": 0.2, ""total"": 0.0}, {""tool"": ""is_power"", ""bm25"": 8.473596624418153, ""arg_overlap"": 0, ""lambda"": 0.2, ""total"": 8.473596624418153}, {""tool"": ""sort_numbers"", ""bm25"": 2.69453266454937, ""arg_overlap"": 0, ""lambda"": 0.2, ""total"": 2.69453266454937}], ""chosen"": {""tool"": ""is_power"", ""bm25"": 8.473596624418153, ""arg_overlap"": 0, ""lambda"": 0.2, ""total"": 8.473596624418153}}, ""fill"": {""per_arg"": [{""name"": ""num"", ""type"": ""int"", ""required"": false, ""enum"": null, ""raw"": ""216"", ""how"": ""regex-int"", ""coerced"": 216, ""ok"": true, ""note"": ""regex-int""}, {""name"": ""base"", ""type"": ""int"", ""required"": false, ""enum"": null, ""raw"": ""216"", ""how"": ""regex-int"", ""coerced"": 216, ""ok"": true, ""note"": ""regex-int""}]}}}"
22,"Please merge sorted lists [10, 20, 30] and [15, 25, 35] and calculate the median of the result.","[{""name"": ""merge_sorted_lists"", ""description"": ""Merges two sorted lists into a single sorted list."", ""parameters"": {""list1"": {""description"": ""The first sorted list."", ""type"": ""List[int]""}, ""list2"": {""description"": ""The second sorted list."", ""type"": ""List[int]""}}}, {""name"": ""calculate_median"", ""description"": ""Calculates the median of a list of numbers."", ""parameters"": {""numbers"": {""description"": ""The list of numbers."", ""type"": ""List[Union[int, float]]""}}}]",calculate_median,"{""numbers"": null}","{""rule_log"": {""select"": {""candidates"": [{""tool"": ""merge_sorted_lists"", ""bm25"": 3.2801672156162267, ""arg_overlap"": 0, ""lambda"": 0.2, ""total"": 3.2801672156162267}, {""tool"": ""calculate_median"", ""bm25"": 4.834335059594411, ""arg_overlap"": 0, ""lambda"": 0.2, ""total"": 4.834335059594411}], ""chosen"": {""tool"": ""calculate_median"", ""bm25"": 4.834335059594411, ""arg_overlap"": 0, ""lambda"": 0.2, ""total"": 4.834335059594411}}, ""fill"": {""per_arg"": [{""name"": ""numbers"", ""type"": ""List[Union[int, float]]"", ""required"": false, ""enum"": null, ""raw"": null, ""how"": ""missing"", ""coerced"": null, ""ok"": false, ""note"": ""none""}]}}}"
23,"Perform an independent samples t-test on two samples [1, 2, 3, 4, 5] and [2, 3, 4, 5, 6] with a significance level of 0.05.","[{""name"": ""cagr"", ""description"": ""Calculates the Compound Annual Growth Rate (CAGR) of an investment."", ""parameters"": {""start_value"": {""description"": ""The initial value of the investment."", ""type"": ""float""}, ""end_value"": {""description"": ""The final value of the investment."", ""type"": ""float""}, ""years"": {""description"": ""The number of years between the initial and final values."", ""type"": ""int""}}}, {""name"": ""is_power"", ""description"": ""Checks if a number is a power of a given base."", ""parameters"": {""num"": {""description"": ""The number to check."", ""type"": ""int""}, ""base"": {""description"": ""The base to check against."", ""type"": ""int""}}}, {""name"": ""euclidean_distance"", ""description"": ""Computes the Euclidean distance between two points in a 2D plane."", ""parameters"": {""point_a"": {""description"": ""The coordinates of the first point (x, y)."", ""type"": ""Tuple[float, float]""}, ""point_b"": {""description"": ""The coordinates of the second point (x, y)."", ""type"": ""Tuple[float, float]""}}}, {""name"": ""trapezoidal_integration"", ""description"": ""Calculates the definite integral of a function using the trapezoidal rule."", ""parameters"": {""func"": {""description"": ""The function to integrate, expressed as a string (e.g., \""x**2 + 2*x\"")."", ""type"": ""str"", ""default"": 10000}, ""a"": {""description"": ""The lower limit of integration."", ""type"": ""float"", ""default"": 10000}, ""b"": {""description"": ""The upper limit of integration."", ""type"": ""float""}, ""n"": {""description"": ""The number of subdivisions for the trapezoidal approximation. Defaults to 10000."", ""type"": ""int, optional""}}}, {""name"": ""find_minimum_rotated_sorted_array"", ""description"": ""Finds the minimum element in a rotated sorted array."", ""parameters"": {""nums"": {""description"": ""The rotated sorted array."", ""type"": ""List[int]""}}}, {""name"": ""independent_samples_t_test"", ""description"": ""Conducts a two-sample independent t-test and returns the t-statistic, p-value, and conclusion."", ""parameters"": {""sample1"": {""description"": ""The first sample of observations."", ""type"": ""List[float]"", ""default"": 0.05}, ""sample2"": {""description"": ""The second sample of observations."", ""type"": ""List[float]"", ""default"": 0.05}, ""alpha"": {""description"": ""The significance level of the test. Defaults to 0.05."", ""type"": ""float, optional""}}}, {""name"": ""triangle_area"", ""description"": ""Computes the area of a triangle given its base and height."", ""parameters"": {""base"": {""description"": ""The length of the base of the triangle."", ""type"": ""float""}, ""height"": {""description"": ""The height of the triangle."", ""type"": ""float""}}}, {""name"": ""find_equilibrium_index"", ""description"": ""Finds the equilibrium index of a list, where the sum of elements on the left is equal to the sum of elements on the right."", ""parameters"": {""arr"": {""description"": ""The input list of integers."", ""type"": ""List[int]""}}}]",independent_samples_t_test,"{""sample1"": ""0.05"", ""sample2"": ""0.05"", ""alpha"": null}","{""rule_log"": {""select"": {""candidates"": [{""tool"": ""cagr"", ""bm25"": 4.285192494429832, ""arg_overlap"": 0, ""lambda"": 0.2, ""total"": 4.285192494429832}, {""tool"": ""is_power"", ""bm25"": 3.3046860038226678, ""arg_overlap"": 0, ""lambda"": 0.2, ""total"": 3.3046860038226678}, {""tool"": ""euclidean_distance"", ""bm25"": 3.4160336532415574, ""arg_overlap"": 0, ""lambda"": 0.2, ""total"": 3.4160336532415574}, {""tool"": ""trapezoidal_integration"", ""bm25"": 2.6798635445688728, ""arg_overlap"": 0, ""lambda"": 0.2, ""total"": 2.6798635445688728}, {""tool"": ""find_minimum_rotated_sorted_array"", ""bm25"": 1.265724907401108, ""arg_overlap"": 0, ""lambda"": 0.2, ""total"": 1.265724907401108}, {""tool"": ""independent_samples_t_test"", ""bm25"": 13.530637706281379, ""arg_overlap"": 0, ""lambda"": 0.2, ""total"": 13.530637706281379}, {""tool"": ""triangle_area"", ""bm25"": 4.908734525999667, ""arg_overlap"": 0, ""lambda"": 0.2, ""total"": 4.908734525999667}, {""tool"": ""find_equilibrium_index"", ""bm25"": 5.4677670298302345, ""arg_overlap"": 0, ""lambda"": 0.2, ""total"": 5.4677670298302345}], ""chosen"": {""tool"": ""independent_samples_t_test"", ""bm25"": 13.530637706281379, ""arg_overlap"": 0, ""lambda"": 0.2, ""total"": 13.530637706281379}}, ""fill"": {""per_arg"": [{""name"": ""sample1"", ""type"": ""List[float]"", ""required"": false, ""enum"": null, ""raw"": 0.05, ""how"": ""default"", ""coerced"": ""0.05"", ""ok"": true, ""note"": ""string""}, {""name"": ""sample2"", ""type"": ""List[float]"", ""required"": false, ""enum"": null, ""raw"": 0.05, ""how"": ""default"", ""coerced"": ""0.05"", ""ok"": true, ""note"": ""string""}, {""name"": ""alpha"", ""type"": ""float, optional"", ""required"": false, ""enum"": null, ""raw"": null, ""how"": ""missing"", ""coerced"": null, ""ok"": false, ""note"": ""none""}]}}}"
24,"Calculate the quarterly dividend per share for a company with a total dividend of $100,000 and 5000 outstanding shares.","[{""name"": ""triangle_area"", ""description"": ""Computes the area of a triangle given its base and height."", ""parameters"": {""base"": {""description"": ""The length of the base of the triangle."", ""type"": ""float""}, ""height"": {""description"": ""The height of the triangle."", ""type"": ""float""}}}, {""name"": ""calculate_quarterly_dividend"", ""description"": ""Calculates the quarterly dividend per share based on the total dividend payout and the number of outstanding shares."", ""parameters"": {""total_dividend"": {""description"": ""The total dividend payout in USD."", ""type"": ""int""}, ""num_shares"": {""description"": ""The number of outstanding shares."", ""type"": ""int""}}}, {""name"": ""bacterial_growth"", ""description"": ""Calculates the bacterial population after a given time based on the initial population and growth rate."", ""parameters"": {""initial_population"": {""description"": ""The initial bacterial population."", ""type"": ""int"", ""default"": 20}, ""growth_rate"": {""description"": ""The growth rate per unit time."", ""type"": ""float"", ""default"": 20}, ""time"": {""description"": ""The time elapsed."", ""type"": ""float""}, ""doubling_time"": {""description"": ""The doubling time of the bacteria in minutes. Defaults to 20."", ""type"": ""float, optional""}}}, {""name"": ""is_valid_sudoku"", ""description"": ""Checks if a 9x9 Sudoku board is valid."", ""parameters"": {""board"": {""description"": ""The Sudoku board represented as a 2D list of strings."", ""type"": ""List[List[str]]""}}}]",calculate_quarterly_dividend,"{""total_dividend"": 100, ""num_shares"": 100}","{""rule_log"": {""select"": {""candidates"": [{""tool"": ""triangle_area"", ""bm25"": 5.5379721818055, ""arg_overlap"": 0, ""lambda"": 0.2, ""total"": 5.5379721818055}, {""tool"": ""calculate_quarterly_dividend"", ""bm25"": 16.726903013828487, ""arg_overlap"": 0, ""lambda"": 0.2, ""total"": 16.726903013828487}, {""tool"": ""bacterial_growth"", ""bm25"": 3.8625291874725733, ""arg_overlap"": 0, ""lambda"": 0.2, ""total"": 3.8625291874725733}, {""tool"": ""is_valid_sudoku"", ""bm25"": 1.440208462497508, ""arg_overlap"": 0, ""lambda"": 0.2, ""total"": 1.440208462497508}], ""chosen"": {""tool"": ""calculate_quarterly_dividend"", ""bm25"": 16.726903013828487, ""arg_overlap"": 0, ""lambda"": 0.2, ""total"": 16.726903013828487}}, ""fill"": {""per_arg"": [{""name"": ""total_dividend"", ""type"": ""int"", ""required"": false, ""enum"": null, ""raw"": ""100"", ""how"": ""regex-int"", ""coerced"": 100, ""ok"": true, ""note"": ""regex-int""}, {""name"": ""num_shares"", ""type"": ""int"", ""required"": false, ""enum"": null, ""raw"": ""100"", ""how"": ""regex-int"", ""coerced"": 100, ""ok"": true, ""note"": ""regex-int""}]}}}"
25,Find the first non-repeating character in the string 'aabccdeefg'.,"[{""name"": ""flatten_list"", ""description"": ""Flattens a nested list into a single-level list."", ""parameters"": {""nested_list"": {""description"": ""The nested list to be flattened."", ""type"": ""List""}}}, {""name"": ""find_first_non_repeating_char"", ""description"": ""Finds the first non-repeating character in a string."", ""parameters"": {""s"": {""description"": ""The input string."", ""type"": ""str""}}}, {""name"": ""is_anagram"", ""description"": ""Checks if two words are anagrams of each other."", ""parameters"": {""word1"": {""description"": ""The first word."", ""type"": ""str""}, ""word2"": {""description"": ""The second word."", ""type"": ""str""}}}]",find_first_non_repeating_char,"{""s"": null}","{""rule_log"": {""select"": {""candidates"": [{""tool"": ""flatten_list"", ""bm25"": 0.0, ""arg_overlap"": 0, ""lambda"": 0.2, ""total"": 0.0}, {""tool"": ""find_first_non_repeating_char"", ""bm25"": 11.852030259017189, ""arg_overlap"": 0, ""lambda"": 0.2, ""total"": 11.852030259017189}, {""tool"": ""is_anagram"", ""bm25"": 0.0, ""arg_overlap"": 0, ""lambda"": 0.2, ""total"": 0.0}], ""chosen"": {""tool"": ""find_first_non_repeating_char"", ""bm25"": 11.852030259017189, ""arg_overlap"": 0, ""lambda"": 0.2, ""total"": 11.852030259017189}}, ""fill"": {""per_arg"": [{""name"": ""s"", ""type"": ""str"", ""required"": false, ""enum"": null, ""raw"": null, ""how"": ""missing"", ""coerced"": null, ""ok"": false, ""note"": ""none""}]}}}"
26,Draw 3 random cards from a shuffled deck.,"[{""name"": ""solve_quadratic"", ""description"": ""Computes the roots of a quadratic equation given its coefficients."", ""parameters"": {""a"": {""description"": ""The coefficient of the quadratic term (x^2)."", ""type"": ""float""}, ""b"": {""description"": ""The coefficient of the linear term (x)."", ""type"": ""float""}, ""c"": {""description"": ""The constant term."", ""type"": ""float""}}}, {""name"": ""draw_cards"", ""description"": ""Shuffles a standard deck of 52 cards and draws a specified number of cards from the top."", ""parameters"": {""num_draw"": {""description"": ""The number of cards to be drawn. Defaults to 1."", ""type"": ""int, optional"", ""default"": 1}}}]",draw_cards,"{""num_draw"": ""1""}","{""rule_log"": {""select"": {""candidates"": [{""tool"": ""solve_quadratic"", ""bm25"": 1.1095652168580477, ""arg_overlap"": 0, ""lambda"": 0.2, ""total"": 1.1095652168580477}, {""tool"": ""draw_cards"", ""bm25"": 5.655556101093804, ""arg_overlap"": 0, ""lambda"": 0.2, ""total"": 5.655556101093804}], ""chosen"": {""tool"": ""draw_cards"", ""bm25"": 5.655556101093804, ""arg_overlap"": 0, ""lambda"": 0.2, ""total"": 5.655556101093804}}, ""fill"": {""per_arg"": [{""name"": ""num_draw"", ""type"": ""int, optional"", ""required"": false, ""enum"": null, ""raw"": 1, ""how"": ""default"", ""coerced"": ""1"", ""ok"": true, ""note"": ""string""}]}}}"
27,"Calculate the CAGR for a real estate investment that began at $200,000 and ended at $250,000 after 3 years.","[{""name"": ""cagr"", ""description"": ""Calculates the Compound Annual Growth Rate (CAGR) of an investment."", ""parameters"": {""start_value"": {""description"": ""The initial value of the investment."", ""type"": ""float""}, ""end_value"": {""description"": ""The final value of the investment."", ""type"": ""float""}, ""years"": {""description"": ""The number of years between the initial and final values."", ""type"": ""int""}}}, {""name"": ""calculate_angle"", ""description"": ""Calculates the angle between the hour and minute hands of a clock."", ""parameters"": {""hour"": {""description"": ""The hour value (1-12)."", ""type"": ""int""}, ""minute"": {""description"": ""The minute value (0-59)."", ""type"": ""int""}}}]",cagr,"{""start_value"": 200.0, ""end_value"": 200.0, ""years"": 200}","{""rule_log"": {""select"": {""candidates"": [{""tool"": ""cagr"", ""bm25"": 4.469258747164849, ""arg_overlap"": 0, ""lambda"": 0.2, ""total"": 4.469258747164849}, {""tool"": ""calculate_angle"", ""bm25"": 4.061773636017315, ""arg_overlap"": 0, ""lambda"": 0.2, ""total"": 4.061773636017315}], ""chosen"": {""tool"": ""cagr"", ""bm25"": 4.469258747164849, ""arg_overlap"": 0, ""lambda"": 0.2, ""total"": 4.469258747164849}}, ""fill"": {""per_arg"": [{""name"": ""start_value"", ""type"": ""float"", ""required"": false, ""enum"": null, ""raw"": ""200"", ""how"": ""regex-float"", ""coerced"": 200.0, ""ok"": true, ""note"": ""regex-float""}, {""name"": ""end_value"", ""type"": ""float"", ""required"": false, ""enum"": null, ""raw"": ""200"", ""how"": ""regex-float"", ""coerced"": 200.0, ""ok"": true, ""note"": ""regex-float""}, {""name"": ""years"", ""type"": ""int"", ""required"": false, ""enum"": null, ""raw"": ""200"", ""how"": ""regex-int"", ""coerced"": 200, ""ok"": true, ""note"": ""regex-int""}]}}}"
28,"Determine the median of the list [100, 200, 300, 400, 500, 600, 700, 800].","[{""name"": ""calculate_median"", ""description"": ""Calculates the median of a list of numbers."", ""parameters"": {""numbers"": {""description"": ""The list of numbers."", ""type"": ""List[Union[int, float]]""}}}]",calculate_median,"{""numbers"": null}","{""rule_log"": {""select"": {""candidates"": [{""tool"": ""calculate_median"", ""bm25"": 4.374999998386008, ""arg_overlap"": 0, ""lambda"": 0.2, ""total"": 4.374999998386008}], ""chosen"": {""tool"": ""calculate_median"", ""bm25"": 4.374999998386008, ""arg_overlap"": 0, ""lambda"": 0.2, ""total"": 4.374999998386008}}, ""fill"": {""per_arg"": [{""name"": ""numbers"", ""type"": ""List[Union[int, float]]"", ""required"": false, ""enum"": null, ""raw"": null, ""how"": ""missing"", ""coerced"": null, ""ok"": false, ""note"": ""none""}]}}}"
29,"Determine the distance between the points (-1,-1) and (1,1).","[{""name"": ""polygon_area_shoelace"", ""description"": ""Calculates the area of a polygon using the shoelace formula."", ""parameters"": {""vertices"": {""description"": ""A list of polygon vertices represented as tuples (x, y)."", ""type"": ""List[Tuple[float, float]]""}}}, {""name"": ""euclidean_distance"", ""description"": ""Computes the Euclidean distance between two points in a 2D plane."", ""parameters"": {""point_a"": {""description"": ""The coordinates of the first point (x, y)."", ""type"": ""Tuple[float, float]""}, ""point_b"": {""description"": ""The coordinates of the second point (x, y)."", ""type"": ""Tuple[float, float]""}}}]",euclidean_distance,"{""point_a"": null, ""point_b"": null}","{""rule_log"": {""select"": {""candidates"": [{""tool"": ""polygon_area_shoelace"", ""bm25"": 1.3920220078456698, ""arg_overlap"": 0, ""lambda"": 0.2, ""total"": 1.3920220078456698}, {""tool"": ""euclidean_distance"", ""bm25"": 5.125235015583797, ""arg_overlap"": 0, ""lambda"": 0.2, ""total"": 5.125235015583797}], ""chosen"": {""tool"": ""euclidean_distance"", ""bm25"": 5.125235015583797, ""arg_overlap"": 0, ""lambda"": 0.2, ""total"": 5.125235015583797}}, ""fill"": {""per_arg"": [{""name"": ""point_a"", ""type"": ""Tuple[float, float]"", ""required"": false, ""enum"": null, ""raw"": null, ""how"": ""missing"", ""coerced"": null, ""ok"": false, ""note"": ""none""}, {""name"": ""point_b"", ""type"": ""Tuple[float, float]"", ""required"": false, ""enum"": null, ""raw"": null, ""how"": ""missing"", ""coerced"": null, ""ok"": false, ""note"": ""none""}]}}}"
30,Determine the total alimony for a payor with a monthly income of $9500 and a recipient with $3800 over 5 years.,"[{""name"": ""california_alimony"", ""description"": ""Calculates the total alimony one spouse would have to pay to the other in California over a given duration."", ""parameters"": {""payor_monthly_income"": {""description"": ""The monthly gross income of the payor spouse."", ""type"": ""int""}, ""recipient_monthly_income"": {""description"": ""The monthly gross income of the recipient spouse."", ""type"": ""int""}, ""duration_years"": {""description"": ""The duration of the alimony in years."", ""type"": ""int""}}}, {""name"": ""calculate_distance"", ""description"": ""Calculates the Euclidean distance between two points in n-dimensional space."", ""parameters"": {""point1"": {""description"": ""The coordinates of the first point."", ""type"": ""List[float]""}, ""point2"": {""description"": ""The coordinates of the second point."", ""type"": ""List[float]""}}}]",california_alimony,"{""payor_monthly_income"": 9500, ""recipient_monthly_income"": 9500, ""duration_years"": 9500}","{""rule_log"": {""select"": {""candidates"": [{""tool"": ""california_alimony"", ""bm25"": 6.38491604656407, ""arg_overlap"": 0, ""lambda"": 0.2, ""total"": 6.38491604656407}, {""tool"": ""calculate_distance"", ""bm25"": 1.1139240500926935, ""arg_overlap"": 0, ""lambda"": 0.2, ""total"": 1.1139240500926935}], ""chosen"": {""tool"": ""california_alimony"", ""bm25"": 6.38491604656407, ""arg_overlap"": 0, ""lambda"": 0.2, ""total"": 6.38491604656407}}, ""fill"": {""per_arg"": [{""name"": ""payor_monthly_income"", ""type"": ""int"", ""required"": false, ""enum"": null, ""raw"": ""9500"", ""how"": ""regex-int"", ""coerced"": 9500, ""ok"": true, ""note"": ""regex-int""}, {""name"": ""recipient_monthly_income"", ""type"": ""int"", ""required"": false, ""enum"": null, ""raw"": ""9500"", ""how"": ""regex-int"", ""coerced"": 9500, ""ok"": true, ""note"": ""regex-int""}, {""name"": ""duration_years"", ""type"": ""int"", ""required"": false, ""enum"": null, ""raw"": ""9500"", ""how"": ""regex-int"", ""coerced"": 9500, ""ok"": true, ""note"": ""regex-int""}]}}}"
31,"Find the longest word in the list ['apple', 'banana', 'kiwi']","[{""name"": ""calculate_age"", ""description"": ""Calculates the age based on the birthdate."", ""parameters"": {""birthdate"": {""description"": ""The birthdate in the format 'YYYY-MM-DD'."", ""type"": ""str""}}}, {""name"": ""get_range"", ""description"": ""Helper function to format the range string."", ""parameters"": {""start"": {""description"": ""The start of the range."", ""type"": ""int""}, ""end"": {""description"": ""The end of the range."", ""type"": ""int""}}}, {""name"": ""find_longest_word"", ""description"": ""Finds the longest word in a list of words."", ""parameters"": {""words"": {""description"": ""A list of words."", ""type"": ""List[str]""}}}]",find_longest_word,"{""words"": null}","{""rule_log"": {""select"": {""candidates"": [{""tool"": ""calculate_age"", ""bm25"": 1.4054054049995353, ""arg_overlap"": 0, ""lambda"": 0.2, ""total"": 1.4054054049995353}, {""tool"": ""get_range"", ""bm25"": 1.0324909742911286, ""arg_overlap"": 0, ""lambda"": 0.2, ""total"": 1.0324909742911286}, {""tool"": ""find_longest_word"", ""bm25"": 7.312369650407481, ""arg_overlap"": 0, ""lambda"": 0.2, ""total"": 7.312369650407481}], ""chosen"": {""tool"": ""find_longest_word"", ""bm25"": 7.312369650407481, ""arg_overlap"": 0, ""lambda"": 0.2, ""total"": 7.312369650407481}}, ""fill"": {""per_arg"": [{""name"": ""words"", ""type"": ""List[str]"", ""required"": false, ""enum"": null, ""raw"": null, ""how"": ""missing"", ""coerced"": null, ""ok"": false, ""note"": ""none""}]}}}"
32,"Place an order at Safeway in Palo Alto, CA for 'bread' (2 units), 'milk' (1 unit), and 'eggs' (3 units). Also, verify if the email 'jane.doe123@example.com' is valid.","[{""name"": ""get_ip_zipcode"", ""description"": ""Retrieves the ZIP code of a given IP address using the ip-api.com API."", ""parameters"": {""ip"": {""description"": ""The IP address to locate."", ""type"": ""str""}}}, {""name"": ""whole_foods_order"", ""description"": ""Places an order at Whole Foods."", ""parameters"": {""store_location"": {""description"": ""The location of the Whole Foods store."", ""type"": ""str""}, ""item_list"": {""description"": ""A list of items to order."", ""type"": ""list""}, ""order_size"": {""description"": ""The size of the order. Allowed values: \""small\"", \""medium\"", or \""large\""."", ""type"": ""str""}}}, {""name"": ""is_leap_year"", ""description"": ""Checks if a year is a leap year."", ""parameters"": {""year"": {""description"": ""The year to check."", ""type"": ""int""}}}, {""name"": ""place_safeway_order"", ""description"": ""Order specified items from a Safeway location."", ""parameters"": {""location"": {""description"": ""The location of the Safeway store, e.g., 'Palo Alto, CA'."", ""type"": ""str""}, ""items"": {""description"": ""List of items to order."", ""type"": ""list""}, ""quantity"": {""description"": ""Quantity of each item in the order list."", ""type"": ""list""}}}, {""name"": ""is_valid_email"", ""description"": ""Checks if an email address is valid."", ""parameters"": {""email"": {""description"": ""The email address to validate."", ""type"": ""str""}}}, {""name"": ""assess_diabetes_risk"", ""description"": ""Assesses the risk of developing type 2 diabetes based on body mass index (BMI) and physical activity level."", ""parameters"": {""weight_lbs"": {""description"": ""Body weight in pounds."", ""type"": ""int""}, ""height_inches"": {""description"": ""Height in inches."", ""type"": ""int""}, ""activity"": {""description"": ""Physical activity level. Allowed values: \""sedentary\"", \""lightly active\"", \""moderately active\"", or \""very active\""."", ""type"": ""str""}}}, {""name"": ""is_hotel_available"", ""description"": ""Checks the availability of a hotel for a given date range."", ""parameters"": {""hotel"": {""description"": ""The name of the hotel."", ""type"": ""str""}, ""city"": {""description"": ""The city where the hotel is located."", ""type"": ""str""}, ""checkin"": {""description"": ""The check-in date in the format \""YYYY-MM-DD\""."", ""type"": ""str""}, ""checkout"": {""description"": ""The check-out date in the format \""YYYY-MM-DD\""."", ""type"": ""str""}}}]",is_valid_email,"{""email"": ""jane""}","{""rule_log"": {""select"": {""candidates"": [{""tool"": ""get_ip_zipcode"", ""bm25"": 4.121344584319445, ""arg_overlap"": 0, ""lambda"": 0.2, ""total"": 4.121344584319445}, {""tool"": ""whole_foods_order"", ""bm25"": 7.515491878373004, ""arg_overlap"": 0, ""lambda"": 0.2, ""total"": 7.515491878373004}, {""tool"": ""is_leap_year"", ""bm25"": 4.31954986215391, ""arg_overlap"": 0, ""lambda"": 0.2, ""total"": 4.31954986215391}, {""tool"": ""place_safeway_order"", ""bm25"": 4.957583826038967, ""arg_overlap"": 0, ""lambda"": 0.2, ""total"": 4.957583826038967}, {""tool"": ""is_valid_email"", ""bm25"": 12.163816404565436, ""arg_overlap"": 0, ""lambda"": 0.2, ""total"": 12.163816404565436}, {""tool"": ""assess_diabetes_risk"", ""bm25"": 5.052809800184409, ""arg_overlap"": 0, ""lambda"": 0.2, ""total"": 5.052809800184409}, {""tool"": ""is_hotel_available"", ""bm25"": 3.976483116413073, ""arg_overlap"": 0, ""lambda"": 0.2, ""total"": 3.976483116413073}], ""chosen"": {""tool"": ""is_valid_email"", ""bm25"": 12.163816404565436, ""arg_overlap"": 0, ""lambda"": 0.2, ""total"": 12.163816404565436}}, ""fill"": {""per_arg"": [{""name"": ""email"", ""type"": ""str"", ""required"": false, ""enum"": null, ""raw"": ""jane"", ""how"": ""after-name"", ""coerced"": ""jane"", ""ok"": true, ""note"": ""string""}]}}}"
33,"Retrieve information about product ID 12345. Additionally, get 5 random quotes from the 'inspiration' category.","[{""name"": ""get_podcast_episodes"", ""description"": ""Fetch podcast episodes including audio, image, and description using the username of the podcast."", ""parameters"": {""username"": {""description"": ""The username of the anchor podcast user. For example, for the URL https://anchor.fm/financialfreedomtribe, the username is \""financialfreedomtribe\""."", ""type"": ""str"", ""default"": ""financialfreedomtribe""}}}, {""name"": ""hsl_to_hex"", ""description"": ""Converts an HSL color code to its HEX color code using the Convexity RapidAPI service."", ""parameters"": {""s"": {""description"": ""The saturation component of the HSL color code."", ""type"": ""int"", ""default"": ""78""}, ""h"": {""description"": ""The hue component of the HSL color code."", ""type"": ""int"", ""default"": ""250""}, ""l"": {""description"": ""The lightness component of the HSL color code."", ""type"": ""int"", ""default"": ""45""}}}, {""name"": ""get_product"", ""description"": ""Fetches a product's information from the API using the given product ID."", ""parameters"": {""is_id"": {""description"": ""The ID of the product to retrieve information for."", ""type"": ""int"", ""default"": """"}}}, {""name"": ""get_random_quotes"", ""description"": ""Fetches multiple random quotes from a specified category or from multiple categories if 'all' is specified."", ""parameters"": {""count"": {""description"": ""The number of random quotes to retrieve."", ""type"": ""int"", ""default"": ""2""}, ""category"": {""description"": ""The category from which to fetch quotes. Use 'all' to fetch from multiple categories."", ""type"": ""str"", ""default"": ""all""}}}]",get_product,"{""is_id"": 12345}","{""rule_log"": {""select"": {""candidates"": [{""tool"": ""get_podcast_episodes"", ""bm25"": 1.697220552895227, ""arg_overlap"": 0, ""lambda"": 0.2, ""total"": 1.697220552895227}, {""tool"": ""hsl_to_hex"", ""bm25"": 1.207212592828489, ""arg_overlap"": 0, ""lambda"": 0.2, ""total"": 1.207212592828489}, {""tool"": ""get_product"", ""bm25"": 10.001170559444805, ""arg_overlap"": 0, ""lambda"": 0.2, ""total"": 10.001170559444805}, {""tool"": ""get_random_quotes"", ""bm25"": 7.552286420081534, ""arg_overlap"": 0, ""lambda"": 0.2, ""total"": 7.552286420081534}], ""chosen"": {""tool"": ""get_product"", ""bm25"": 10.001170559444805, ""arg_overlap"": 0, ""lambda"": 0.2, ""total"": 10.001170559444805}}, ""fill"": {""per_arg"": [{""name"": ""is_id"", ""type"": ""int"", ""required"": false, ""enum"": null, ""raw"": ""12345"", ""how"": ""regex-int"", ""coerced"": 12345, ""ok"": true, ""note"": ""regex-int""}]}}}"
34,What is the 10th Fibonacci number?,"[{""name"": ""flatten_list"", ""description"": ""Flattens a nested list into a single-level list."", ""parameters"": {""nested_list"": {""description"": ""The nested list to be flattened."", ""type"": ""List""}}}, {""name"": ""fibonacci"", ""description"": ""Calculates the nth Fibonacci number."", ""parameters"": {""n"": {""description"": ""The position of the Fibonacci number."", ""type"": ""int""}}}, {""name"": ""longest_common_prefix"", ""description"": ""Finds the longest common prefix among a list of strings."", ""parameters"": {""strs"": {""description"": ""The list of strings."", ""type"": ""List[str]""}}}, {""name"": ""word_frequency"", ""description"": ""Calculates the frequency of each word in a text."", ""parameters"": {""text"": {""description"": ""The input text."", ""type"": ""str""}}}, {""name"": ""calculate_grade"", ""description"": ""Calculates the weighted average grade based on scores and their corresponding weights."", ""parameters"": {""scores"": {""description"": ""A list of scores."", ""type"": ""List[float]""}, ""weights"": {""description"": ""A list of weights corresponding to each score."", ""type"": ""List[float]""}}}]",fibonacci,"{""n"": 10}","{""rule_log"": {""select"": {""candidates"": [{""tool"": ""flatten_list"", ""bm25"": 0.0, ""arg_overlap"": 0, ""lambda"": 0.2, ""total"": 0.0}, {""tool"": ""fibonacci"", ""bm25"": 7.174226833149348, ""arg_overlap"": 0, ""lambda"": 0.2, ""total"": 7.174226833149348}, {""tool"": ""longest_common_prefix"", ""bm25"": 1.1358547702721813, ""arg_overlap"": 0, ""lambda"": 0.2, ""total"": 1.1358547702721813}, {""tool"": ""word_frequency"", ""bm25"": 1.1823215563049034, ""arg_overlap"": 0, ""lambda"": 0.2, ""total"": 1.1823215563049034}, {""tool"": ""calculate_grade"", ""bm25"": 1.0530799287517534, ""arg_overlap"": 0, ""lambda"": 0.2, ""total"": 1.0530799287517534}], ""chosen"": {""tool"": ""fibonacci"", ""bm25"": 7.174226833149348, ""arg_overlap"": 0, ""lambda"": 0.2, ""total"": 7.174226833149348}}, ""fill"": {""per_arg"": [{""name"": ""n"", ""type"": ""int"", ""required"": false, ""enum"": null, ""raw"": ""10"", ""how"": ""regex-int"", ""coerced"": 10, ""ok"": true, ""note"": ""regex-int""}]}}}"
35,Estimate the derivative of the function f(x) = x^2 at x = 3 using numerical methods.,"[{""name"": ""cell_density"", ""description"": ""Calculates the cell density based on the optical density (OD) and dilution factor."", ""parameters"": {""od"": {""description"": ""The optical density of the sample."", ""type"": ""float"", ""default"": 1000000000.0}, ""dilution"": {""description"": ""The dilution factor applied to the sample."", ""type"": ""int"", ""default"": 1000000000.0}, ""factor"": {""description"": ""The calibration factor for converting OD to cell density. Defaults to 1e9."", ""type"": ""float, optional""}}}, {""name"": ""numerical_derivative"", ""description"": ""Estimates the derivative of a function at a given point using the central difference formula."", ""parameters"": {""function"": {""description"": ""The function to calculate the derivative of."", ""type"": ""Callable[[float], float]""}, ""x"": {""description"": ""The point at which to estimate the derivative."", ""type"": ""float""}}}, {""name"": ""batting_average"", ""description"": ""Calculates the batting average of a baseball player based on the number of hits and at-bats."", ""parameters"": {""num_hits"": {""description"": ""The number of hits."", ""type"": ""int"", ""default"": 3}, ""num_at_bats"": {""description"": ""The number of at-bats."", ""type"": ""int"", ""default"": 3}, ""precision"": {""description"": ""The number of decimal places to round the batting average. Defaults to 3."", ""type"": ""int, optional""}}}]",numerical_derivative,"{""function"": ""f"", ""x"": 2.0}","{""rule_log"": {""select"": {""candidates"": [{""tool"": ""cell_density"", ""bm25"": 1.4251012141360457, ""arg_overlap"": 0, ""lambda"": 0.2, ""total"": 1.4251012141360457}, {""tool"": ""numerical_derivative"", ""bm25"": 9.029805682894143, ""arg_overlap"": 0, ""lambda"": 0.2, ""total"": 9.029805682894143}, {""tool"": ""batting_average"", ""bm25"": 4.263770491601354, ""arg_overlap"": 0, ""lambda"": 0.2, ""total"": 4.263770491601354}], ""chosen"": {""tool"": ""numerical_derivative"", ""bm25"": 9.029805682894143, ""arg_overlap"": 0, ""lambda"": 0.2, ""total"": 9.029805682894143}}, ""fill"": {""per_arg"": [{""name"": ""function"", ""type"": ""Callable[[float], float]"", ""required"": false, ""enum"": null, ""raw"": ""f"", ""how"": ""after-name"", ""coerced"": ""f"", ""ok"": true, ""note"": ""string""}, {""name"": ""x"", ""type"": ""float"", ""required"": false, ""enum"": null, ""raw"": ""2"", ""how"": ""regex-float"", ""coerced"": 2.0, ""ok"": true, ""note"": ""regex-float""}]}}}"
36,"Predict the y-value for x=7 using a linear regression model trained on points (4,4), (5,5), (6,6).","[{""name"": ""cosine_similarity"", ""description"": ""Calculates the cosine similarity between two vectors."", ""parameters"": {""vector_a"": {""description"": ""The first vector."", ""type"": ""List[float]""}, ""vector_b"": {""description"": ""The second vector."", ""type"": ""List[float]""}}}, {""name"": ""linear_regression_prediction"", ""description"": ""Predicts the y-value for a given x-value using linear regression."", ""parameters"": {""x_values"": {""description"": ""The x-coordinates of the data points."", ""type"": ""List[float]""}, ""y_values"": {""description"": ""The y-coordinates of the data points."", ""type"": ""List[float]""}, ""target_x"": {""description"": ""The x-value for which to predict the y-value."", ""type"": ""float""}}}, {""name"": ""polygon_area_shoelace"", ""description"": ""Calculates the area of a polygon using the shoelace formula."", ""parameters"": {""vertices"": {""description"": ""A list of polygon vertices represented as tuples (x, y)."", ""type"": ""List[Tuple[float, float]]""}}}, {""name"": ""is_perfect_square"", ""description"": ""Checks if a number is a perfect square."", ""parameters"": {""num"": {""description"": ""The number to check."", ""type"": ""int""}}}]",linear_regression_prediction,"{""x_values"": null, ""y_values"": null, ""target_x"": 7.0}","{""rule_log"": {""select"": {""candidates"": [{""tool"": ""cosine_similarity"", ""bm25"": 1.3438191020367958, ""arg_overlap"": 0, ""lambda"": 0.2, ""total"": 1.3438191020367958}, {""tool"": ""linear_regression_prediction"", ""bm25"": 14.649614559246524, ""arg_overlap"": 0, ""lambda"": 0.2, ""total"": 14.649614559246524}, {""tool"": ""polygon_area_shoelace"", ""bm25"": 4.302420044516789, ""arg_overlap"": 0, ""lambda"": 0.2, ""total"": 4.302420044516789}, {""tool"": ""is_perfect_square"", ""bm25"": 1.741555616347156, ""arg_overlap"": 0, ""lambda"": 0.2, ""total"": 1.741555616347156}], ""chosen"": {""tool"": ""linear_regression_prediction"", ""bm25"": 14.649614559246524, ""arg_overlap"": 0, ""lambda"": 0.2, ""total"": 14.649614559246524}}, ""fill"": {""per_arg"": [{""name"": ""x_values"", ""type"": ""List[float]"", ""required"": false, ""enum"": null, ""raw"": null, ""how"": ""missing"", ""coerced"": null, ""ok"": false, ""note"": ""none""}, {""name"": ""y_values"", ""type"": ""List[float]"", ""required"": false, ""enum"": null, ""raw"": null, ""how"": ""missing"", ""coerced"": null, ""ok"": false, ""note"": ""none""}, {""name"": ""target_x"", ""type"": ""float"", ""required"": false, ""enum"": null, ""raw"": ""7"", ""how"": ""regex-float"", ""coerced"": 7.0, ""ok"": true, ""note"": ""regex-float""}]}}}"
37,"Compute the distance between two points in a 5D space. The first point is located at (1, 2, 3, 4, 5) and the second point is at (6, 7, 8, 9, 10).","[{""name"": ""calculate_distance"", ""description"": ""Calculates the Euclidean distance between two points in n-dimensional space."", ""parameters"": {""point1"": {""description"": ""The coordinates of the first point."", ""type"": ""List[float]""}, ""point2"": {""description"": ""The coordinates of the second point."", ""type"": ""List[float]""}}}]",calculate_distance,"{""point1"": null, ""point2"": null}","{""rule_log"": {""select"": {""candidates"": [{""tool"": ""calculate_distance"", ""bm25"": 6.999999997056818, ""arg_overlap"": 0, ""lambda"": 0.2, ""total"": 6.999999997056818}], ""chosen"": {""tool"": ""calculate_distance"", ""bm25"": 6.999999997056818, ""arg_overlap"": 0, ""lambda"": 0.2, ""total"": 6.999999997056818}}, ""fill"": {""per_arg"": [{""name"": ""point1"", ""type"": ""List[float]"", ""required"": false, ""enum"": null, ""raw"": null, ""how"": ""missing"", ""coerced"": null, ""ok"": false, ""note"": ""none""}, {""name"": ""point2"", ""type"": ""List[float]"", ""required"": false, ""enum"": null, ""raw"": null, ""how"": ""missing"", ""coerced"": null, ""ok"": false, ""note"": ""none""}]}}}"
38,"What is the final velocity of an object that starts at 10 m/s and accelerates at 5 m/s² for 3 seconds? Also, is 169 a perfect square?","[{""name"": ""find_n_largest_numbers"", ""description"": ""Finds the n largest numbers in a list."", ""parameters"": {""nums"": {""description"": ""The list of numbers."", ""type"": ""List[int]""}, ""n"": {""description"": ""The number of largest numbers to find."", ""type"": ""int""}}}, {""name"": ""final_velocity"", ""description"": ""Calculates the final velocity of an object given its initial velocity, acceleration, and time."", ""parameters"": {""initial_velocity"": {""description"": ""The initial velocity of the object."", ""type"": ""float""}, ""acceleration"": {""description"": ""The acceleration of the object."", ""type"": ""float""}, ""time"": {""description"": ""The time elapsed."", ""type"": ""float""}}}, {""name"": ""sort_numbers"", ""description"": ""Sorts a list of numbers in ascending or descending order."", ""parameters"": {""numbers"": {""description"": ""The list of numbers to be sorted."", ""type"": ""List[float]""}, ""descending"": {""description"": ""If True, sorts the numbers in descending order. Defaults to False."", ""type"": ""bool, optional""}}}, {""name"": ""is_perfect_square"", ""description"": ""Checks if a number is a perfect square."", ""parameters"": {""num"": {""description"": ""The number to check."", ""type"": ""int""}}}]",final_velocity,"{""initial_velocity"": 10.0, ""acceleration"": 10.0, ""time"": 10.0}","{""rule_log"": {""select"": {""candidates"": [{""tool"": ""find_n_largest_numbers"", ""bm25"": 2.9536631252957823, ""arg_overlap"": 0, ""lambda"": 0.2, ""total"": 2.9536631252957823}, {""tool"": ""final_velocity"", ""bm25"": 11.693334698471446, ""arg_overlap"": 0, ""lambda"": 0.2, ""total"": 11.693334698471446}, {""tool"": ""sort_numbers"", ""bm25"": 2.7339691739391636, ""arg_overlap"": 0, ""lambda"": 0.2, ""total"": 2.7339691739391636}, {""tool"": ""is_perfect_square"", ""bm25"": 7.983294653996383, ""arg_overlap"": 0, ""lambda"": 0.2, ""total"": 7.983294653996383}], ""chosen"": {""tool"": ""final_velocity"", ""bm25"": 11.693334698471446, ""arg_overlap"": 0, ""lambda"": 0.2, ""total"": 11.693334698471446}}, ""fill"": {""per_arg"": [{""name"": ""initial_velocity"", ""type"": ""float"", ""required"": false, ""enum"": null, ""raw"": ""10"", ""how"": ""regex-float"", ""coerced"": 10.0, ""ok"": true, ""note"": ""regex-float""}, {""name"": ""acceleration"", ""type"": ""float"", ""required"": false, ""enum"": null, ""raw"": ""10"", ""how"": ""regex-float"", ""coerced"": 10.0, ""ok"": true, ""note"": ""regex-float""}, {""name"": ""time"", ""type"": ""float"", ""required"": false, ""enum"": null, ""raw"": ""10"", ""how"": ""regex-float"", ""coerced"": 10.0, ""ok"": true, ""note"": ""regex-float""}]}}}"
39,"Log in 'dave' with 'davidson' and get case details for '98765'. Also, recommend for experiment '161718'.","[{""name"": ""loginuser"", ""description"": ""Logs in a user to the specified toolbench API by making a GET request to the login endpoint with the provided username and password."", ""parameters"": {""username"": {""description"": ""The username for login."", ""type"": ""str"", ""default"": """"}, ""password"": {""description"": ""The password for login in clear text."", ""type"": ""str"", ""default"": """"}}}, {""name"": ""get_case_by_id"", ""description"": ""Fetch the case payload from the Yardillo API using the given case ID."", ""parameters"": {""is_id"": {""description"": ""The ID of the case to fetch."", ""type"": ""str"", ""default"": ""611c0765e9308692195b8538""}}}, {""name"": ""read_user"", ""description"": ""Fetch user details from the IronWifi API using the provided user ID."", ""parameters"": {""user_id"": {""description"": ""The ID of the user to be fetched."", ""type"": ""str"", ""default"": """"}}}, {""name"": ""recommend"", ""description"": ""Fetches a recommendation for a given experiment ID using the Toolbench RapidAPI service."", ""parameters"": {""experiment_id"": {""description"": ""The ID of the experiment for which to fetch recommendations."", ""type"": ""int"", ""default"": ""12234""}}}]",loginuser,"{""username"": """", ""password"": """"}","{""rule_log"": {""select"": {""candidates"": [{""tool"": ""loginuser"", ""bm25"": 6.330953678550619, ""arg_overlap"": 0, ""lambda"": 0.2, ""total"": 6.330953678550619}, {""tool"": ""get_case_by_id"", ""bm25"": 2.752180160054488, ""arg_overlap"": 0, ""lambda"": 0.2, ""total"": 2.752180160054488}, {""tool"": ""read_user"", ""bm25"": 2.098381705396576, ""arg_overlap"": 0, ""lambda"": 0.2, ""total"": 2.098381705396576}, {""tool"": ""recommend"", ""bm25"": 6.128753615408259, ""arg_overlap"": 0, ""lambda"": 0.2, ""total"": 6.128753615408259}], ""chosen"": {""tool"": ""loginuser"", ""bm25"": 6.330953678550619, ""arg_overlap"": 0, ""lambda"": 0.2, ""total"": 6.330953678550619}}, ""fill"": {""per_arg"": [{""name"": ""username"", ""type"": ""str"", ""required"": false, ""enum"": null, ""raw"": """", ""how"": ""default"", ""coerced"": """", ""ok"": true, ""note"": ""string""}, {""name"": ""password"", ""type"": ""str"", ""required"": false, ""enum"": null, ""raw"": """", ""how"": ""default"", ""coerced"": """", ""ok"": true, ""note"": ""string""}]}}}"
40,Predict the evolution rate of a dolphin over 20 years using the Darwin model.,"[{""name"": ""assess_diabetes_risk"", ""description"": ""Assesses the risk of developing type 2 diabetes based on body mass index (BMI) and physical activity level."", ""parameters"": {""weight_lbs"": {""description"": ""Body weight in pounds."", ""type"": ""int""}, ""height_inches"": {""description"": ""Height in inches."", ""type"": ""int""}, ""activity"": {""description"": ""Physical activity level. Allowed values: \""sedentary\"", \""lightly active\"", \""moderately active\"", or \""very active\""."", ""type"": ""str""}}}, {""name"": ""predict_evolution_rate"", ""description"": ""Predict the evolutionary rate for a specific species for a given timeframe."", ""parameters"": {""species"": {""description"": ""The species that the evolution rate will be predicted for."", ""type"": ""str"", ""default"": ""Darwin""}, ""years"": {""description"": ""Number of years for the prediction."", ""type"": ""int"", ""default"": ""Darwin""}, ""model"": {""description"": ""The model used to make the prediction, options: 'Darwin', 'Lamarck', default is 'Darwin'."", ""type"": ""str""}}}]",predict_evolution_rate,"{""species"": ""Darwin"", ""years"": 20, ""model"": null}","{""rule_log"": {""select"": {""candidates"": [{""tool"": ""assess_diabetes_risk"", ""bm25"": 2.234099519051438, ""arg_overlap"": 0, ""lambda"": 0.2, ""total"": 2.234099519051438}, {""tool"": ""predict_evolution_rate"", ""bm25"": 6.167628376467599, ""arg_overlap"": 0, ""lambda"": 0.2, ""total"": 6.167628376467599}], ""chosen"": {""tool"": ""predict_evolution_rate"", ""bm25"": 6.167628376467599, ""arg_overlap"": 0, ""lambda"": 0.2, ""total"": 6.167628376467599}}, ""fill"": {""per_arg"": [{""name"": ""species"", ""type"": ""str"", ""required"": false, ""enum"": null, ""raw"": ""Darwin"", ""how"": ""default"", ""coerced"": ""Darwin"", ""ok"": true, ""note"": ""string""}, {""name"": ""years"", ""type"": ""int"", ""required"": false, ""enum"": null, ""raw"": ""20"", ""how"": ""regex-int"", ""coerced"": 20, ""ok"": true, ""note"": ""regex-int""}, {""name"": ""model"", ""type"": ""str"", ""required"": false, ""enum"": null, ""raw"": null, ""how"": ""missing"", ""coerced"": null, ""ok"": false, ""note"": ""none""}]}}}"
41,Make a random string of length 12 that includes digits and lowercase letters.,"[{""name"": ""generate_random_string"", ""description"": ""Generates a random string of specified length and character types."", ""parameters"": {""length"": {""description"": ""The length of the random string."", ""type"": ""int"", ""default"": true}, ""uppercase"": {""description"": ""Include uppercase letters. Defaults to True."", ""type"": ""bool, optional"", ""default"": true}, ""lowercase"": {""description"": ""Include lowercase letters. Defaults to True."", ""type"": ""bool, optional"", ""default"": true}, ""digits"": {""description"": ""Include digits. Defaults to True."", ""type"": ""bool, optional""}, ""special_chars"": {""description"": ""Include special characters. Defaults to False."", ""type"": ""bool, optional"", ""default"": true}}}]",generate_random_string,"{""length"": 12, ""uppercase"": ""True"", ""lowercase"": ""letters"", ""digits"": ""and"", ""special_chars"": ""True""}","{""rule_log"": {""select"": {""candidates"": [{""tool"": ""generate_random_string"", ""bm25"": 5.999999997495868, ""arg_overlap"": 0, ""lambda"": 0.2, ""total"": 5.999999997495868}], ""chosen"": {""tool"": ""generate_random_string"", ""bm25"": 5.999999997495868, ""arg_overlap"": 0, ""lambda"": 0.2, ""total"": 5.999999997495868}}, ""fill"": {""per_arg"": [{""name"": ""length"", ""type"": ""int"", ""required"": false, ""enum"": null, ""raw"": ""12"", ""how"": ""regex-int"", ""coerced"": 12, ""ok"": true, ""note"": ""regex-int""}, {""name"": ""uppercase"", ""type"": ""bool, optional"", ""required"": false, ""enum"": null, ""raw"": true, ""how"": ""default"", ""coerced"": ""True"", ""ok"": true, ""note"": ""string""}, {""name"": ""lowercase"", ""type"": ""bool, optional"", ""required"": false, ""enum"": null, ""raw"": ""letters"", ""how"": ""after-name"", ""coerced"": ""letters"", ""ok"": true, ""note"": ""string""}, {""name"": ""digits"", ""type"": ""bool, optional"", ""required"": false, ""enum"": null, ""raw"": ""and"", ""how"": ""after-name"", ""coerced"": ""and"", ""ok"": true, ""note"": ""string""}, {""name"": ""special_chars"", ""type"": ""bool, optional"", ""required"": false, ""enum"": null, ""raw"": true, ""how"": ""default"", ""coerced"": ""True"", ""ok"": true, ""note"": ""string""}]}}}"
42,"Find the next greater element for each number in [13, 7, 6, 12] and the pairs in [3, 4, 5, 6] that sum up to 7.","[{""name"": ""find_next_greater_element"", ""description"": ""Finds the next greater element for each element in a list."", ""parameters"": {""nums"": {""description"": ""The list of numbers."", ""type"": ""List[int]""}}}, {""name"": ""find_pairs_with_sum"", ""description"": ""Finds all pairs of integers in a list that sum up to a target value."", ""parameters"": {""nums"": {""description"": ""The list of integers."", ""type"": ""List[int]""}, ""target"": {""description"": ""The target sum value."", ""type"": ""int""}}}, {""name"": ""dice_roll_probability"", ""description"": ""Calculates the probability of rolling a specific sum with a given number of dice, each having a certain number of faces."", ""parameters"": {""target_sum"": {""description"": ""The target sum to calculate the probability for."", ""type"": ""int"", ""default"": 6}, ""num_dice"": {""description"": ""The number of dice being rolled."", ""type"": ""int"", ""default"": 6}, ""num_faces"": {""description"": ""The number of faces on each die. Defaults to 6."", ""type"": ""int, optional""}}}]",find_next_greater_element,"{""nums"": null}","{""rule_log"": {""select"": {""candidates"": [{""tool"": ""find_next_greater_element"", ""bm25"": 12.626404162684928, ""arg_overlap"": 0, ""lambda"": 0.2, ""total"": 12.626404162684928}, {""tool"": ""find_pairs_with_sum"", ""bm25"": 9.503464093671234, ""arg_overlap"": 0, ""lambda"": 0.2, ""total"": 9.503464093671234}, {""tool"": ""dice_roll_probability"", ""bm25"": 5.55172767961943, ""arg_overlap"": 0, ""lambda"": 0.2, ""total"": 5.55172767961943}], ""chosen"": {""tool"": ""find_next_greater_element"", ""bm25"": 12.626404162684928, ""arg_overlap"": 0, ""lambda"": 0.2, ""total"": 12.626404162684928}}, ""fill"": {""per_arg"": [{""name"": ""nums"", ""type"": ""List[int]"", ""required"": false, ""enum"": null, ""raw"": null, ""how"": ""missing"", ""coerced"": null, ""ok"": false, ""note"": ""none""}]}}}"
43,"What is the recommended calorie intake for a 70kg, 180cm tall, 30-year-old male who is moderately active and wants to maintain weight? Also, get the city name from the ZIP code 90210.","[{""name"": ""get_dna_sequence"", ""description"": ""Retrieves the DNA sequence for a given sequence ID from the NCBI Nucleotide database."", ""parameters"": {""sequence_id"": {""description"": ""The unique identifier for the DNA sequence."", ""type"": ""str"", ""default"": ""fasta""}, ""file_format"": {""description"": ""The format of the returned sequence. Allowed values: \""fasta\"" (default) or \""gb\""."", ""type"": ""str, optional""}, ""upstream_bases"": {""description"": ""The number of bases upstream of the sequence to include. Defaults to 0."", ""type"": ""int, optional"", ""default"": ""fasta""}}}, {""name"": ""project_population"", ""description"": ""Projects the population size after a specified number of years."", ""parameters"": {""current_pop"": {""description"": ""The current population size."", ""type"": ""int"", ""default"": 1.2}, ""num_years"": {""description"": ""The number of years into the future to make the projection."", ""type"": ""int"", ""default"": 1.2}, ""annual_growth"": {""description"": ""The annual population growth rate as a percentage. Defaults to 1.2."", ""type"": ""float, optional""}}}, {""name"": ""calculate_calorie_intake"", ""description"": ""Calculates the recommended daily calorie intake and macronutrient distribution based on personal characteristics and goals."", ""parameters"": {""weight_kg"": {""description"": ""Body weight in kilograms."", ""type"": ""float""}, ""height_cm"": {""description"": ""Height in centimeters."", ""type"": ""float""}, ""age"": {""description"": ""Age in years."", ""type"": ""int""}, ""sex"": {""description"": ""Biological sex, either 'male' or 'female'."", ""type"": ""str""}, ""activity_level"": {""description"": ""Activity level on a scale of 1 to 5 (1 = sedentary, 5 = extremely active)."", ""type"": ""int""}, ""goal"": {""description"": ""Fitness goal, either 'lose', 'maintain', or 'gain'."", ""type"": ""str""}}}, {""name"": ""get_city_from_zipcode"", ""description"": ""Retrieves the city name for a given ZIP code using the Ziptastic API."", ""parameters"": {""zipcode"": {""description"": ""The ZIP code to look up."", ""type"": ""str""}}}, {""name"": ""geocode_city"", ""description"": ""Retrieves the latitude and longitude coordinates of a given city using the Maps.co Geocoding API."", ""parameters"": {""city"": {""description"": ""The name of the city."", ""type"": ""str""}}}]",get_city_from_zipcode,"{""zipcode"": null}","{""rule_log"": {""select"": {""candidates"": [{""tool"": ""get_dna_sequence"", ""bm25"": 6.283435564919416, ""arg_overlap"": 0, ""lambda"": 0.2, ""total"": 6.283435564919416}, {""tool"": ""project_population"", ""bm25"": 2.427152644405513, ""arg_overlap"": 0, ""lambda"": 0.2, ""total"": 2.427152644405513}, {""tool"": ""calculate_calorie_intake"", ""bm25"": 9.287379653132781, ""arg_overlap"": 0, ""lambda"": 0.2, ""total"": 9.287379653132781}, {""tool"": ""get_city_from_zipcode"", ""bm25"": 12.44130711768392, ""arg_overlap"": 0, ""lambda"": 0.2, ""total"": 12.44130711768392}, {""tool"": ""geocode_city"", ""bm25"": 5.59498408710185, ""arg_overlap"": 0, ""lambda"": 0.2, ""total"": 5.59498408710185}], ""chosen"": {""tool"": ""get_city_from_zipcode"", ""bm25"": 12.44130711768392, ""arg_overlap"": 0, ""lambda"": 0.2, ""total"": 12.44130711768392}}, ""fill"": {""per_arg"": [{""name"": ""zipcode"", ""type"": ""str"", ""required"": false, ""enum"": null, ""raw"": null, ""how"": ""missing"", ""coerced"": null, ""ok"": false, ""note"": ""none""}]}}}"
44,"I'm interested in the WHOIS report for 'travelguide.me'. Also, what are the download details for the video 'nopqrst' from the UK?","[{""name"": ""whois"", ""description"": ""Fetches the WHOIS details of a given domain using the Toolbench RapidAPI."", ""parameters"": {""domain"": {""description"": ""The domain name for which WHOIS information is to be fetched."", ""type"": ""str"", ""default"": ""rapidapi.com""}}}, {""name"": ""download_stream"", ""description"": ""Downloads or streams video information from YouTube using the provided RapidAPI key."", ""parameters"": {""is_id"": {""description"": ""YouTube Video ID to stream or download information."", ""type"": ""str"", ""default"": ""UxxajLWwzqY""}, ""cgeo"": {""description"": ""Country code in ISO 3166 format of the end user. Defaults to None."", ""type"": ""str, optional"", ""default"": """"}}}]",whois,"{""domain"": ""rapidapi.com""}","{""rule_log"": {""select"": {""candidates"": [{""tool"": ""whois"", ""bm25"": 4.712979630200229, ""arg_overlap"": 0, ""lambda"": 0.2, ""total"": 4.712979630200229}, {""tool"": ""download_stream"", ""bm25"": 3.810930214604012, ""arg_overlap"": 0, ""lambda"": 0.2, ""total"": 3.810930214604012}], ""chosen"": {""tool"": ""whois"", ""bm25"": 4.712979630200229, ""arg_overlap"": 0, ""lambda"": 0.2, ""total"": 4.712979630200229}}, ""fill"": {""per_arg"": [{""name"": ""domain"", ""type"": ""str"", ""required"": false, ""enum"": null, ""raw"": ""rapidapi.com"", ""how"": ""default"", ""coerced"": ""rapidapi.com"", ""ok"": true, ""note"": ""string""}]}}}"
45,"Calculate the final amount for an investment of $2000 at a 4.5% annual rate for 7 years, compounded quarterly.","[{""name"": ""compound_interest"", ""description"": ""Calculates the compound interest of an investment."", ""parameters"": {""principal"": {""description"": ""The initial investment amount."", ""type"": ""float"", ""default"": 1}, ""rate"": {""description"": ""The annual interest rate expressed as a decimal."", ""type"": ""float"", ""default"": 1}, ""time"": {""description"": ""The time in years for which the investment is held."", ""type"": ""float""}, ""n"": {""description"": ""The number of times interest is compounded per year. Defaults to 1."", ""type"": ""int, optional""}}}]",compound_interest,"{""principal"": 2000.0, ""rate"": 2000.0, ""time"": 2000.0, ""n"": null}","{""rule_log"": {""select"": {""candidates"": [{""tool"": ""compound_interest"", ""bm25"": 3.999999998386364, ""arg_overlap"": 0, ""lambda"": 0.2, ""total"": 3.999999998386364}], ""chosen"": {""tool"": ""compound_interest"", ""bm25"": 3.999999998386364, ""arg_overlap"": 0, ""lambda"": 0.2, ""total"": 3.999999998386364}}, ""fill"": {""per_arg"": [{""name"": ""principal"", ""type"": ""float"", ""required"": false, ""enum"": null, ""raw"": ""2000"", ""how"": ""regex-float"", ""coerced"": 2000.0, ""ok"": true, ""note"": ""regex-float""}, {""name"": ""rate"", ""type"": ""float"", ""required"": false, ""enum"": null, ""raw"": ""2000"", ""how"": ""regex-float"", ""coerced"": 2000.0, ""ok"": true, ""note"": ""regex-float""}, {""name"": ""time"", ""type"": ""float"", ""required"": false, ""enum"": null, ""raw"": ""2000"", ""how"": ""regex-float"", ""coerced"": 2000.0, ""ok"": true, ""note"": ""regex-float""}, {""name"": ""n"", ""type"": ""int, optional"", ""required"": false, ""enum"": null, ""raw"": null, ""how"": ""missing"", ""coerced"": null, ""ok"": false, ""note"": ""none""}]}}}"
46,"What is the 3rd smallest number in the list [56, 23, 89, 12, 45]?","[{""name"": ""find_kth_smallest_number"", ""description"": ""Finds the kth smallest number in a list."", ""parameters"": {""nums"": {""description"": ""The list of numbers."", ""type"": ""List[int]""}, ""k"": {""description"": ""The position (1-based index) of the smallest number to find."", ""type"": ""int""}}}, {""name"": ""final_velocity"", ""description"": ""Calculates the final velocity of an object given its initial velocity, acceleration, and time."", ""parameters"": {""initial_velocity"": {""description"": ""The initial velocity of the object."", ""type"": ""float""}, ""acceleration"": {""description"": ""The acceleration of the object."", ""type"": ""float""}, ""time"": {""description"": ""The time elapsed."", ""type"": ""float""}}}]",find_kth_smallest_number,"{""nums"": null, ""k"": 3}","{""rule_log"": {""select"": {""candidates"": [{""tool"": ""find_kth_smallest_number"", ""bm25"": 7.37624959209646, ""arg_overlap"": 0, ""lambda"": 0.2, ""total"": 7.37624959209646}, {""tool"": ""final_velocity"", ""bm25"": 0.9072164945063238, ""arg_overlap"": 0, ""lambda"": 0.2, ""total"": 0.9072164945063238}], ""chosen"": {""tool"": ""find_kth_smallest_number"", ""bm25"": 7.37624959209646, ""arg_overlap"": 0, ""lambda"": 0.2, ""total"": 7.37624959209646}}, ""fill"": {""per_arg"": [{""name"": ""nums"", ""type"": ""List[int]"", ""required"": false, ""enum"": null, ""raw"": null, ""how"": ""missing"", ""coerced"": null, ""ok"": false, ""note"": ""none""}, {""name"": ""k"", ""type"": ""int"", ""required"": false, ""enum"": null, ""raw"": ""3"", ""how"": ""regex-int"", ""coerced"": 3, ""ok"": true, ""note"": ""regex-int""}]}}}"
47,"Determine the duration between a 440 Hz note and a 660 Hz note at a standard tempo of 120 BPM, and then between a 330 Hz note and a 440 Hz note at the same tempo.","[{""name"": ""note_duration"", ""description"": ""Calculates the duration between two musical notes based on their frequencies and the tempo."", ""parameters"": {""freq1"": {""description"": ""The frequency of the first note in Hz."", ""type"": ""int"", ""default"": 120}, ""freq2"": {""description"": ""The frequency of the second note in Hz."", ""type"": ""int"", ""default"": 120}, ""bpm"": {""description"": ""The tempo of the music in beats per minute. Defaults to 120."", ""type"": ""int, optional""}}}]",note_duration,"{""freq1"": 440, ""freq2"": 440, ""bpm"": ""and""}","{""rule_log"": {""select"": {""candidates"": [{""tool"": ""note_duration"", ""bm25"": 5.374999997887003, ""arg_overlap"": 0, ""lambda"": 0.2, ""total"": 5.374999997887003}], ""chosen"": {""tool"": ""note_duration"", ""bm25"": 5.374999997887003, ""arg_overlap"": 0, ""lambda"": 0.2, ""total"": 5.374999997887003}}, ""fill"": {""per_arg"": [{""name"": ""freq1"", ""type"": ""int"", ""required"": false, ""enum"": null, ""raw"": ""440"", ""how"": ""regex-int"", ""coerced"": 440, ""ok"": true, ""note"": ""regex-int""}, {""name"": ""freq2"", ""type"": ""int"", ""required"": false, ""enum"": null, ""raw"": ""440"", ""how"": ""regex-int"", ""coerced"": 440, ""ok"": true, ""note"": ""regex-int""}, {""name"": ""bpm"", ""type"": ""int, optional"", ""required"": false, ""enum"": null, ""raw"": ""and"", ""how"": ""after-name"", ""coerced"": ""and"", ""ok"": true, ""note"": ""string""}]}}}"
48,Reverse the string 'Python is fun!',"[{""name"": ""split_list"", ""description"": ""Splits a list into chunks of a specified size."", ""parameters"": {""lst"": {""description"": ""The input list."", ""type"": ""List""}, ""chunk_size"": {""description"": ""The size of each chunk."", ""type"": ""int""}}}, {""name"": ""format_date"", ""description"": ""Converts a date string from one format to another."", ""parameters"": {""date"": {""description"": ""The date string to convert."", ""type"": ""str""}, ""input_format"": {""description"": ""The format of the input date string."", ""type"": ""str""}, ""output_format"": {""description"": ""The desired format of the output date string."", ""type"": ""str""}}}, {""name"": ""find_first_non_repeating_char"", ""description"": ""Finds the first non-repeating character in a string."", ""parameters"": {""s"": {""description"": ""The input string."", ""type"": ""str""}}}, {""name"": ""reverse_string"", ""description"": ""Reverses the characters in a string."", ""parameters"": {""text"": {""description"": ""The input string."", ""type"": ""str""}}}]",reverse_string,"{""text"": null}","{""rule_log"": {""select"": {""candidates"": [{""tool"": ""split_list"", ""bm25"": 0.0, ""arg_overlap"": 0, ""lambda"": 0.2, ""total"": 0.0}, {""tool"": ""format_date"", ""bm25"": 1.183874970722721, ""arg_overlap"": 0, ""lambda"": 0.2, ""total"": 1.183874970722721}, {""tool"": ""find_first_non_repeating_char"", ""bm25"": 2.646196085183327, ""arg_overlap"": 0, ""lambda"": 0.2, ""total"": 2.646196085183327}, {""tool"": ""reverse_string"", ""bm25"": 3.036085821929938, ""arg_overlap"": 0, ""lambda"": 0.2, ""total"": 3.036085821929938}], ""chosen"": {""tool"": ""reverse_string"", ""bm25"": 3.036085821929938, ""arg_overlap"": 0, ""lambda"": 0.2, ""total"": 3.036085821929938}}, ""fill"": {""per_arg"": [{""name"": ""text"", ""type"": ""str"", ""required"": false, ""enum"": null, ""raw"": null, ""how"": ""missing"", ""coerced"": null, ""ok"": false, ""note"": ""none""}]}}}"
49,Can you fetch the first 10 products in the 'Electronics' category and convert the hex color code '#AABBCC' to RGB?,"[{""name"": ""get_products_in_category"", ""description"": ""Fetches products from a specific category using the Toolbench RapidAPI."", ""parameters"": {""category"": {""description"": ""The category from which to retrieve products."", ""type"": ""str"", ""default"": """"}, ""limit"": {""description"": ""The maximum number of products to return."", ""type"": ""int"", ""default"": """"}, ""skip"": {""description"": ""The number of products to skip in the results."", ""type"": ""int"", ""default"": """"}}}, {""name"": ""convert_hex"", ""description"": ""Converts a hex color code to other color formats such as RGB, HSL, and CMYK using the Convexity API."", ""parameters"": {""hex"": {""description"": ""The hex color code to be converted."", ""type"": ""str"", ""default"": ""ffffff""}}}, {""name"": ""inn_general_director"", ""description"": ""Retrieves the general director information of a company based on its INN (tax identification number) using the Toolbench RapidAPI."", ""parameters"": {""inn"": {""description"": ""The INN number of the company."", ""type"": ""str"", ""default"": ""7736050003""}}}]",convert_hex,"{""hex"": ""color""}","{""rule_log"": {""select"": {""candidates"": [{""tool"": ""get_products_in_category"", ""bm25"": 5.126481531928723, ""arg_overlap"": 0, ""lambda"": 0.2, ""total"": 5.126481531928723}, {""tool"": ""convert_hex"", ""bm25"": 11.04638523898532, ""arg_overlap"": 0, ""lambda"": 0.2, ""total"": 11.04638523898532}, {""tool"": ""inn_general_director"", ""bm25"": 1.309982486499428, ""arg_overlap"": 0, ""lambda"": 0.2, ""total"": 1.309982486499428}], ""chosen"": {""tool"": ""convert_hex"", ""bm25"": 11.04638523898532, ""arg_overlap"": 0, ""lambda"": 0.2, ""total"": 11.04638523898532}}, ""fill"": {""per_arg"": [{""name"": ""hex"", ""type"": ""str"", ""required"": false, ""enum"": null, ""raw"": ""color"", ""how"": ""after-name"", ""coerced"": ""color"", ""ok"": true, ""note"": ""string""}]}}}"
50,Check if 'abcd' is a rotation of 'cdab'.,"[{""name"": ""is_rotation"", ""description"": ""Checks if one string is a rotation of another string."", ""parameters"": {""str1"": {""description"": ""The first string."", ""type"": ""str""}, ""str2"": {""description"": ""The second string."", ""type"": ""str""}}}, {""name"": ""find_majority_element"", ""description"": ""Finds the majority element in a list, which appears more than ⌊n / 2⌋ times."", ""parameters"": {""nums"": {""description"": ""The input list of integers."", ""type"": ""List[int]""}}}, {""name"": ""find_first_non_repeating_char"", ""description"": ""Finds the first non-repeating character in a string."", ""parameters"": {""s"": {""description"": ""The input string."", ""type"": ""str""}}}]",is_rotation,"{""str1"": null, ""str2"": null}","{""rule_log"": {""select"": {""candidates"": [{""tool"": ""is_rotation"", ""bm25"": 8.046915379498273, ""arg_overlap"": 0, ""lambda"": 0.2, ""total"": 8.046915379498273}, {""tool"": ""find_majority_element"", ""bm25"": 0.9072164945063238, ""arg_overlap"": 0, ""lambda"": 0.2, ""total"": 0.9072164945063238}, {""tool"": ""find_first_non_repeating_char"", ""bm25"": 1.0731707312165377, ""arg_overlap"": 0, ""lambda"": 0.2, ""total"": 1.0731707312165377}], ""chosen"": {""tool"": ""is_rotation"", ""bm25"": 8.046915379498273, ""arg_overlap"": 0, ""lambda"": 0.2, ""total"": 8.046915379498273}}, ""fill"": {""per_arg"": [{""name"": ""str1"", ""type"": ""str"", ""required"": false, ""enum"": null, ""raw"": null, ""how"": ""missing"", ""coerced"": null, ""ok"": false, ""note"": ""none""}, {""name"": ""str2"", ""type"": ""str"", ""required"": false, ""enum"": null, ""raw"": null, ""how"": ""missing"", ""coerced"": null, ""ok"": false, ""note"": ""none""}]}}}"
51,"Suppose there are meetings with intervals [10,15], [11,16], [12,17], [13,20], [15,22]. What is the minimum number of meeting rooms required?","[{""name"": ""min_meeting_rooms"", ""description"": ""Finds the minimum number of meeting rooms required to accommodate all meetings."", ""parameters"": {""intervals"": {""description"": ""A list of meeting time intervals, where each interval is represented as [start_time, end_time]."", ""type"": ""List[List[int]]""}}}]",min_meeting_rooms,"{""intervals"": ""10""}","{""rule_log"": {""select"": {""candidates"": [{""tool"": ""min_meeting_rooms"", ""bm25"": 7.999999996615386, ""arg_overlap"": 0, ""lambda"": 0.2, ""total"": 7.999999996615386}], ""chosen"": {""tool"": ""min_meeting_rooms"", ""bm25"": 7.999999996615386, ""arg_overlap"": 0, ""lambda"": 0.2, ""total"": 7.999999996615386}}, ""fill"": {""per_arg"": [{""name"": ""intervals"", ""type"": ""List[List[int]]"", ""required"": false, ""enum"": null, ""raw"": ""10"", ""how"": ""after-name"", ""coerced"": ""10"", ""ok"": true, ""note"": ""string""}]}}}"
52,"Is the string 'A man, a plan, a canal: Panama' a valid palindrome? Additionally, estimate the derivative of the function f(x) = x^2 at the point x = 2.","[{""name"": ""count_bits"", ""description"": ""Counts the number of set bits (1's) in the binary representation of a number."", ""parameters"": {""num"": {""description"": ""The input number."", ""type"": ""int""}}}, {""name"": ""numerical_derivative"", ""description"": ""Estimates the derivative of a function at a given point using the central difference formula."", ""parameters"": {""function"": {""description"": ""The function to calculate the derivative of."", ""type"": ""Callable[[float], float]""}, ""x"": {""description"": ""The point at which to estimate the derivative."", ""type"": ""float""}}}, {""name"": ""average"", ""description"": ""Calculates the arithmetic mean of a list of numbers."", ""parameters"": {""numbers"": {""description"": ""The list of numbers."", ""type"": ""List[float]""}}}, {""name"": ""is_valid_palindrome"", ""description"": ""Checks if a string is a valid palindrome, considering only alphanumeric characters and ignoring case."", ""parameters"": {""s"": {""description"": ""The input string."", ""type"": ""str""}}}]",numerical_derivative,"{""function"": ""f"", ""x"": 2.0}","{""rule_log"": {""select"": {""candidates"": [{""tool"": ""count_bits"", ""bm25"": 4.2279454508989405, ""arg_overlap"": 0, ""lambda"": 0.2, ""total"": 4.2279454508989405}, {""tool"": ""numerical_derivative"", ""bm25"": 11.497826998029026, ""arg_overlap"": 0, ""lambda"": 0.2, ""total"": 11.497826998029026}, {""tool"": ""average"", ""bm25"": 4.389095132995578, ""arg_overlap"": 0, ""lambda"": 0.2, ""total"": 4.389095132995578}, {""tool"": ""is_valid_palindrome"", ""bm25"": 8.690071437164445, ""arg_overlap"": 0, ""lambda"": 0.2, ""total"": 8.690071437164445}], ""chosen"": {""tool"": ""numerical_derivative"", ""bm25"": 11.497826998029026, ""arg_overlap"": 0, ""lambda"": 0.2, ""total"": 11.497826998029026}}, ""fill"": {""per_arg"": [{""name"": ""function"", ""type"": ""Callable[[float], float]"", ""required"": false, ""enum"": null, ""raw"": ""f"", ""how"": ""after-name"", ""coerced"": ""f"", ""ok"": true, ""note"": ""string""}, {""name"": ""x"", ""type"": ""float"", ""required"": false, ""enum"": null, ""raw"": ""2"", ""how"": ""regex-float"", ""coerced"": 2.0, ""ok"": true, ""note"": ""regex-float""}]}}}"
53,"Calculate the cell density of a sample with an optical density of 0.3 and a dilution factor of 5, using a custom calibration factor of 500000000.","[{""name"": ""cell_density"", ""description"": ""Calculates the cell density based on the optical density (OD) and dilution factor."", ""parameters"": {""od"": {""description"": ""The optical density of the sample."", ""type"": ""float"", ""default"": 1000000000.0}, ""dilution"": {""description"": ""The dilution factor applied to the sample."", ""type"": ""int"", ""default"": 1000000000.0}, ""factor"": {""description"": ""The calibration factor for converting OD to cell density. Defaults to 1e9."", ""type"": ""float, optional""}}}, {""name"": ""wire_resistance"", ""description"": ""Calculates the resistance of a wire based on its length, cross-sectional area, and material resistivity."", ""parameters"": {""length_m"": {""description"": ""The length of the wire in meters."", ""type"": ""int"", ""default"": ""copper""}, ""area_sq_m"": {""description"": ""The cross-sectional area of the wire in square meters."", ""type"": ""float"", ""default"": ""copper""}, ""material"": {""description"": ""The material of the wire. Allowed values: \""copper\"" (default) or \""aluminum\""."", ""type"": ""str, optional""}}}, {""name"": ""draw_cards"", ""description"": ""Shuffles a standard deck of 52 cards and draws a specified number of cards from the top."", ""parameters"": {""num_draw"": {""description"": ""The number of cards to be drawn. Defaults to 1."", ""type"": ""int, optional"", ""default"": 1}}}, {""name"": ""calculate_quarterly_dividend"", ""description"": ""Calculates the quarterly dividend per share based on the total dividend payout and the number of outstanding shares."", ""parameters"": {""total_dividend"": {""description"": ""The total dividend payout in USD."", ""type"": ""int""}, ""num_shares"": {""description"": ""The number of outstanding shares."", ""type"": ""int""}}}]",cell_density,"{""od"": 0.3, ""dilution"": 0, ""factor"": ""of""}","{""rule_log"": {""select"": {""candidates"": [{""tool"": ""cell_density"", ""bm25"": 13.55871175153776, ""arg_overlap"": 0, ""lambda"": 0.2, ""total"": 13.55871175153776}, {""tool"": ""wire_resistance"", ""bm25"": 4.733969173042316, ""arg_overlap"": 0, ""lambda"": 0.2, ""total"": 4.733969173042316}, {""tool"": ""draw_cards"", ""bm25"": 5.65102963070215, ""arg_overlap"": 0, ""lambda"": 0.2, ""total"": 5.65102963070215}, {""tool"": ""calculate_quarterly_dividend"", ""bm25"": 3.653847313105555, ""arg_overlap"": 0, ""lambda"": 0.2, ""total"": 3.653847313105555}], ""chosen"": {""tool"": ""cell_density"", ""bm25"": 13.55871175153776, ""arg_overlap"": 0, ""lambda"": 0.2, ""total"": 13.55871175153776}}, ""fill"": {""per_arg"": [{""name"": ""od"", ""type"": ""float"", ""required"": false, ""enum"": null, ""raw"": ""0.3"", ""how"": ""regex-float"", ""coerced"": 0.3, ""ok"": true, ""note"": ""regex-float""}, {""name"": ""dilution"", ""type"": ""int"", ""required"": false, ""enum"": null, ""raw"": ""0"", ""how"": ""regex-int"", ""coerced"": 0, ""ok"": true, ""note"": ""regex-int""}, {""name"": ""factor"", ""type"": ""float, optional"", ""required"": false, ""enum"": null, ""raw"": ""of"", ""how"": ""after-name"", ""coerced"": ""of"", ""ok"": true, ""note"": ""string""}]}}}"
54,"Generate the first 5 Fibonacci numbers, calculate the bacterial population after 1 hour given an initial population of 50 and a growth rate of 0.3 per hour, and calculate the probability of rolling a sum of 7 with 2 six-sided dice.","[{""name"": ""fibonacci_numbers"", ""description"": ""Generates the first n Fibonacci numbers."", ""parameters"": {""n"": {""description"": ""The number of Fibonacci numbers to generate."", ""type"": ""int""}}}, {""name"": ""calculate_median"", ""description"": ""Calculates the median of a list of numbers."", ""parameters"": {""numbers"": {""description"": ""The list of numbers."", ""type"": ""List[Union[int, float]]""}}}, {""name"": ""bacterial_growth"", ""description"": ""Calculates the bacterial population after a given time based on the initial population and growth rate."", ""parameters"": {""initial_population"": {""description"": ""The initial bacterial population."", ""type"": ""int"", ""default"": 20}, ""growth_rate"": {""description"": ""The growth rate per unit time."", ""type"": ""float"", ""default"": 20}, ""time"": {""description"": ""The time elapsed."", ""type"": ""float""}, ""doubling_time"": {""description"": ""The doubling time of the bacteria in minutes. Defaults to 20."", ""type"": ""float, optional""}}}, {""name"": ""dice_roll_probability"", ""description"": ""Calculates the probability of rolling a specific sum with a given number of dice, each having a certain number of faces."", ""parameters"": {""target_sum"": {""description"": ""The target sum to calculate the probability for."", ""type"": ""int"", ""default"": 6}, ""num_dice"": {""description"": ""The number of dice being rolled."", ""type"": ""int"", ""default"": 6}, ""num_faces"": {""description"": ""The number of faces on each die. Defaults to 6."", ""type"": ""int, optional""}}}]",bacterial_growth,"{""initial_population"": 5, ""growth_rate"": 5.0, ""time"": 5.0, ""doubling_time"": null}","{""rule_log"": {""select"": {""candidates"": [{""tool"": ""fibonacci_numbers"", ""bm25"": 7.937458709071535, ""arg_overlap"": 0, ""lambda"": 0.2, ""total"": 7.937458709071535}, {""tool"": ""calculate_median"", ""bm25"": 6.649453515672645, ""arg_overlap"": 0, ""lambda"": 0.2, ""total"": 6.649453515672645}, {""tool"": ""bacterial_growth"", ""bm25"": 16.73686905361443, ""arg_overlap"": 0, ""lambda"": 0.2, ""total"": 16.73686905361443}, {""tool"": ""dice_roll_probability"", ""bm25"": 13.515921869795864, ""arg_overlap"": 0, ""lambda"": 0.2, ""total"": 13.515921869795864}], ""chosen"": {""tool"": ""bacterial_growth"", ""bm25"": 16.73686905361443, ""arg_overlap"": 0, ""lambda"": 0.2, ""total"": 16.73686905361443}}, ""fill"": {""per_arg"": [{""name"": ""initial_population"", ""type"": ""int"", ""required"": false, ""enum"": null, ""raw"": ""5"", ""how"": ""regex-int"", ""coerced"": 5, ""ok"": true, ""note"": ""regex-int""}, {""name"": ""growth_rate"", ""type"": ""float"", ""required"": false, ""enum"": null, ""raw"": ""5"", ""how"": ""regex-float"", ""coerced"": 5.0, ""ok"": true, ""note"": ""regex-float""}, {""name"": ""time"", ""type"": ""float"", ""required"": false, ""enum"": null, ""raw"": ""5"", ""how"": ""regex-float"", ""coerced"": 5.0, ""ok"": true, ""note"": ""regex-float""}, {""name"": ""doubling_time"", ""type"": ""float, optional"", ""required"": false, ""enum"": null, ""raw"": null, ""how"": ""missing"", ""coerced"": null, ""ok"": false, ""note"": ""none""}]}}}"
55,"Predict the change in forest area for the Siberian Taiga over the next 20 years, while considering human impact.","[{""name"": ""predict_forest_area"", ""description"": ""Predicts the change in forest area over a specified number of years."", ""parameters"": {""location"": {""description"": ""The geographic location for the prediction."", ""type"": ""str""}, ""num_years"": {""description"": ""The number of years into the future to make the prediction."", ""type"": ""int""}, ""include_humans"": {""description"": ""Whether to include the impact of human activities in the prediction. Defaults to False."", ""type"": ""bool, optional""}}}, {""name"": ""analyze_social_group_dynamics"", ""description"": ""Analyzes the social dynamics within a group based on the personality traits and group size."", ""parameters"": {""total"": {""description"": ""The total group size."", ""type"": ""int""}, ""extroverts"": {""description"": ""The number of extroverted members in the group."", ""type"": ""int""}, ""introverts"": {""description"": ""The number of introverted members in the group."", ""type"": ""int""}}}, {""name"": ""is_valid_email"", ""description"": ""Checks if an email address is valid."", ""parameters"": {""email"": {""description"": ""The email address to validate."", ""type"": ""str""}}}, {""name"": ""get_ip_zipcode"", ""description"": ""Retrieves the ZIP code of a given IP address using the ip-api.com API."", ""parameters"": {""ip"": {""description"": ""The IP address to locate."", ""type"": ""str""}}}]",predict_forest_area,"{""location"": null, ""num_years"": 20, ""include_humans"": null}","{""rule_log"": {""select"": {""candidates"": [{""tool"": ""predict_forest_area"", ""bm25"": 12.819840392983796, ""arg_overlap"": 0, ""lambda"": 0.2, ""total"": 12.819840392983796}, {""tool"": ""analyze_social_group_dynamics"", ""bm25"": 1.589064490747416, ""arg_overlap"": 0, ""lambda"": 0.2, ""total"": 1.589064490747416}, {""tool"": ""is_valid_email"", ""bm25"": 0.0, ""arg_overlap"": 0, ""lambda"": 0.2, ""total"": 0.0}, {""tool"": ""get_ip_zipcode"", ""bm25"": 1.589064490747416, ""arg_overlap"": 0, ""lambda"": 0.2, ""total"": 1.589064490747416}], ""chosen"": {""tool"": ""predict_forest_area"", ""bm25"": 12.819840392983796, ""arg_overlap"": 0, ""lambda"": 0.2, ""total"": 12.819840392983796}}, ""fill"": {""per_arg"": [{""name"": ""location"", ""type"": ""str"", ""required"": false, ""enum"": null, ""raw"": null, ""how"": ""missing"", ""coerced"": null, ""ok"": false, ""note"": ""none""}, {""name"": ""num_years"", ""type"": ""int"", ""required"": false, ""enum"": null, ""raw"": ""20"", ""how"": ""regex-int"", ""coerced"": 20, ""ok"": true, ""note"": ""regex-int""}, {""name"": ""include_humans"", ""type"": ""bool, optional"", ""required"": false, ""enum"": null, ""raw"": null, ""how"": ""missing"", ""coerced"": null, ""ok"": false, ""note"": ""none""}]}}}"
56,What is the area of a circle with a radius of 7 units?,"[{""name"": ""calculate_standard_deviation"", ""description"": ""Calculates the standard deviation of a list of numbers."", ""parameters"": {""numbers"": {""description"": ""The list of numbers."", ""type"": ""List[Union[int, float]]""}}}, {""name"": ""circle_area"", ""description"": ""Computes the area of a circle given its radius."", ""parameters"": {""radius"": {""description"": ""The radius of the circle."", ""type"": ""float""}}}, {""name"": ""linear_regression_prediction"", ""description"": ""Predicts the y-value for a given x-value using linear regression."", ""parameters"": {""x_values"": {""description"": ""The x-coordinates of the data points."", ""type"": ""List[float]""}, ""y_values"": {""description"": ""The y-coordinates of the data points."", ""type"": ""List[float]""}, ""target_x"": {""description"": ""The x-value for which to predict the y-value."", ""type"": ""float""}}}, {""name"": ""convert_cooking_measurements"", ""description"": ""Converts a quantity of a cooking ingredient from one measurement unit to another."", ""parameters"": {""quantity"": {""description"": ""The quantity of the item to convert."", ""type"": ""float""}, ""from_unit"": {""description"": ""The unit of the input quantity (e.g., 'cup', 'gram')."", ""type"": ""str""}, ""to_unit"": {""description"": ""The unit to which the quantity should be converted (e.g., 'ounce', 'kilogram')."", ""type"": ""str""}, ""item"": {""description"": ""The cooking ingredient being converted (e.g., 'flour', 'sugar')."", ""type"": ""str""}}}, {""name"": ""min_meeting_rooms"", ""description"": ""Finds the minimum number of meeting rooms required to accommodate all meetings."", ""parameters"": {""intervals"": {""description"": ""A list of meeting time intervals, where each interval is represented as [start_time, end_time]."", ""type"": ""List[List[int]]""}}}]",circle_area,"{""radius"": 7.0}","{""rule_log"": {""select"": {""candidates"": [{""tool"": ""calculate_standard_deviation"", ""bm25"": 4.243309991830815, ""arg_overlap"": 0, ""lambda"": 0.2, ""total"": 4.243309991830815}, {""tool"": ""circle_area"", ""bm25"": 10.563006522022834, ""arg_overlap"": 0, ""lambda"": 0.2, ""total"": 10.563006522022834}, {""tool"": ""linear_regression_prediction"", ""bm25"": 2.2866878451835198, ""arg_overlap"": 0, ""lambda"": 0.2, ""total"": 2.2866878451835198}, {""tool"": ""convert_cooking_measurements"", ""bm25"": 2.6597541777208544, ""arg_overlap"": 0, ""lambda"": 0.2, ""total"": 2.6597541777208544}, {""tool"": ""min_meeting_rooms"", ""bm25"": 2.2866878451835198, ""arg_overlap"": 0, ""lambda"": 0.2, ""total"": 2.2866878451835198}], ""chosen"": {""tool"": ""circle_area"", ""bm25"": 10.563006522022834, ""arg_overlap"": 0, ""lambda"": 0.2, ""total"": 10.563006522022834}}, ""fill"": {""per_arg"": [{""name"": ""radius"", ""type"": ""float"", ""required"": false, ""enum"": null, ""raw"": ""7"", ""how"": ""regex-float"", ""coerced"": 7.0, ""ok"": true, ""note"": ""regex-float""}]}}}"
57,What is the greatest common divisor of 120 and 96?,"[{""name"": ""min_meeting_rooms"", ""description"": ""Finds the minimum number of meeting rooms required to accommodate all meetings."", ""parameters"": {""intervals"": {""description"": ""A list of meeting time intervals, where each interval is represented as [start_time, end_time]."", ""type"": ""List[List[int]]""}}}, {""name"": ""california_alimony"", ""description"": ""Calculates the total alimony one spouse would have to pay to the other in California over a given duration."", ""parameters"": {""payor_monthly_income"": {""description"": ""The monthly gross income of the payor spouse."", ""type"": ""int""}, ""recipient_monthly_income"": {""description"": ""The monthly gross income of the recipient spouse."", ""type"": ""int""}, ""duration_years"": {""description"": ""The duration of the alimony in years."", ""type"": ""int""}}}, {""name"": ""calculate_angle"", ""description"": ""Calculates the angle between the hour and minute hands of a clock."", ""parameters"": {""hour"": {""description"": ""The hour value (1-12)."", ""type"": ""int""}, ""minute"": {""description"": ""The minute value (0-59)."", ""type"": ""int""}}}, {""name"": ""find_n_largest_numbers"", ""description"": ""Finds the n largest numbers in a list."", ""parameters"": {""nums"": {""description"": ""The list of numbers."", ""type"": ""List[int]""}, ""n"": {""description"": ""The number of largest numbers to find."", ""type"": ""int""}}}, {""name"": ""greatest_common_divisor"", ""description"": ""Computes the greatest common divisor (GCD) of two non-negative integers."", ""parameters"": {""a"": {""description"": ""The first non-negative integer."", ""type"": ""int""}, ""b"": {""description"": ""The second non-negative integer."", ""type"": ""int""}}}]",greatest_common_divisor,"{""a"": 120, ""b"": 120}","{""rule_log"": {""select"": {""candidates"": [{""tool"": ""min_meeting_rooms"", ""bm25"": 2.4352029998806053, ""arg_overlap"": 0, ""lambda"": 0.2, ""total"": 2.4352029998806053}, {""tool"": ""california_alimony"", ""bm25"": 1.2077017612748688, ""arg_overlap"": 0, ""lambda"": 0.2, ""total"": 1.2077017612748688}, {""tool"": ""calculate_angle"", ""bm25"": 4.9340386134214285, ""arg_overlap"": 0, ""lambda"": 0.2, ""total"": 4.9340386134214285}, {""tool"": ""find_n_largest_numbers"", ""bm25"": 1.1551724132139094, ""arg_overlap"": 0, ""lambda"": 0.2, ""total"": 1.1551724132139094}, {""tool"": ""greatest_common_divisor"", ""bm25"": 9.08980801142307, ""arg_overlap"": 0, ""lambda"": 0.2, ""total"": 9.08980801142307}], ""chosen"": {""tool"": ""greatest_common_divisor"", ""bm25"": 9.08980801142307, ""arg_overlap"": 0, ""lambda"": 0.2, ""total"": 9.08980801142307}}, ""fill"": {""per_arg"": [{""name"": ""a"", ""type"": ""int"", ""required"": false, ""enum"": null, ""raw"": ""120"", ""how"": ""regex-int"", ""coerced"": 120, ""ok"": true, ""note"": ""regex-int""}, {""name"": ""b"", ""type"": ""int"", ""required"": false, ""enum"": null, ""raw"": ""120"", ""how"": ""regex-int"", ""coerced"": 120, ""ok"": true, ""note"": ""regex-int""}]}}}"
58,Calculate the area of a triangle with a base of 5 units and a height of 7 units.,"[{""name"": ""california_alimony"", ""description"": ""Calculates the total alimony one spouse would have to pay to the other in California over a given duration."", ""parameters"": {""payor_monthly_income"": {""description"": ""The monthly gross income of the payor spouse."", ""type"": ""int""}, ""recipient_monthly_income"": {""description"": ""The monthly gross income of the recipient spouse."", ""type"": ""int""}, ""duration_years"": {""description"": ""The duration of the alimony in years."", ""type"": ""int""}}}, {""name"": ""triangle_area"", ""description"": ""Computes the area of a triangle given its base and height."", ""parameters"": {""base"": {""description"": ""The length of the base of the triangle."", ""type"": ""float""}, ""height"": {""description"": ""The height of the triangle."", ""type"": ""float""}}}, {""name"": ""linear_regression_prediction"", ""description"": ""Predicts the y-value for a given x-value using linear regression."", ""parameters"": {""x_values"": {""description"": ""The x-coordinates of the data points."", ""type"": ""List[float]""}, ""y_values"": {""description"": ""The y-coordinates of the data points."", ""type"": ""List[float]""}, ""target_x"": {""description"": ""The x-value for which to predict the y-value."", ""type"": ""float""}}}, {""name"": ""numerical_derivative"", ""description"": ""Estimates the derivative of a function at a given point using the central difference formula."", ""parameters"": {""function"": {""description"": ""The function to calculate the derivative of."", ""type"": ""Callable[[float], float]""}, ""x"": {""description"": ""The point at which to estimate the derivative."", ""type"": ""float""}}}]",triangle_area,"{""base"": 5.0, ""height"": 5.0}","{""rule_log"": {""select"": {""candidates"": [{""tool"": ""california_alimony"", ""bm25"": 2.1512282149036306, ""arg_overlap"": 0, ""lambda"": 0.2, ""total"": 2.1512282149036306}, {""tool"": ""triangle_area"", ""bm25"": 14.342725542552474, ""arg_overlap"": 0, ""lambda"": 0.2, ""total"": 14.342725542552474}, {""tool"": ""linear_regression_prediction"", ""bm25"": 2.1284694676978217, ""arg_overlap"": 0, ""lambda"": 0.2, ""total"": 2.1284694676978217}, {""tool"": ""numerical_derivative"", ""bm25"": 4.193509528152562, ""arg_overlap"": 0, ""lambda"": 0.2, ""total"": 4.193509528152562}], ""chosen"": {""tool"": ""triangle_area"", ""bm25"": 14.342725542552474, ""arg_overlap"": 0, ""lambda"": 0.2, ""total"": 14.342725542552474}}, ""fill"": {""per_arg"": [{""name"": ""base"", ""type"": ""float"", ""required"": false, ""enum"": null, ""raw"": ""5"", ""how"": ""regex-float"", ""coerced"": 5.0, ""ok"": true, ""note"": ""regex-float""}, {""name"": ""height"", ""type"": ""float"", ""required"": false, ""enum"": null, ""raw"": ""5"", ""how"": ""regex-float"", ""coerced"": 5.0, ""ok"": true, ""note"": ""regex-float""}]}}}"
59,Find the ZIP code of an IP address '1.1.1.1'.,"[{""name"": ""get_ip_zipcode"", ""description"": ""Retrieves the ZIP code of a given IP address using the ip-api.com API."", ""parameters"": {""ip"": {""description"": ""The IP address to locate."", ""type"": ""str""}}}]",get_ip_zipcode,"{""ip"": ""address""}","{""rule_log"": {""select"": {""candidates"": [{""tool"": ""get_ip_zipcode"", ""bm25"": 6.749999997473056, ""arg_overlap"": 0, ""lambda"": 0.2, ""total"": 6.749999997473056}], ""chosen"": {""tool"": ""get_ip_zipcode"", ""bm25"": 6.749999997473056, ""arg_overlap"": 0, ""lambda"": 0.2, ""total"": 6.749999997473056}}, ""fill"": {""per_arg"": [{""name"": ""ip"", ""type"": ""str"", ""required"": false, ""enum"": null, ""raw"": ""address"", ""how"": ""after-name"", ""coerced"": ""address"", ""ok"": true, ""note"": ""string""}]}}}"
60,"Count the number of set bits in the binary representation of the number 25. Furthermore, estimate the derivative of the function f(x) = sin(x) at the point x = pi/2.","[{""name"": ""count_bits"", ""description"": ""Counts the number of set bits (1's) in the binary representation of a number."", ""parameters"": {""num"": {""description"": ""The input number."", ""type"": ""int""}}}, {""name"": ""numerical_derivative"", ""description"": ""Estimates the derivative of a function at a given point using the central difference formula."", ""parameters"": {""function"": {""description"": ""The function to calculate the derivative of."", ""type"": ""Callable[[float], float]""}, ""x"": {""description"": ""The point at which to estimate the derivative."", ""type"": ""float""}}}, {""name"": ""average"", ""description"": ""Calculates the arithmetic mean of a list of numbers."", ""parameters"": {""numbers"": {""description"": ""The list of numbers."", ""type"": ""List[float]""}}}, {""name"": ""is_valid_palindrome"", ""description"": ""Checks if a string is a valid palindrome, considering only alphanumeric characters and ignoring case."", ""parameters"": {""s"": {""description"": ""The input string."", ""type"": ""str""}}}]",count_bits,"{""num"": 25}","{""rule_log"": {""select"": {""candidates"": [{""tool"": ""count_bits"", ""bm25"": 15.021384391431301, ""arg_overlap"": 0, ""lambda"": 0.2, ""total"": 15.021384391431301}, {""tool"": ""numerical_derivative"", ""bm25"": 10.16170134395671, ""arg_overlap"": 0, ""lambda"": 0.2, ""total"": 10.16170134395671}, {""tool"": ""average"", ""bm25"": 3.2436732305143456, ""arg_overlap"": 0, ""lambda"": 0.2, ""total"": 3.2436732305143456}, {""tool"": ""is_valid_palindrome"", ""bm25"": 0.0, ""arg_overlap"": 0, ""lambda"": 0.2, ""total"": 0.0}], ""chosen"": {""tool"": ""count_bits"", ""bm25"": 15.021384391431301, ""arg_overlap"": 0, ""lambda"": 0.2, ""total"": 15.021384391431301}}, ""fill"": {""per_arg"": [{""name"": ""num"", ""type"": ""int"", ""required"": false, ""enum"": null, ""raw"": ""25"", ""how"": ""regex-int"", ""coerced"": 25, ""ok"": true, ""note"": ""regex-int""}]}}}"
61,"Check if the following email addresses are valid: example@example.com, invalidemail, email@com, email@.com, and another.valid@email.com.","[{""name"": ""is_valid_email"", ""description"": ""Checks if an email address is valid."", ""parameters"": {""email"": {""description"": ""The email address to validate."", ""type"": ""str""}}}]",is_valid_email,"{""email"": ""addresses""}","{""rule_log"": {""select"": {""candidates"": [{""tool"": ""is_valid_email"", ""bm25"": 2.999999998789773, ""arg_overlap"": 0, ""lambda"": 0.2, ""total"": 2.999999998789773}], ""chosen"": {""tool"": ""is_valid_email"", ""bm25"": 2.999999998789773, ""arg_overlap"": 0, ""lambda"": 0.2, ""total"": 2.999999998789773}}, ""fill"": {""per_arg"": [{""name"": ""email"", ""type"": ""str"", ""required"": false, ""enum"": null, ""raw"": ""addresses"", ""how"": ""after-name"", ""coerced"": ""addresses"", ""ok"": true, ""note"": ""string""}]}}}"
62,"If the initial population is 400 bacteria, the growth rate is 0.035, the time is 200 minutes, and the doubling time is set to 40 minutes, what is the final count?","[{""name"": ""bacterial_growth"", ""description"": ""Calculates the bacterial population after a given time based on the initial population and growth rate."", ""parameters"": {""initial_population"": {""description"": ""The initial bacterial population."", ""type"": ""int"", ""default"": 20}, ""growth_rate"": {""description"": ""The growth rate per unit time."", ""type"": ""float"", ""default"": 20}, ""time"": {""description"": ""The time elapsed."", ""type"": ""float""}, ""doubling_time"": {""description"": ""The doubling time of the bacteria in minutes. Defaults to 20."", ""type"": ""float, optional""}}}]",bacterial_growth,"{""initial_population"": 400, ""growth_rate"": 400.0, ""time"": 400.0, ""doubling_time"": null}","{""rule_log"": {""select"": {""candidates"": [{""tool"": ""bacterial_growth"", ""bm25"": 7.749999997033715, ""arg_overlap"": 0, ""lambda"": 0.2, ""total"": 7.749999997033715}], ""chosen"": {""tool"": ""bacterial_growth"", ""bm25"": 7.749999997033715, ""arg_overlap"": 0, ""lambda"": 0.2, ""total"": 7.749999997033715}}, ""fill"": {""per_arg"": [{""name"": ""initial_population"", ""type"": ""int"", ""required"": false, ""enum"": null, ""raw"": ""400"", ""how"": ""regex-int"", ""coerced"": 400, ""ok"": true, ""note"": ""regex-int""}, {""name"": ""growth_rate"", ""type"": ""float"", ""required"": false, ""enum"": null, ""raw"": ""400"", ""how"": ""regex-float"", ""coerced"": 400.0, ""ok"": true, ""note"": ""regex-float""}, {""name"": ""time"", ""type"": ""float"", ""required"": false, ""enum"": null, ""raw"": ""400"", ""how"": ""regex-float"", ""coerced"": 400.0, ""ok"": true, ""note"": ""regex-float""}, {""name"": ""doubling_time"", ""type"": ""float, optional"", ""required"": false, ""enum"": null, ""raw"": null, ""how"": ""missing"", ""coerced"": null, ""ok"": false, ""note"": ""none""}]}}}"
63,"Check if the string '(([]))' contains valid parentheses and generate a random string of length 5 with only lowercase letters. Also, find the duplicate number in the list [4, 2, 3, 1, 2].","[{""name"": ""is_palindrome"", ""description"": ""Checks if a string is a palindrome."", ""parameters"": {""text"": {""description"": ""The input string."", ""type"": ""str""}}}, {""name"": ""is_valid_parentheses"", ""description"": ""Checks if a string contains valid parentheses."", ""parameters"": {""s"": {""description"": ""The input string."", ""type"": ""str""}}}, {""name"": ""generate_random_string"", ""description"": ""Generates a random string of specified length and character types."", ""parameters"": {""length"": {""description"": ""The length of the random string."", ""type"": ""int"", ""default"": true}, ""uppercase"": {""description"": ""Include uppercase letters. Defaults to True."", ""type"": ""bool, optional"", ""default"": true}, ""lowercase"": {""description"": ""Include lowercase letters. Defaults to True."", ""type"": ""bool, optional"", ""default"": true}, ""digits"": {""description"": ""Include digits. Defaults to True."", ""type"": ""bool, optional""}, ""special_chars"": {""description"": ""Include special characters. Defaults to False."", ""type"": ""bool, optional"", ""default"": true}}}, {""name"": ""find_duplicate_number"", ""description"": ""Finds the duplicate number in a list of integers."", ""parameters"": {""nums"": {""description"": ""The list of integers."", ""type"": ""List[int]""}}}]",find_duplicate_number,"{""nums"": null}","{""rule_log"": {""select"": {""candidates"": [{""tool"": ""is_palindrome"", ""bm25"": 4.32327833407293, ""arg_overlap"": 0, ""lambda"": 0.2, ""total"": 4.32327833407293}, {""tool"": ""is_valid_parentheses"", ""bm25"": 10.037754060273768, ""arg_overlap"": 0, ""lambda"": 0.2, ""total"": 10.037754060273768}, {""tool"": ""generate_random_string"", ""bm25"": 8.80163383451787, ""arg_overlap"": 0, ""lambda"": 0.2, ""total"": 8.80163383451787}, {""tool"": ""find_duplicate_number"", ""bm25"": 11.704061037572336, ""arg_overlap"": 0, ""lambda"": 0.2, ""total"": 11.704061037572336}], ""chosen"": {""tool"": ""find_duplicate_number"", ""bm25"": 11.704061037572336, ""arg_overlap"": 0, ""lambda"": 0.2, ""total"": 11.704061037572336}}, ""fill"": {""per_arg"": [{""name"": ""nums"", ""type"": ""List[int]"", ""required"": false, ""enum"": null, ""raw"": null, ""how"": ""missing"", ""coerced"": null, ""ok"": false, ""note"": ""none""}]}}}"
64,"Two documents are represented as TF-IDF vectors: doc1 = [0.1, 0.2, 0.3] and doc2 = [0.3, 0.2, 0.1]. What is the cosine similarity between them?","[{""name"": ""cosine_similarity"", ""description"": ""Calculates the cosine similarity between two vectors."", ""parameters"": {""vector_a"": {""description"": ""The first vector."", ""type"": ""List[float]""}, ""vector_b"": {""description"": ""The second vector."", ""type"": ""List[float]""}}}]",cosine_similarity,"{""vector_a"": null, ""vector_b"": null}","{""rule_log"": {""select"": {""candidates"": [{""tool"": ""cosine_similarity"", ""bm25"": 5.999999997579546, ""arg_overlap"": 0, ""lambda"": 0.2, ""total"": 5.999999997579546}], ""chosen"": {""tool"": ""cosine_similarity"", ""bm25"": 5.999999997579546, ""arg_overlap"": 0, ""lambda"": 0.2, ""total"": 5.999999997579546}}, ""fill"": {""per_arg"": [{""name"": ""vector_a"", ""type"": ""List[float]"", ""required"": false, ""enum"": null, ""raw"": null, ""how"": ""missing"", ""coerced"": null, ""ok"": false, ""note"": ""none""}, {""name"": ""vector_b"", ""type"": ""List[float]"", ""required"": false, ""enum"": null, ""raw"": null, ""how"": ""missing"", ""coerced"": null, ""ok"": false, ""note"": ""none""}]}}}"
65,"Calculate the batting average of a player who had 200 hits in 600 at-bats, rounding the result to 3 decimal places. Also, find the batting average of a player who had one hundred thirty-five hits in 450 at-bats, rounding the result to 2 decimal places.","[{""name"": ""batting_average"", ""description"": ""Calculates the batting average of a baseball player based on the number of hits and at-bats."", ""parameters"": {""num_hits"": {""description"": ""The number of hits."", ""type"": ""int"", ""default"": 3}, ""num_at_bats"": {""description"": ""The number of at-bats."", ""type"": ""int"", ""default"": 3}, ""precision"": {""description"": ""The number of decimal places to round the batting average. Defaults to 3."", ""type"": ""int, optional""}}}]",batting_average,"{""num_hits"": 200, ""num_at_bats"": 200, ""precision"": null}","{""rule_log"": {""select"": {""candidates"": [{""tool"": ""batting_average"", ""bm25"": 9.749999996160867, ""arg_overlap"": 0, ""lambda"": 0.2, ""total"": 9.749999996160867}], ""chosen"": {""tool"": ""batting_average"", ""bm25"": 9.749999996160867, ""arg_overlap"": 0, ""lambda"": 0.2, ""total"": 9.749999996160867}}, ""fill"": {""per_arg"": [{""name"": ""num_hits"", ""type"": ""int"", ""required"": false, ""enum"": null, ""raw"": ""200"", ""how"": ""regex-int"", ""coerced"": 200, ""ok"": true, ""note"": ""regex-int""}, {""name"": ""num_at_bats"", ""type"": ""int"", ""required"": false, ""enum"": null, ""raw"": ""200"", ""how"": ""regex-int"", ""coerced"": 200, ""ok"": true, ""note"": ""regex-int""}, {""name"": ""precision"", ""type"": ""int, optional"", ""required"": false, ""enum"": null, ""raw"": null, ""how"": ""missing"", ""coerced"": null, ""ok"": false, ""note"": ""none""}]}}}"
66,Find out if 25 and 36 are perfect squares.,"[{""name"": ""cosine_similarity"", ""description"": ""Calculates the cosine similarity between two vectors."", ""parameters"": {""vector_a"": {""description"": ""The first vector."", ""type"": ""List[float]""}, ""vector_b"": {""description"": ""The second vector."", ""type"": ""List[float]""}}}, {""name"": ""linear_regression_prediction"", ""description"": ""Predicts the y-value for a given x-value using linear regression."", ""parameters"": {""x_values"": {""description"": ""The x-coordinates of the data points."", ""type"": ""List[float]""}, ""y_values"": {""description"": ""The y-coordinates of the data points."", ""type"": ""List[float]""}, ""target_x"": {""description"": ""The x-value for which to predict the y-value."", ""type"": ""float""}}}, {""name"": ""polygon_area_shoelace"", ""description"": ""Calculates the area of a polygon using the shoelace formula."", ""parameters"": {""vertices"": {""description"": ""A list of polygon vertices represented as tuples (x, y)."", ""type"": ""List[Tuple[float, float]]""}}}, {""name"": ""is_perfect_square"", ""description"": ""Checks if a number is a perfect square."", ""parameters"": {""num"": {""description"": ""The number to check."", ""type"": ""int""}}}]",is_perfect_square,"{""num"": 25}","{""rule_log"": {""select"": {""candidates"": [{""tool"": ""cosine_similarity"", ""bm25"": 0.0, ""arg_overlap"": 0, ""lambda"": 0.2, ""total"": 0.0}, {""tool"": ""linear_regression_prediction"", ""bm25"": 0.0, ""arg_overlap"": 0, ""lambda"": 0.2, ""total"": 0.0}, {""tool"": ""polygon_area_shoelace"", ""bm25"": 0.0, ""arg_overlap"": 0, ""lambda"": 0.2, ""total"": 0.0}, {""tool"": ""is_perfect_square"", ""bm25"": 4.033825529491967, ""arg_overlap"": 0, ""lambda"": 0.2, ""total"": 4.033825529491967}], ""chosen"": {""tool"": ""is_perfect_square"", ""bm25"": 4.033825529491967, ""arg_overlap"": 0, ""lambda"": 0.2, ""total"": 4.033825529491967}}, ""fill"": {""per_arg"": [{""name"": ""num"", ""type"": ""int"", ""required"": false, ""enum"": null, ""raw"": ""25"", ""how"": ""regex-int"", ""coerced"": 25, ""ok"": true, ""note"": ""regex-int""}]}}}"
67,Calculate the electric field produced by a charge of 100 coulombs at a distance of 10 meters with a permitivity of 2.2e-11.,"[{""name"": ""cosine_similarity"", ""description"": ""Calculates the cosine similarity between two vectors."", ""parameters"": {""vector_a"": {""description"": ""The first vector."", ""type"": ""List[float]""}, ""vector_b"": {""description"": ""The second vector."", ""type"": ""List[float]""}}}, {""name"": ""calculate_electric_field"", ""description"": ""Calculate the electric field produced by a charge at a certain distance."", ""parameters"": {""charge"": {""description"": ""Charge in coulombs producing the electric field."", ""type"": ""int"", ""default"": 8.854e-12}, ""distance"": {""description"": ""Distance from the charge in meters where the field is being measured."", ""type"": ""int"", ""default"": 8.854e-12}, ""permitivity"": {""description"": ""Permitivity of the space where field is being calculated, default is 8.854e-12."", ""type"": ""float""}}}, {""name"": ""find_n_largest_numbers"", ""description"": ""Finds the n largest numbers in a list."", ""parameters"": {""nums"": {""description"": ""The list of numbers."", ""type"": ""List[int]""}, ""n"": {""description"": ""The number of largest numbers to find."", ""type"": ""int""}}}, {""name"": ""california_alimony"", ""description"": ""Calculates the total alimony one spouse would have to pay to the other in California over a given duration."", ""parameters"": {""payor_monthly_income"": {""description"": ""The monthly gross income of the payor spouse."", ""type"": ""int""}, ""recipient_monthly_income"": {""description"": ""The monthly gross income of the recipient spouse."", ""type"": ""int""}, ""duration_years"": {""description"": ""The duration of the alimony in years."", ""type"": ""int""}}}]",calculate_electric_field,"{""charge"": 100, ""distance"": 100, ""permitivity"": 100.0}","{""rule_log"": {""select"": {""candidates"": [{""tool"": ""cosine_similarity"", ""bm25"": 1.172707888529494, ""arg_overlap"": 0, ""lambda"": 0.2, ""total"": 1.172707888529494}, {""tool"": ""calculate_electric_field"", ""bm25"": 17.73051704916521, ""arg_overlap"": 0, ""lambda"": 0.2, ""total"": 17.73051704916521}, {""tool"": ""find_n_largest_numbers"", ""bm25"": 2.510737069050658, ""arg_overlap"": 0, ""lambda"": 0.2, ""total"": 2.510737069050658}, {""tool"": ""california_alimony"", ""bm25"": 2.1585566507388334, ""arg_overlap"": 0, ""lambda"": 0.2, ""total"": 2.1585566507388334}], ""chosen"": {""tool"": ""calculate_electric_field"", ""bm25"": 17.73051704916521, ""arg_overlap"": 0, ""lambda"": 0.2, ""total"": 17.73051704916521}}, ""fill"": {""per_arg"": [{""name"": ""charge"", ""type"": ""int"", ""required"": false, ""enum"": null, ""raw"": ""100"", ""how"": ""regex-int"", ""coerced"": 100, ""ok"": true, ""note"": ""regex-int""}, {""name"": ""distance"", ""type"": ""int"", ""required"": false, ""enum"": null, ""raw"": ""100"", ""how"": ""regex-int"", ""coerced"": 100, ""ok"": true, ""note"": ""regex-int""}, {""name"": ""permitivity"", ""type"": ""float"", ""required"": false, ""enum"": null, ""raw"": ""100"", ""how"": ""regex-float"", ""coerced"": 100.0, ""ok"": true, ""note"": ""regex-float""}]}}}"
68,"A proton has a charge of approximately 1.602 x 10^-19 Coulombs. If a proton is placed in an electric field with a voltage of 1000 Volts, what is its potential energy? After that, deal me 5 random cards from a shuffled deck.","[{""name"": ""potential_energy"", ""description"": ""Calculates the electrostatic potential energy given the charge and voltage."", ""parameters"": {""charge"": {""description"": ""The electric charge."", ""type"": ""float""}, ""voltage"": {""description"": ""The electric potential difference (voltage)."", ""type"": ""float""}}}, {""name"": ""draw_cards"", ""description"": ""Shuffles a standard deck of 52 cards and draws a specified number of cards from the top."", ""parameters"": {""num_draw"": {""description"": ""The number of cards to be drawn. Defaults to 1."", ""type"": ""int, optional"", ""default"": 1}}}]",draw_cards,"{""num_draw"": ""1""}","{""rule_log"": {""select"": {""candidates"": [{""tool"": ""potential_energy"", ""bm25"": 6.237820789857819, ""arg_overlap"": 0, ""lambda"": 0.2, ""total"": 6.237820789857819}, {""tool"": ""draw_cards"", ""bm25"": 7.9872886492955555, ""arg_overlap"": 0, ""lambda"": 0.2, ""total"": 7.9872886492955555}], ""chosen"": {""tool"": ""draw_cards"", ""bm25"": 7.9872886492955555, ""arg_overlap"": 0, ""lambda"": 0.2, ""total"": 7.9872886492955555}}, ""fill"": {""per_arg"": [{""name"": ""num_draw"", ""type"": ""int, optional"", ""required"": false, ""enum"": null, ""raw"": 1, ""how"": ""default"", ""coerced"": ""1"", ""ok"": true, ""note"": ""string""}]}}}"
69,"What is the result message of performing a static analysis on building 'A123' for floors [1, 3, 5]?","[{""name"": ""structural_analysis"", ""description"": ""Performs structural analysis on a building based on its ID, floor numbers, and analysis mode."", ""parameters"": {""building_id"": {""description"": ""The unique identifier of the building."", ""type"": ""str"", ""default"": ""static""}, ""floor_numbers"": {""description"": ""The list of floor numbers to be analyzed."", ""type"": ""List[int]"", ""default"": ""static""}, ""analysis_mode"": {""description"": ""The mode of analysis, either \""static\"" or \""dynamic\"". Defaults to \""static\""."", ""type"": ""str, optional""}}}, {""name"": ""calculate_order_total"", ""description"": ""Calculates the total cost of an order based on the items, quantities, and prices."", ""parameters"": {""items"": {""description"": ""A list of item names."", ""type"": ""List[str]""}, ""quantities"": {""description"": ""A list of corresponding quantities for each item."", ""type"": ""List[int]""}, ""prices"": {""description"": ""A list of corresponding prices for each item."", ""type"": ""List[float]""}}}, {""name"": ""is_hotel_available"", ""description"": ""Checks the availability of a hotel for a given date range."", ""parameters"": {""hotel"": {""description"": ""The name of the hotel."", ""type"": ""str""}, ""city"": {""description"": ""The city where the hotel is located."", ""type"": ""str""}, ""checkin"": {""description"": ""The check-in date in the format \""YYYY-MM-DD\""."", ""type"": ""str""}, ""checkout"": {""description"": ""The check-out date in the format \""YYYY-MM-DD\""."", ""type"": ""str""}}}]",structural_analysis,"{""building_id"": ""static"", ""floor_numbers"": ""static"", ""analysis_mode"": null}","{""rule_log"": {""select"": {""candidates"": [{""tool"": ""structural_analysis"", ""bm25"": 6.814318876658016, ""arg_overlap"": 0, ""lambda"": 0.2, ""total"": 6.814318876658016}, {""tool"": ""calculate_order_total"", ""bm25"": 4.274976919676155, ""arg_overlap"": 0, ""lambda"": 0.2, ""total"": 4.274976919676155}, {""tool"": ""is_hotel_available"", ""bm25"": 6.428577198667963, ""arg_overlap"": 0, ""lambda"": 0.2, ""total"": 6.428577198667963}], ""chosen"": {""tool"": ""structural_analysis"", ""bm25"": 6.814318876658016, ""arg_overlap"": 0, ""lambda"": 0.2, ""total"": 6.814318876658016}}, ""fill"": {""per_arg"": [{""name"": ""building_id"", ""type"": ""str"", ""required"": false, ""enum"": null, ""raw"": ""static"", ""how"": ""default"", ""coerced"": ""static"", ""ok"": true, ""note"": ""string""}, {""name"": ""floor_numbers"", ""type"": ""List[int]"", ""required"": false, ""enum"": null, ""raw"": ""static"", ""how"": ""default"", ""coerced"": ""static"", ""ok"": true, ""note"": ""string""}, {""name"": ""analysis_mode"", ""type"": ""str, optional"", ""required"": false, ""enum"": null, ""raw"": null, ""how"": ""missing"", ""coerced"": null, ""ok"": false, ""note"": ""none""}]}}}"
70,I'm looking for songs with the word 'love' in the title. Can you give me some suggestions in English?,"[{""name"": ""auto_complete"", ""description"": ""Fetch autocomplete suggestions for a given term using the Shazam API."", ""parameters"": {""term"": {""description"": ""The word or phrase to get suggestions for (e.g., song title, artist name)."", ""type"": ""str"", ""default"": ""kiss the""}, ""locale"": {""description"": ""The language code for the locale. Defaults to 'en-US'."", ""type"": ""str, optional"", ""default"": ""en-US""}}}]",auto_complete,"{""term"": ""kiss the"", ""locale"": ""en-US""}","{""rule_log"": {""select"": {""candidates"": [{""tool"": ""auto_complete"", ""bm25"": 2.999999998738637, ""arg_overlap"": 0, ""lambda"": 0.2, ""total"": 2.999999998738637}], ""chosen"": {""tool"": ""auto_complete"", ""bm25"": 2.999999998738637, ""arg_overlap"": 0, ""lambda"": 0.2, ""total"": 2.999999998738637}}, ""fill"": {""per_arg"": [{""name"": ""term"", ""type"": ""str"", ""required"": false, ""enum"": null, ""raw"": ""kiss the"", ""how"": ""default"", ""coerced"": ""kiss the"", ""ok"": true, ""note"": ""string""}, {""name"": ""locale"", ""type"": ""str, optional"", ""required"": false, ""enum"": null, ""raw"": ""en-US"", ""how"": ""default"", ""coerced"": ""en-US"", ""ok"": true, ""note"": ""string""}]}}}"
71,"Find the equilibrium index of the list [2, 4, 6, 8, 10, 12, 14] and determine if the number 101 is prime.","[{""name"": ""is_prime"", ""description"": ""Checks if a number is prime."", ""parameters"": {""num"": {""description"": ""The number to be checked."", ""type"": ""int""}}}, {""name"": ""find_equilibrium_index"", ""description"": ""Finds the equilibrium index of a list, where the sum of elements on the left is equal to the sum of elements on the right."", ""parameters"": {""arr"": {""description"": ""The input list of integers."", ""type"": ""List[int]""}}}, {""name"": ""calculate_angle"", ""description"": ""Calculates the angle between the hour and minute hands of a clock."", ""parameters"": {""hour"": {""description"": ""The hour value (1-12)."", ""type"": ""int""}, ""minute"": {""description"": ""The minute value (0-59)."", ""type"": ""int""}}}]",find_equilibrium_index,"{""arr"": null}","{""rule_log"": {""select"": {""candidates"": [{""tool"": ""is_prime"", ""bm25"": 8.187457552523362, ""arg_overlap"": 0, ""lambda"": 0.2, ""total"": 8.187457552523362}, {""tool"": ""find_equilibrium_index"", ""bm25"": 8.792607631547853, ""arg_overlap"": 0, ""lambda"": 0.2, ""total"": 8.792607631547853}, {""tool"": ""calculate_angle"", ""bm25"": 5.0284428464717355, ""arg_overlap"": 0, ""lambda"": 0.2, ""total"": 5.0284428464717355}], ""chosen"": {""tool"": ""find_equilibrium_index"", ""bm25"": 8.792607631547853, ""arg_overlap"": 0, ""lambda"": 0.2, ""total"": 8.792607631547853}}, ""fill"": {""per_arg"": [{""name"": ""arr"", ""type"": ""List[int]"", ""required"": false, ""enum"": null, ""raw"": null, ""how"": ""missing"", ""coerced"": null, ""ok"": false, ""note"": ""none""}]}}}"
72,"Find all pairs of integers in the list [1, 2, 3, 4, 5] that sum up to 7.","[{""name"": ""find_pairs_with_sum"", ""description"": ""Finds all pairs of integers in a list that sum up to a target value."", ""parameters"": {""nums"": {""description"": ""The list of integers."", ""type"": ""List[int]""}, ""target"": {""description"": ""The target sum value."", ""type"": ""int""}}}, {""name"": ""linear_regression_prediction"", ""description"": ""Predicts the y-value for a given x-value using linear regression."", ""parameters"": {""x_values"": {""description"": ""The x-coordinates of the data points."", ""type"": ""List[float]""}, ""y_values"": {""description"": ""The y-coordinates of the data points."", ""type"": ""List[float]""}, ""target_x"": {""description"": ""The x-value for which to predict the y-value."", ""type"": ""float""}}}, {""name"": ""greatest_common_divisor"", ""description"": ""Computes the greatest common divisor (GCD) of two non-negative integers."", ""parameters"": {""a"": {""description"": ""The first non-negative integer."", ""type"": ""int""}, ""b"": {""description"": ""The second non-negative integer."", ""type"": ""int""}}}]",find_pairs_with_sum,"{""nums"": null, ""target"": 1}","{""rule_log"": {""select"": {""candidates"": [{""tool"": ""find_pairs_with_sum"", ""bm25"": 15.068112443442434, ""arg_overlap"": 0, ""lambda"": 0.2, ""total"": 15.068112443442434}, {""tool"": ""linear_regression_prediction"", ""bm25"": 1.3139018425865967, ""arg_overlap"": 0, ""lambda"": 0.2, ""total"": 1.3139018425865967}, {""tool"": ""greatest_common_divisor"", ""bm25"": 4.065889949222748, ""arg_overlap"": 0, ""lambda"": 0.2, ""total"": 4.065889949222748}], ""chosen"": {""tool"": ""find_pairs_with_sum"", ""bm25"": 15.068112443442434, ""arg_overlap"": 0, ""lambda"": 0.2, ""total"": 15.068112443442434}}, ""fill"": {""per_arg"": [{""name"": ""nums"", ""type"": ""List[int]"", ""required"": false, ""enum"": null, ""raw"": null, ""how"": ""missing"", ""coerced"": null, ""ok"": false, ""note"": ""none""}, {""name"": ""target"", ""type"": ""int"", ""required"": false, ""enum"": null, ""raw"": ""1"", ""how"": ""regex-int"", ""coerced"": 1, ""ok"": true, ""note"": ""regex-int""}]}}}"
73,"Is the Queens Hotel in Berlin available for check-in on March 12, 2022 and check-out on March 16, 2022?","[{""name"": ""is_hotel_available"", ""description"": ""Checks the availability of a hotel for a given date range."", ""parameters"": {""hotel"": {""description"": ""The name of the hotel."", ""type"": ""str""}, ""city"": {""description"": ""The city where the hotel is located."", ""type"": ""str""}, ""checkin"": {""description"": ""The check-in date in the format \""YYYY-MM-DD\""."", ""type"": ""str""}, ""checkout"": {""description"": ""The check-out date in the format \""YYYY-MM-DD\""."", ""type"": ""str""}}}]",is_hotel_available,"{""hotel"": ""in"", ""city"": null, ""checkin"": null, ""checkout"": null}","{""rule_log"": {""select"": {""candidates"": [{""tool"": ""is_hotel_available"", ""bm25"": 2.999999998738637, ""arg_overlap"": 0, ""lambda"": 0.2, ""total"": 2.999999998738637}], ""chosen"": {""tool"": ""is_hotel_available"", ""bm25"": 2.999999998738637, ""arg_overlap"": 0, ""lambda"": 0.2, ""total"": 2.999999998738637}}, ""fill"": {""per_arg"": [{""name"": ""hotel"", ""type"": ""str"", ""required"": false, ""enum"": null, ""raw"": ""in"", ""how"": ""after-name"", ""coerced"": ""in"", ""ok"": true, ""note"": ""string""}, {""name"": ""city"", ""type"": ""str"", ""required"": false, ""enum"": null, ""raw"": null, ""how"": ""missing"", ""coerced"": null, ""ok"": false, ""note"": ""none""}, {""name"": ""checkin"", ""type"": ""str"", ""required"": false, ""enum"": null, ""raw"": null, ""how"": ""missing"", ""coerced"": null, ""ok"": false, ""note"": ""none""}, {""name"": ""checkout"", ""type"": ""str"", ""required"": false, ""enum"": null, ""raw"": null, ""how"": ""missing"", ""coerced"": null, ""ok"": false, ""note"": ""none""}]}}}"
74,Locate the IP address 192.168.0.1 on the map and find its ZIP code.,"[{""name"": ""get_ip_zipcode"", ""description"": ""Retrieves the ZIP code of a given IP address using the ip-api.com API."", ""parameters"": {""ip"": {""description"": ""The IP address to locate."", ""type"": ""str""}}}, {""name"": ""get_ip_location"", ""description"": ""Retrieves the latitude and longitude coordinates of a given IP address using the ip-api.com API."", ""parameters"": {""ip"": {""description"": ""The IP address to locate."", ""type"": ""str""}}}]",get_ip_zipcode,"{""ip"": ""address""}","{""rule_log"": {""select"": {""candidates"": [{""tool"": ""get_ip_zipcode"", ""bm25"": 6.701160038204626, ""arg_overlap"": 0, ""lambda"": 0.2, ""total"": 6.701160038204626}, {""tool"": ""get_ip_location"", ""bm25"": 5.054183939557961, ""arg_overlap"": 0, ""lambda"": 0.2, ""total"": 5.054183939557961}], ""chosen"": {""tool"": ""get_ip_zipcode"", ""bm25"": 6.701160038204626, ""arg_overlap"": 0, ""lambda"": 0.2, ""total"": 6.701160038204626}}, ""fill"": {""per_arg"": [{""name"": ""ip"", ""type"": ""str"", ""required"": false, ""enum"": null, ""raw"": ""address"", ""how"": ""after-name"", ""coerced"": ""address"", ""ok"": true, ""note"": ""string""}]}}}"
75,"Calculate the investment growth for an initial investment of $1000, annual addition of $500, for 10 years, with a return rate of 7% and an annual inflation rate of 2%.","[{""name"": ""project_investment_growth"", ""description"": ""Projects the growth of an investment over a specified number of years."", ""parameters"": {""principal"": {""description"": ""The initial investment amount."", ""type"": ""float"", ""default"": true}, ""annual_addition"": {""description"": ""The amount added to the investment annually."", ""type"": ""float"", ""default"": true}, ""years"": {""description"": ""The number of years to project the investment growth."", ""type"": ""int""}, ""return_rate"": {""description"": ""The annual return rate as a decimal (e.g., 0.07 for 7%)."", ""type"": ""float""}, ""inflation"": {""description"": ""A list of annual inflation rates as decimals."", ""type"": ""List[float]""}, ""inflation_adjusted"": {""description"": ""Whether to adjust the final value for inflation. Defaults to True."", ""type"": ""bool, optional""}}}, {""name"": ""get_pokemon_move_info"", ""description"": ""Retrieves information about a Pokémon's move using the PokéAPI."", ""parameters"": {""pokemon_name"": {""description"": ""The name of the Pokémon."", ""type"": ""str"", ""default"": ""run""}, ""move_name"": {""description"": ""The name of the move to check. Defaults to \""run\""."", ""type"": ""str, optional"", ""default"": ""run""}}}, {""name"": ""geocode_city"", ""description"": ""Retrieves the latitude and longitude coordinates of a given city using the Maps.co Geocoding API."", ""parameters"": {""city"": {""description"": ""The name of the city."", ""type"": ""str""}}}, {""name"": ""is_valid_ip_address"", ""description"": ""Checks if a string is a valid IP address (IPv4)."", ""parameters"": {""ip"": {""description"": ""The string to check."", ""type"": ""str""}}}]",project_investment_growth,"{""principal"": 1000.0, ""annual_addition"": 1000.0, ""years"": 1000, ""return_rate"": 1000.0, ""inflation"": ""rate"", ""inflation_adjusted"": null}","{""rule_log"": {""select"": {""candidates"": [{""tool"": ""project_investment_growth"", ""bm25"": 12.139686711489416, ""arg_overlap"": 0, ""lambda"": 0.2, ""total"": 12.139686711489416}, {""tool"": ""get_pokemon_move_info"", ""bm25"": 2.257345758820999, ""arg_overlap"": 0, ""lambda"": 0.2, ""total"": 2.257345758820999}, {""tool"": ""geocode_city"", ""bm25"": 5.570122121509646, ""arg_overlap"": 0, ""lambda"": 0.2, ""total"": 5.570122121509646}, {""tool"": ""is_valid_ip_address"", ""bm25"": 1.450549450097224, ""arg_overlap"": 0, ""lambda"": 0.2, ""total"": 1.450549450097224}], ""chosen"": {""tool"": ""project_investment_growth"", ""bm25"": 12.139686711489416, ""arg_overlap"": 0, ""lambda"": 0.2, ""total"": 12.139686711489416}}, ""fill"": {""per_arg"": [{""name"": ""principal"", ""type"": ""float"", ""required"": false, ""enum"": null, ""raw"": ""1000"", ""how"": ""regex-float"", ""coerced"": 1000.0, ""ok"": true, ""note"": ""regex-float""}, {""name"": ""annual_addition"", ""type"": ""float"", ""required"": false, ""enum"": null, ""raw"": ""1000"", ""how"": ""regex-float"", ""coerced"": 1000.0, ""ok"": true, ""note"": ""regex-float""}, {""name"": ""years"", ""type"": ""int"", ""required"": false, ""enum"": null, ""raw"": ""1000"", ""how"": ""regex-int"", ""coerced"": 1000, ""ok"": true, ""note"": ""regex-int""}, {""name"": ""return_rate"", ""type"": ""float"", ""required"": false, ""enum"": null, ""raw"": ""1000"", ""how"": ""regex-float"", ""coerced"": 1000.0, ""ok"": true, ""note"": ""regex-float""}, {""name"": ""inflation"", ""type"": ""List[float]"", ""required"": false, ""enum"": null, ""raw"": ""rate"", ""how"": ""after-name"", ""coerced"": ""rate"", ""ok"": true, ""note"": ""string""}, {""name"": ""inflation_adjusted"", ""type"": ""bool, optional"", ""required"": false, ""enum"": null, ""raw"": null, ""how"": ""missing"", ""coerced"": null, ""ok"": false, ""note"": ""none""}]}}}"
76,Calculate the resistance of a 100 meter long aluminum wire with a cross-sectional area of 0.00005 square meters and also find the greatest common divisor of 144 and 24.,"[{""name"": ""sort_numbers"", ""description"": ""Sorts a list of numbers in ascending or descending order."", ""parameters"": {""numbers"": {""description"": ""The list of numbers to be sorted."", ""type"": ""List[float]""}, ""descending"": {""description"": ""If True, sorts the numbers in descending order. Defaults to False."", ""type"": ""bool, optional""}}}, {""name"": ""binomial_probability"", ""description"": ""Calculates the probability of getting exactly k successes in n independent trials,"", ""parameters"": {""n"": {""description"": ""The total number of trials."", ""type"": ""int""}, ""k"": {""description"": ""The number of successes."", ""type"": ""int""}, ""p"": {""description"": ""The probability of success in each trial."", ""type"": ""float""}}}, {""name"": ""wire_resistance"", ""description"": ""Calculates the resistance of a wire based on its length, cross-sectional area, and material resistivity."", ""parameters"": {""length_m"": {""description"": ""The length of the wire in meters."", ""type"": ""int"", ""default"": ""copper""}, ""area_sq_m"": {""description"": ""The cross-sectional area of the wire in square meters."", ""type"": ""float"", ""default"": ""copper""}, ""material"": {""description"": ""The material of the wire. Allowed values: \""copper\"" (default) or \""aluminum\""."", ""type"": ""str, optional""}}}, {""name"": ""greatest_common_divisor"", ""description"": ""Computes the greatest common divisor (GCD) of two non-negative integers."", ""parameters"": {""a"": {""description"": ""The first non-negative integer."", ""type"": ""int""}, ""b"": {""description"": ""The second non-negative integer."", ""type"": ""int""}}}, {""name"": ""find_next_greater_element"", ""description"": ""Finds the next greater element for each element in a list."", ""parameters"": {""nums"": {""description"": ""The list of numbers."", ""type"": ""List[int]""}}}]",wire_resistance,"{""length_m"": 100, ""area_sq_m"": 100.0, ""material"": null}","{""rule_log"": {""select"": {""candidates"": [{""tool"": ""sort_numbers"", ""bm25"": 2.7615932306866773, ""arg_overlap"": 0, ""lambda"": 0.2, ""total"": 2.7615932306866773}, {""tool"": ""binomial_probability"", ""bm25"": 2.3646431125874834, ""arg_overlap"": 0, ""lambda"": 0.2, ""total"": 2.3646431125874834}, {""tool"": ""wire_resistance"", ""bm25"": 14.532514400749582, ""arg_overlap"": 0, ""lambda"": 0.2, ""total"": 14.532514400749582}, {""tool"": ""greatest_common_divisor"", ""bm25"": 8.941867411823912, ""arg_overlap"": 0, ""lambda"": 0.2, ""total"": 8.941867411823912}, {""tool"": ""find_next_greater_element"", ""bm25"": 2.6718663748623124, ""arg_overlap"": 0, ""lambda"": 0.2, ""total"": 2.6718663748623124}], ""chosen"": {""tool"": ""wire_resistance"", ""bm25"": 14.532514400749582, ""arg_overlap"": 0, ""lambda"": 0.2, ""total"": 14.532514400749582}}, ""fill"": {""per_arg"": [{""name"": ""length_m"", ""type"": ""int"", ""required"": false, ""enum"": null, ""raw"": ""100"", ""how"": ""regex-int"", ""coerced"": 100, ""ok"": true, ""note"": ""regex-int""}, {""name"": ""area_sq_m"", ""type"": ""float"", ""required"": false, ""enum"": null, ""raw"": ""100"", ""how"": ""regex-float"", ""coerced"": 100.0, ""ok"": true, ""note"": ""regex-float""}, {""name"": ""material"", ""type"": ""str, optional"", ""required"": false, ""enum"": null, ""raw"": null, ""how"": ""missing"", ""coerced"": null, ""ok"": false, ""note"": ""none""}]}}}"
77,"What is the neuronal activity rate given a synaptic input rate of 10, a synaptic weight of 0.5, and a decay constant of 0.2? What is the Euclidean distance between the points (1, 2, 3) and (4, 5, 6)?","[{""name"": ""neuronal_activity_rate"", ""description"": ""Calculates the neuronal activity rate based on the synaptic input rate, synaptic weight, and decay constant."", ""parameters"": {""synaptic_input_rate"": {""description"": ""The rate of synaptic inputs per second."", ""type"": ""int"", ""default"": 1.0}, ""synaptic_weight"": {""description"": ""The weight of the synaptic input, denoting its influence. Defaults to 1.0."", ""type"": ""float, optional"", ""default"": 0.1}, ""decay_constant"": {""description"": ""The rate at which the neuron's potential decays. Defaults to 0.1."", ""type"": ""float, optional"", ""default"": 1.0}}}, {""name"": ""calculate_distance"", ""description"": ""Calculates the Euclidean distance between two points in n-dimensional space."", ""parameters"": {""point1"": {""description"": ""The coordinates of the first point."", ""type"": ""List[float]""}, ""point2"": {""description"": ""The coordinates of the second point."", ""type"": ""List[float]""}}}, {""name"": ""batting_average"", ""description"": ""Calculates the batting average of a baseball player based on the number of hits and at-bats."", ""parameters"": {""num_hits"": {""description"": ""The number of hits."", ""type"": ""int"", ""default"": 3}, ""num_at_bats"": {""description"": ""The number of at-bats."", ""type"": ""int"", ""default"": 3}, ""precision"": {""description"": ""The number of decimal places to round the batting average. Defaults to 3."", ""type"": ""int, optional""}}}, {""name"": ""calculate_standard_deviation"", ""description"": ""Calculates the standard deviation of a list of numbers."", ""parameters"": {""numbers"": {""description"": ""The list of numbers."", ""type"": ""List[Union[int, float]]""}}}, {""name"": ""average"", ""description"": ""Calculates the arithmetic mean of a list of numbers."", ""parameters"": {""numbers"": {""description"": ""The list of numbers."", ""type"": ""List[float]""}}}, {""name"": ""is_power_of_two"", ""description"": ""Checks if a number is a power of two."", ""parameters"": {""num"": {""description"": ""The number to check."", ""type"": ""int""}}}]",neuronal_activity_rate,"{""synaptic_input_rate"": 10, ""synaptic_weight"": ""0.1"", ""decay_constant"": ""1.0""}","{""rule_log"": {""select"": {""candidates"": [{""tool"": ""neuronal_activity_rate"", ""bm25"": 20.69338113111151, ""arg_overlap"": 0, ""lambda"": 0.2, ""total"": 20.69338113111151}, {""tool"": ""calculate_distance"", ""bm25"": 10.442603467943282, ""arg_overlap"": 0, ""lambda"": 0.2, ""total"": 10.442603467943282}, {""tool"": ""batting_average"", ""bm25"": 5.8098342390100335, ""arg_overlap"": 0, ""lambda"": 0.2, ""total"": 5.8098342390100335}, {""tool"": ""calculate_standard_deviation"", ""bm25"": 4.697218438026868, ""arg_overlap"": 0, ""lambda"": 0.2, ""total"": 4.697218438026868}, {""tool"": ""average"", ""bm25"": 4.697218438026868, ""arg_overlap"": 0, ""lambda"": 0.2, ""total"": 4.697218438026868}, {""tool"": ""is_power_of_two"", ""bm25"": 5.90490774115774, ""arg_overlap"": 0, ""lambda"": 0.2, ""total"": 5.90490774115774}], ""chosen"": {""tool"": ""neuronal_activity_rate"", ""bm25"": 20.69338113111151, ""arg_overlap"": 0, ""lambda"": 0.2, ""total"": 20.69338113111151}}, ""fill"": {""per_arg"": [{""name"": ""synaptic_input_rate"", ""type"": ""int"", ""required"": false, ""enum"": null, ""raw"": ""10"", ""how"": ""regex-int"", ""coerced"": 10, ""ok"": true, ""note"": ""regex-int""}, {""name"": ""synaptic_weight"", ""type"": ""float, optional"", ""required"": false, ""enum"": null, ""raw"": 0.1, ""how"": ""default"", ""coerced"": ""0.1"", ""ok"": true, ""note"": ""string""}, {""name"": ""decay_constant"", ""type"": ""float, optional"", ""required"": false, ""enum"": null, ""raw"": 1.0, ""how"": ""default"", ""coerced"": ""1.0"", ""ok"": true, ""note"": ""string""}]}}}"
78,"What is the standard deviation of the numbers [0.5, 1.5, 2.5, 3.5, 4.5]? Also, what is the standard deviation of the numbers [5.5, 6.5, 7.5, 8.5, 9.5]?","[{""name"": ""calculate_standard_deviation"", ""description"": ""Calculates the standard deviation of a list of numbers."", ""parameters"": {""numbers"": {""description"": ""The list of numbers."", ""type"": ""List[Union[int, float]]""}}}]",calculate_standard_deviation,"{""numbers"": ""0""}","{""rule_log"": {""select"": {""candidates"": [{""tool"": ""calculate_standard_deviation"", ""bm25"": 5.374999997954439, ""arg_overlap"": 0, ""lambda"": 0.2, ""total"": 5.374999997954439}], ""chosen"": {""tool"": ""calculate_standard_deviation"", ""bm25"": 5.374999997954439, ""arg_overlap"": 0, ""lambda"": 0.2, ""total"": 5.374999997954439}}, ""fill"": {""per_arg"": [{""name"": ""numbers"", ""type"": ""List[Union[int, float]]"", ""required"": false, ""enum"": null, ""raw"": ""0"", ""how"": ""after-name"", ""coerced"": ""0"", ""ok"": true, ""note"": ""string""}]}}}"
79,"Consider a large group of 100 individuals, with 70 extroverts and 30 introverts. What can be said about their social harmony, leadership potential, and group cohesion?","[{""name"": ""analyze_social_group_dynamics"", ""description"": ""Analyzes the social dynamics within a group based on the personality traits and group size."", ""parameters"": {""total"": {""description"": ""The total group size."", ""type"": ""int""}, ""extroverts"": {""description"": ""The number of extroverted members in the group."", ""type"": ""int""}, ""introverts"": {""description"": ""The number of introverted members in the group."", ""type"": ""int""}}}]",analyze_social_group_dynamics,"{""total"": 100, ""extroverts"": 100, ""introverts"": 100}","{""rule_log"": {""select"": {""candidates"": [{""tool"": ""analyze_social_group_dynamics"", ""bm25"": 4.37499999830755, ""arg_overlap"": 0, ""lambda"": 0.2, ""total"": 4.37499999830755}], ""chosen"": {""tool"": ""analyze_social_group_dynamics"", ""bm25"": 4.37499999830755, ""arg_overlap"": 0, ""lambda"": 0.2, ""total"": 4.37499999830755}}, ""fill"": {""per_arg"": [{""name"": ""total"", ""type"": ""int"", ""required"": false, ""enum"": null, ""raw"": ""100"", ""how"": ""regex-int"", ""coerced"": 100, ""ok"": true, ""note"": ""regex-int""}, {""name"": ""extroverts"", ""type"": ""int"", ""required"": false, ""enum"": null, ""raw"": ""100"", ""how"": ""regex-int"", ""coerced"": 100, ""ok"": true, ""note"": ""regex-int""}, {""name"": ""introverts"", ""type"": ""int"", ""required"": false, ""enum"": null, ""raw"": ""100"", ""how"": ""regex-int"", ""coerced"": 100, ""ok"": true, ""note"": ""regex-int""}]}}}"
80,Find the roots of the quadratic equation x^2 + 2x + 2 = 0.,"[{""name"": ""solve_quadratic"", ""description"": ""Computes the roots of a quadratic equation given its coefficients."", ""parameters"": {""a"": {""description"": ""The coefficient of the quadratic term (x^2)."", ""type"": ""float""}, ""b"": {""description"": ""The coefficient of the linear term (x)."", ""type"": ""float""}, ""c"": {""description"": ""The constant term."", ""type"": ""float""}}}]",solve_quadratic,"{""a"": 2.0, ""b"": 2.0, ""c"": 2.0}","{""rule_log"": {""select"": {""candidates"": [{""tool"": ""solve_quadratic"", ""bm25"": 4.999999997913223, ""arg_overlap"": 0, ""lambda"": 0.2, ""total"": 4.999999997913223}], ""chosen"": {""tool"": ""solve_quadratic"", ""bm25"": 4.999999997913223, ""arg_overlap"": 0, ""lambda"": 0.2, ""total"": 4.999999997913223}}, ""fill"": {""per_arg"": [{""name"": ""a"", ""type"": ""float"", ""required"": false, ""enum"": null, ""raw"": ""2"", ""how"": ""regex-float"", ""coerced"": 2.0, ""ok"": true, ""note"": ""regex-float""}, {""name"": ""b"", ""type"": ""float"", ""required"": false, ""enum"": null, ""raw"": ""2"", ""how"": ""regex-float"", ""coerced"": 2.0, ""ok"": true, ""note"": ""regex-float""}, {""name"": ""c"", ""type"": ""float"", ""required"": false, ""enum"": null, ""raw"": ""2"", ""how"": ""regex-float"", ""coerced"": 2.0, ""ok"": true, ""note"": ""regex-float""}]}}}"
81,Generate a password of length 16 with special characters.,"[{""name"": ""fibonacci"", ""description"": ""Calculates the nth Fibonacci number."", ""parameters"": {""n"": {""description"": ""The position of the Fibonacci number."", ""type"": ""int""}}}, {""name"": ""generate_password"", ""description"": ""Generates a random password of specified length and character types."", ""parameters"": {""length"": {""description"": ""The length of the password. Defaults to 12."", ""type"": ""int, optional"", ""default"": 12}, ""include_special"": {""description"": ""Whether to include special characters in the password. Defaults to True."", ""type"": ""bool, optional"", ""default"": true}}}, {""name"": ""find_duplicate_number"", ""description"": ""Finds the duplicate number in a list of integers."", ""parameters"": {""nums"": {""description"": ""The list of integers."", ""type"": ""List[int]""}}}, {""name"": ""is_palindrome"", ""description"": ""Checks if a string is a palindrome."", ""parameters"": {""text"": {""description"": ""The input string."", ""type"": ""str""}}}, {""name"": ""is_subset"", ""description"": ""Checks if one set is a subset of another set."", ""parameters"": {""set1"": {""description"": ""The first set."", ""type"": ""set""}, ""set2"": {""description"": ""The second set."", ""type"": ""set""}}}]",generate_password,"{""length"": ""16"", ""include_special"": ""True""}","{""rule_log"": {""select"": {""candidates"": [{""tool"": ""fibonacci"", ""bm25"": 0.0, ""arg_overlap"": 0, ""lambda"": 0.2, ""total"": 0.0}, {""tool"": ""generate_password"", ""bm25"": 6.282187899902473, ""arg_overlap"": 0, ""lambda"": 0.2, ""total"": 6.282187899902473}, {""tool"": ""find_duplicate_number"", ""bm25"": 2.4988932288680172, ""arg_overlap"": 0, ""lambda"": 0.2, ""total"": 2.4988932288680172}, {""tool"": ""is_palindrome"", ""bm25"": 1.6876014317635433, ""arg_overlap"": 0, ""lambda"": 0.2, ""total"": 1.6876014317635433}, {""tool"": ""is_subset"", ""bm25"": 2.3960110740235088, ""arg_overlap"": 0, ""lambda"": 0.2, ""total"": 2.3960110740235088}], ""chosen"": {""tool"": ""generate_password"", ""bm25"": 6.282187899902473, ""arg_overlap"": 0, ""lambda"": 0.2, ""total"": 6.282187899902473}}, ""fill"": {""per_arg"": [{""name"": ""length"", ""type"": ""int, optional"", ""required"": false, ""enum"": null, ""raw"": ""16"", ""how"": ""after-name"", ""coerced"": ""16"", ""ok"": true, ""note"": ""string""}, {""name"": ""include_special"", ""type"": ""bool, optional"", ""required"": false, ""enum"": null, ""raw"": true, ""how"": ""default"", ""coerced"": ""True"", ""ok"": true, ""note"": ""string""}]}}}"
82,Fetch order details for the last three orders placed on the grocery delivery app.,"[{""name"": ""get_order"", ""description"": ""Fetches the order information for a given order ID using the Toolbench RapidAPI."", ""parameters"": {""is_id"": {""description"": ""The ID of the order to be fetched."", ""type"": ""str"", ""default"": """"}}}]",get_order,"{""is_id"": """"}","{""rule_log"": {""select"": {""candidates"": [{""tool"": ""get_order"", ""bm25"": 3.749999998770546, ""arg_overlap"": 0, ""lambda"": 0.2, ""total"": 3.749999998770546}], ""chosen"": {""tool"": ""get_order"", ""bm25"": 3.749999998770546, ""arg_overlap"": 0, ""lambda"": 0.2, ""total"": 3.749999998770546}}, ""fill"": {""per_arg"": [{""name"": ""is_id"", ""type"": ""str"", ""required"": false, ""enum"": null, ""raw"": """", ""how"": ""default"", ""coerced"": """", ""ok"": true, ""note"": ""string""}]}}}"
83,"Calculate the area of a right-angled triangle with vertices at (0, 0), (3, 0), and (0, 4).","[{""name"": ""polygon_area_shoelace"", ""description"": ""Calculates the area of a polygon using the shoelace formula."", ""parameters"": {""vertices"": {""description"": ""A list of polygon vertices represented as tuples (x, y)."", ""type"": ""List[Tuple[float, float]]""}}}]",polygon_area_shoelace,"{""vertices"": ""at""}","{""rule_log"": {""select"": {""candidates"": [{""tool"": ""polygon_area_shoelace"", ""bm25"": 4.3749999983534025, ""arg_overlap"": 0, ""lambda"": 0.2, ""total"": 4.3749999983534025}], ""chosen"": {""tool"": ""polygon_area_shoelace"", ""bm25"": 4.3749999983534025, ""arg_overlap"": 0, ""lambda"": 0.2, ""total"": 4.3749999983534025}}, ""fill"": {""per_arg"": [{""name"": ""vertices"", ""type"": ""List[Tuple[float, float]]"", ""required"": false, ""enum"": null, ""raw"": ""at"", ""how"": ""after-name"", ""coerced"": ""at"", ""ok"": true, ""note"": ""string""}]}}}"
84,"What is my risk of developing type 2 diabetes with a weight of 150 lbs, height of 70 inches, and a moderately active lifestyle? In addition, order 5 bags of grapes and 6 bags of pears from the Safeway store in San Francisco, CA.","[{""name"": ""assess_diabetes_risk"", ""description"": ""Assesses the risk of developing type 2 diabetes based on body mass index (BMI) and physical activity level."", ""parameters"": {""weight_lbs"": {""description"": ""Body weight in pounds."", ""type"": ""int""}, ""height_inches"": {""description"": ""Height in inches."", ""type"": ""int""}, ""activity"": {""description"": ""Physical activity level. Allowed values: \""sedentary\"", \""lightly active\"", \""moderately active\"", or \""very active\""."", ""type"": ""str""}}}, {""name"": ""place_safeway_order"", ""description"": ""Order specified items from a Safeway location."", ""parameters"": {""location"": {""description"": ""The location of the Safeway store, e.g., 'Palo Alto, CA'."", ""type"": ""str""}, ""items"": {""description"": ""List of items to order."", ""type"": ""list""}, ""quantity"": {""description"": ""Quantity of each item in the order list."", ""type"": ""list""}}}, {""name"": ""reserve_hotel_room"", ""description"": ""Reserves a hotel room with the specified details."", ""parameters"": {""room_type"": {""description"": ""The type of room to reserve."", ""type"": ""str""}, ""nightly_rate"": {""description"": ""The nightly rate for the room."", ""type"": ""float""}, ""checkin_date"": {""description"": ""The check-in date in the format 'YYYY-MM-DD'."", ""type"": ""str""}, ""checkout_date"": {""description"": ""The check-out date in the format 'YYYY-MM-DD'."", ""type"": ""str""}, ""guest_id"": {""description"": ""The unique identifier for the guest."", ""type"": ""str""}, ""promo_code"": {""description"": ""A promotional code for a discount. Defaults to None."", ""type"": ""str, optional""}}}]",assess_diabetes_risk,"{""weight_lbs"": 2, ""height_inches"": 2, ""activity"": null}","{""rule_log"": {""select"": {""candidates"": [{""tool"": ""assess_diabetes_risk"", ""bm25"": 10.608208121346273, ""arg_overlap"": 0, ""lambda"": 0.2, ""total"": 10.608208121346273}, {""tool"": ""place_safeway_order"", ""bm25"": 7.372458917939854, ""arg_overlap"": 0, ""lambda"": 0.2, ""total"": 7.372458917939854}, {""tool"": ""reserve_hotel_room"", ""bm25"": 4.754797423560697, ""arg_overlap"": 0, ""lambda"": 0.2, ""total"": 4.754797423560697}], ""chosen"": {""tool"": ""assess_diabetes_risk"", ""bm25"": 10.608208121346273, ""arg_overlap"": 0, ""lambda"": 0.2, ""total"": 10.608208121346273}}, ""fill"": {""per_arg"": [{""name"": ""weight_lbs"", ""type"": ""int"", ""required"": false, ""enum"": null, ""raw"": ""2"", ""how"": ""regex-int"", ""coerced"": 2, ""ok"": true, ""note"": ""regex-int""}, {""name"": ""height_inches"", ""type"": ""int"", ""required"": false, ""enum"": null, ""raw"": ""2"", ""how"": ""regex-int"", ""coerced"": 2, ""ok"": true, ""note"": ""regex-int""}, {""name"": ""activity"", ""type"": ""str"", ""required"": false, ""enum"": null, ""raw"": null, ""how"": ""missing"", ""coerced"": null, ""ok"": false, ""note"": ""none""}]}}}"
85,"Find the missing number in the sequence of integers from 0 to 10, given the following list: [0, 1, 2, 3, 4, 5, 7, 8, 9, 10].","[{""name"": ""find_missing_number"", ""description"": ""Finds the missing number in a list of integers from 0 to n."", ""parameters"": {""nums"": {""description"": ""The list of integers."", ""type"": ""List[int]""}}}, {""name"": ""format_date"", ""description"": ""Converts a date string from one format to another."", ""parameters"": {""date"": {""description"": ""The date string to convert."", ""type"": ""str""}, ""input_format"": {""description"": ""The format of the input date string."", ""type"": ""str""}, ""output_format"": {""description"": ""The desired format of the output date string."", ""type"": ""str""}}}]",find_missing_number,"{""nums"": null}","{""rule_log"": {""select"": {""candidates"": [{""tool"": ""find_missing_number"", ""bm25"": 12.398376975059648, ""arg_overlap"": 0, ""lambda"": 0.2, ""total"": 12.398376975059648}, {""tool"": ""format_date"", ""bm25"": 2.1463414624330754, ""arg_overlap"": 0, ""lambda"": 0.2, ""total"": 2.1463414624330754}], ""chosen"": {""tool"": ""find_missing_number"", ""bm25"": 12.398376975059648, ""arg_overlap"": 0, ""lambda"": 0.2, ""total"": 12.398376975059648}}, ""fill"": {""per_arg"": [{""name"": ""nums"", ""type"": ""List[int]"", ""required"": false, ""enum"": null, ""raw"": null, ""how"": ""missing"", ""coerced"": null, ""ok"": false, ""note"": ""none""}]}}}"
86,"I'm thinking of investing $7,500 for 8 years. If the bank offers me a 2.25% interest rate, how much money will I have at the end of this period?","[{""name"": ""calculate_investment_return"", ""description"": ""Calculates the return on investment based on the initial deposit amount, annual interest rate, and investment period."", ""parameters"": {""initial_amount"": {""description"": ""The initial deposit amount."", ""type"": ""int""}, ""interest_rate"": {""description"": ""The annual interest rate provided by the bank."", ""type"": ""float""}, ""num_years"": {""description"": ""The number of years the money is invested."", ""type"": ""int""}}}]",calculate_investment_return,"{""initial_amount"": 7, ""interest_rate"": 7.0, ""num_years"": 7}","{""rule_log"": {""select"": {""candidates"": [{""tool"": ""calculate_investment_return"", ""bm25"": 4.374999998296342, ""arg_overlap"": 0, ""lambda"": 0.2, ""total"": 4.374999998296342}], ""chosen"": {""tool"": ""calculate_investment_return"", ""bm25"": 4.374999998296342, ""arg_overlap"": 0, ""lambda"": 0.2, ""total"": 4.374999998296342}}, ""fill"": {""per_arg"": [{""name"": ""initial_amount"", ""type"": ""int"", ""required"": false, ""enum"": null, ""raw"": ""7"", ""how"": ""regex-int"", ""coerced"": 7, ""ok"": true, ""note"": ""regex-int""}, {""name"": ""interest_rate"", ""type"": ""float"", ""required"": false, ""enum"": null, ""raw"": ""7"", ""how"": ""regex-float"", ""coerced"": 7.0, ""ok"": true, ""note"": ""regex-float""}, {""name"": ""num_years"", ""type"": ""int"", ""required"": false, ""enum"": null, ""raw"": ""7"", ""how"": ""regex-int"", ""coerced"": 7, ""ok"": true, ""note"": ""regex-int""}]}}}"
87,"Let's place an order at the San Francisco Whole Foods store. The order consists of 'apples', 'bananas', and 'oranges'. Make it a medium-sized order.","[{""name"": ""reserve_hotel_room"", ""description"": ""Reserves a hotel room with the specified details."", ""parameters"": {""room_type"": {""description"": ""The type of room to reserve."", ""type"": ""str""}, ""nightly_rate"": {""description"": ""The nightly rate for the room."", ""type"": ""float""}, ""checkin_date"": {""description"": ""The check-in date in the format 'YYYY-MM-DD'."", ""type"": ""str""}, ""checkout_date"": {""description"": ""The check-out date in the format 'YYYY-MM-DD'."", ""type"": ""str""}, ""guest_id"": {""description"": ""The unique identifier for the guest."", ""type"": ""str""}, ""promo_code"": {""description"": ""A promotional code for a discount. Defaults to None."", ""type"": ""str, optional""}}}, {""name"": ""whole_foods_order"", ""description"": ""Places an order at Whole Foods."", ""parameters"": {""store_location"": {""description"": ""The location of the Whole Foods store."", ""type"": ""str""}, ""item_list"": {""description"": ""A list of items to order."", ""type"": ""list""}, ""order_size"": {""description"": ""The size of the order. Allowed values: \""small\"", \""medium\"", or \""large\""."", ""type"": ""str""}}}, {""name"": ""place_safeway_order"", ""description"": ""Order specified items from a Safeway location."", ""parameters"": {""location"": {""description"": ""The location of the Safeway store, e.g., 'Palo Alto, CA'."", ""type"": ""str""}, ""items"": {""description"": ""List of items to order."", ""type"": ""list""}, ""quantity"": {""description"": ""Quantity of each item in the order list."", ""type"": ""list""}}}]",whole_foods_order,"{""store_location"": null, ""item_list"": null, ""order_size"": null}","{""rule_log"": {""select"": {""candidates"": [{""tool"": ""reserve_hotel_room"", ""bm25"": 2.83581593692925, ""arg_overlap"": 0, ""lambda"": 0.2, ""total"": 2.83581593692925}, {""tool"": ""whole_foods_order"", ""bm25"": 8.494656642233759, ""arg_overlap"": 0, ""lambda"": 0.2, ""total"": 8.494656642233759}, {""tool"": ""place_safeway_order"", ""bm25"": 2.5753641438646366, ""arg_overlap"": 0, ""lambda"": 0.2, ""total"": 2.5753641438646366}], ""chosen"": {""tool"": ""whole_foods_order"", ""bm25"": 8.494656642233759, ""arg_overlap"": 0, ""lambda"": 0.2, ""total"": 8.494656642233759}}, ""fill"": {""per_arg"": [{""name"": ""store_location"", ""type"": ""str"", ""required"": false, ""enum"": null, ""raw"": null, ""how"": ""missing"", ""coerced"": null, ""ok"": false, ""note"": ""none""}, {""name"": ""item_list"", ""type"": ""list"", ""required"": false, ""enum"": null, ""raw"": null, ""how"": ""missing"", ""coerced"": null, ""ok"": false, ""note"": ""none""}, {""name"": ""order_size"", ""type"": ""str"", ""required"": false, ""enum"": null, ""raw"": null, ""how"": ""missing"", ""coerced"": null, ""ok"": false, ""note"": ""none""}]}}}"
88,What moves can Charmander learn?,"[{""name"": ""get_pokemon_move_info"", ""description"": ""Retrieves information about a Pokémon's move using the PokéAPI."", ""parameters"": {""pokemon_name"": {""description"": ""The name of the Pokémon."", ""type"": ""str"", ""default"": ""run""}, ""move_name"": {""description"": ""The name of the move to check. Defaults to \""run\""."", ""type"": ""str, optional"", ""default"": ""run""}}}, {""name"": ""get_ip_zipcode"", ""description"": ""Retrieves the ZIP code of a given IP address using the ip-api.com API."", ""parameters"": {""ip"": {""description"": ""The IP address to locate."", ""type"": ""str""}}}]",get_pokemon_move_info,"{""pokemon_name"": ""run"", ""move_name"": ""run""}","{""rule_log"": {""select"": {""candidates"": [{""tool"": ""get_pokemon_move_info"", ""bm25"": 0.0, ""arg_overlap"": 0, ""lambda"": 0.2, ""total"": 0.0}, {""tool"": ""get_ip_zipcode"", ""bm25"": 0.0, ""arg_overlap"": 0, ""lambda"": 0.2, ""total"": 0.0}], ""chosen"": {""tool"": ""get_pokemon_move_info"", ""bm25"": 0.0, ""arg_overlap"": 0, ""lambda"": 0.2, ""total"": 0.0}}, ""fill"": {""per_arg"": [{""name"": ""pokemon_name"", ""type"": ""str"", ""required"": false, ""enum"": null, ""raw"": ""run"", ""how"": ""default"", ""coerced"": ""run"", ""ok"": true, ""note"": ""string""}, {""name"": ""move_name"", ""type"": ""str, optional"", ""required"": false, ""enum"": null, ""raw"": ""run"", ""how"": ""default"", ""coerced"": ""run"", ""ok"": true, ""note"": ""string""}]}}}"
89,"What will be the future value of an investment of $20,000 with an annual interest rate of 6% after 15 years? Also, calculate the displacement of an object with an initial velocity of 30 m/s, acceleration of 2 m/s^2, and time of 5 seconds. Lastly, what is the probability of getting exactly 5 heads in 10 coin tosses?","[{""name"": ""future_investment_value"", ""description"": ""Calculates the future value of an investment based on the present value, annual interest rate, and number of years."", ""parameters"": {""present_value"": {""description"": ""The present value of the investment."", ""type"": ""float""}, ""annual_interest_rate"": {""description"": ""The annual interest rate as a decimal (e.g., 0.05 for 5%)."", ""type"": ""float""}, ""years"": {""description"": ""The number of years the investment will grow."", ""type"": ""int""}}}, {""name"": ""displacement"", ""description"": ""Calculates the displacement of an object given its initial velocity, acceleration, and time."", ""parameters"": {""initial_velocity"": {""description"": ""The initial velocity of the object."", ""type"": ""float""}, ""acceleration"": {""description"": ""The acceleration of the object."", ""type"": ""float""}, ""time"": {""description"": ""The time elapsed."", ""type"": ""float""}}}, {""name"": ""binomial_probability"", ""description"": ""Calculates the probability of getting exactly k successes in n independent trials,"", ""parameters"": {""n"": {""description"": ""The total number of trials."", ""type"": ""int""}, ""k"": {""description"": ""The number of successes."", ""type"": ""int""}, ""p"": {""description"": ""The probability of success in each trial."", ""type"": ""float""}}}, {""name"": ""light_travel_time"", ""description"": ""Calculate the time taken for light to travel from one celestial body to another."", ""parameters"": {""distance_in_light_years"": {""description"": ""The distance between the two celestial bodies in light years."", ""type"": ""int"", ""default"": 299792458}, ""speed_of_light"": {""description"": ""The speed of light in vacuum, in m/s. Default value is 299792458 m/s."", ""type"": ""int"", ""default"": 299792458}}}]",future_investment_value,"{""present_value"": 20.0, ""annual_interest_rate"": 20.0, ""years"": 20}","{""rule_log"": {""select"": {""candidates"": [{""tool"": ""future_investment_value"", ""bm25"": 18.240076233370697, ""arg_overlap"": 0, ""lambda"": 0.2, ""total"": 18.240076233370697}, {""tool"": ""displacement"", ""bm25"": 17.723850187241617, ""arg_overlap"": 0, ""lambda"": 0.2, ""total"": 17.723850187241617}, {""tool"": ""binomial_probability"", ""bm25"": 10.586852457499042, ""arg_overlap"": 0, ""lambda"": 0.2, ""total"": 10.586852457499042}, {""tool"": ""light_travel_time"", ""bm25"": 4.486319989946463, ""arg_overlap"": 0, ""lambda"": 0.2, ""total"": 4.486319989946463}], ""chosen"": {""tool"": ""future_investment_value"", ""bm25"": 18.240076233370697, ""arg_overlap"": 0, ""lambda"": 0.2, ""total"": 18.240076233370697}}, ""fill"": {""per_arg"": [{""name"": ""present_value"", ""type"": ""float"", ""required"": false, ""enum"": null, ""raw"": ""20"", ""how"": ""regex-float"", ""coerced"": 20.0, ""ok"": true, ""note"": ""regex-float""}, {""name"": ""annual_interest_rate"", ""type"": ""float"", ""required"": false, ""enum"": null, ""raw"": ""20"", ""how"": ""regex-float"", ""coerced"": 20.0, ""ok"": true, ""note"": ""regex-float""}, {""name"": ""years"", ""type"": ""int"", ""required"": false, ""enum"": null, ""raw"": ""20"", ""how"": ""regex-int"", ""coerced"": 20, ""ok"": true, ""note"": ""regex-int""}]}}}"
90,Can you list the repositories for the GitHub user 'pjhyett'?,"[{""name"": ""search"", ""description"": ""Search for public repositories of a given GitHub user using the Toolbench RapidAPI."", ""parameters"": {""user"": {""description"": ""The GitHub username whose public repositories are to be searched."", ""type"": ""str"", ""default"": ""samuk-a""}}}]",search,"{""user"": ""pjhyett""}","{""rule_log"": {""select"": {""candidates"": [{""tool"": ""search"", ""bm25"": 4.999999997873377, ""arg_overlap"": 0, ""lambda"": 0.2, ""total"": 4.999999997873377}], ""chosen"": {""tool"": ""search"", ""bm25"": 4.999999997873377, ""arg_overlap"": 0, ""lambda"": 0.2, ""total"": 4.999999997873377}}, ""fill"": {""per_arg"": [{""name"": ""user"", ""type"": ""str"", ""required"": false, ""enum"": null, ""raw"": ""pjhyett"", ""how"": ""after-name"", ""coerced"": ""pjhyett"", ""ok"": true, ""note"": ""string""}]}}}"
91,"Determine if the years 2000, 2004, and 2022 are leap years, and then find the DNA sequence for sequence ID 'NM_000520' in FASTA format with 100 upstream bases.","[{""name"": ""is_leap_year"", ""description"": ""Checks if a year is a leap year."", ""parameters"": {""year"": {""description"": ""The year to check."", ""type"": ""int""}}}, {""name"": ""get_dna_sequence"", ""description"": ""Retrieves the DNA sequence for a given sequence ID from the NCBI Nucleotide database."", ""parameters"": {""sequence_id"": {""description"": ""The unique identifier for the DNA sequence."", ""type"": ""str"", ""default"": ""fasta""}, ""file_format"": {""description"": ""The format of the returned sequence. Allowed values: \""fasta\"" (default) or \""gb\""."", ""type"": ""str, optional""}, ""upstream_bases"": {""description"": ""The number of bases upstream of the sequence to include. Defaults to 0."", ""type"": ""int, optional"", ""default"": ""fasta""}}}, {""name"": ""assess_diabetes_risk"", ""description"": ""Assesses the risk of developing type 2 diabetes based on body mass index (BMI) and physical activity level."", ""parameters"": {""weight_lbs"": {""description"": ""Body weight in pounds."", ""type"": ""int""}, ""height_inches"": {""description"": ""Height in inches."", ""type"": ""int""}, ""activity"": {""description"": ""Physical activity level. Allowed values: \""sedentary\"", \""lightly active\"", \""moderately active\"", or \""very active\""."", ""type"": ""str""}}}, {""name"": ""predict_forest_area"", ""description"": ""Predicts the change in forest area over a specified number of years."", ""parameters"": {""location"": {""description"": ""The geographic location for the prediction."", ""type"": ""str""}, ""num_years"": {""description"": ""The number of years into the future to make the prediction."", ""type"": ""int""}, ""include_humans"": {""description"": ""Whether to include the impact of human activities in the prediction. Defaults to False."", ""type"": ""bool, optional""}}}, {""name"": ""get_pokemon_move_info"", ""description"": ""Retrieves information about a Pokémon's move using the PokéAPI."", ""parameters"": {""pokemon_name"": {""description"": ""The name of the Pokémon."", ""type"": ""str"", ""default"": ""run""}, ""move_name"": {""description"": ""The name of the move to check. Defaults to \""run\""."", ""type"": ""str, optional"", ""default"": ""run""}}}, {""name"": ""get_city_from_zipcode"", ""description"": ""Retrieves the city name for a given ZIP code using the Ziptastic API."", ""parameters"": {""zipcode"": {""description"": ""The ZIP code to look up."", ""type"": ""str""}}}, {""name"": ""structural_analysis"", ""description"": ""Performs structural analysis on a building based on its ID, floor numbers, and analysis mode."", ""parameters"": {""building_id"": {""description"": ""The unique identifier of the building."", ""type"": ""str"", ""default"": ""static""}, ""floor_numbers"": {""description"": ""The list of floor numbers to be analyzed."", ""type"": ""List[int]"", ""default"": ""static""}, ""analysis_mode"": {""description"": ""The mode of analysis, either \""static\"" or \""dynamic\"". Defaults to \""static\""."", ""type"": ""str, optional""}}}, {""name"": ""get_ip_location"", ""description"": ""Retrieves the latitude and longitude coordinates of a given IP address using the ip-api.com API."", ""parameters"": {""ip"": {""description"": ""The IP address to locate."", ""type"": ""str""}}}]",get_dna_sequence,"{""sequence_id"": ""fasta"", ""file_format"": null, ""upstream_bases"": ""fasta""}","{""rule_log"": {""select"": {""candidates"": [{""tool"": ""is_leap_year"", ""bm25"": 5.943287428268302, ""arg_overlap"": 0, ""lambda"": 0.2, ""total"": 5.943287428268302}, {""tool"": ""get_dna_sequence"", ""bm25"": 11.75843070140196, ""arg_overlap"": 0, ""lambda"": 0.2, ""total"": 11.75843070140196}, {""tool"": ""assess_diabetes_risk"", ""bm25"": 2.7283550404980663, ""arg_overlap"": 0, ""lambda"": 0.2, ""total"": 2.7283550404980663}, {""tool"": ""predict_forest_area"", ""bm25"": 6.557539181826079, ""arg_overlap"": 0, ""lambda"": 0.2, ""total"": 6.557539181826079}, {""tool"": ""get_pokemon_move_info"", ""bm25"": 1.3109008290375241, ""arg_overlap"": 0, ""lambda"": 0.2, ""total"": 1.3109008290375241}, {""tool"": ""get_city_from_zipcode"", ""bm25"": 3.877442836263935, ""arg_overlap"": 0, ""lambda"": 0.2, ""total"": 3.877442836263935}, {""tool"": ""structural_analysis"", ""bm25"": 3.7647446327962366, ""arg_overlap"": 0, ""lambda"": 0.2, ""total"": 3.7647446327962366}, {""tool"": ""get_ip_location"", ""bm25"": 3.270408457922213, ""arg_overlap"": 0, ""lambda"": 0.2, ""total"": 3.270408457922213}], ""chosen"": {""tool"": ""get_dna_sequence"", ""bm25"": 11.75843070140196, ""arg_overlap"": 0, ""lambda"": 0.2, ""total"": 11.75843070140196}}, ""fill"": {""per_arg"": [{""name"": ""sequence_id"", ""type"": ""str"", ""required"": false, ""enum"": null, ""raw"": ""fasta"", ""how"": ""default"", ""coerced"": ""fasta"", ""ok"": true, ""note"": ""string""}, {""name"": ""file_format"", ""type"": ""str, optional"", ""required"": false, ""enum"": null, ""raw"": null, ""how"": ""missing"", ""coerced"": null, ""ok"": false, ""note"": ""none""}, {""name"": ""upstream_bases"", ""type"": ""int, optional"", ""required"": false, ""enum"": null, ""raw"": ""fasta"", ""how"": ""default"", ""coerced"": ""fasta"", ""ok"": true, ""note"": ""string""}]}}}"
92,What is the probability of rolling a sum of 7 with 2 six-sided dice?,"[{""name"": ""dice_roll_probability"", ""description"": ""Calculates the probability of rolling a specific sum with a given number of dice, each having a certain number of faces."", ""parameters"": {""target_sum"": {""description"": ""The target sum to calculate the probability for."", ""type"": ""int"", ""default"": 6}, ""num_dice"": {""description"": ""The number of dice being rolled."", ""type"": ""int"", ""default"": 6}, ""num_faces"": {""description"": ""The number of faces on each die. Defaults to 6."", ""type"": ""int, optional""}}}, {""name"": ""is_valid_palindrome"", ""description"": ""Checks if a string is a valid palindrome, considering only alphanumeric characters and ignoring case."", ""parameters"": {""s"": {""description"": ""The input string."", ""type"": ""str""}}}, {""name"": ""polygon_area_shoelace"", ""description"": ""Calculates the area of a polygon using the shoelace formula."", ""parameters"": {""vertices"": {""description"": ""A list of polygon vertices represented as tuples (x, y)."", ""type"": ""List[Tuple[float, float]]""}}}, {""name"": ""bacterial_growth"", ""description"": ""Calculates the bacterial population after a given time based on the initial population and growth rate."", ""parameters"": {""initial_population"": {""description"": ""The initial bacterial population."", ""type"": ""int"", ""default"": 20}, ""growth_rate"": {""description"": ""The growth rate per unit time."", ""type"": ""float"", ""default"": 20}, ""time"": {""description"": ""The time elapsed."", ""type"": ""float""}, ""doubling_time"": {""description"": ""The doubling time of the bacteria in minutes. Defaults to 20."", ""type"": ""float, optional""}}}]",dice_roll_probability,"{""target_sum"": 7, ""num_dice"": 7, ""num_faces"": null}","{""rule_log"": {""select"": {""candidates"": [{""tool"": ""dice_roll_probability"", ""bm25"": 13.190589789307463, ""arg_overlap"": 0, ""lambda"": 0.2, ""total"": 13.190589789307463}, {""tool"": ""is_valid_palindrome"", ""bm25"": 3.3271640734141363, ""arg_overlap"": 0, ""lambda"": 0.2, ""total"": 3.3271640734141363}, {""tool"": ""polygon_area_shoelace"", ""bm25"": 4.7630757816862985, ""arg_overlap"": 0, ""lambda"": 0.2, ""total"": 4.7630757816862985}, {""tool"": ""bacterial_growth"", ""bm25"": 2.6553649006728186, ""arg_overlap"": 0, ""lambda"": 0.2, ""total"": 2.6553649006728186}], ""chosen"": {""tool"": ""dice_roll_probability"", ""bm25"": 13.190589789307463, ""arg_overlap"": 0, ""lambda"": 0.2, ""total"": 13.190589789307463}}, ""fill"": {""per_arg"": [{""name"": ""target_sum"", ""type"": ""int"", ""required"": false, ""enum"": null, ""raw"": ""7"", ""how"": ""regex-int"", ""coerced"": 7, ""ok"": true, ""note"": ""regex-int""}, {""name"": ""num_dice"", ""type"": ""int"", ""required"": false, ""enum"": null, ""raw"": ""7"", ""how"": ""regex-int"", ""coerced"": 7, ""ok"": true, ""note"": ""regex-int""}, {""name"": ""num_faces"", ""type"": ""int, optional"", ""required"": false, ""enum"": null, ""raw"": null, ""how"": ""missing"", ""coerced"": null, ""ok"": false, ""note"": ""none""}]}}}"
93,"What is the majority element in the list [1, 2, 3, 4, 5, 5, 5, 6, 7, 8, 9]?","[{""name"": ""find_majority_element"", ""description"": ""Finds the majority element in a list, which appears more than ⌊n / 2⌋ times."", ""parameters"": {""nums"": {""description"": ""The input list of integers."", ""type"": ""List[int]""}}}, {""name"": ""find_missing_ranges"", ""description"": ""Finds the missing ranges between lower and upper in a sorted list of integers."", ""parameters"": {""nums"": {""description"": ""The sorted list of integers."", ""type"": ""List[int]""}, ""lower"": {""description"": ""The lower bound."", ""type"": ""int""}, ""upper"": {""description"": ""The upper bound."", ""type"": ""int""}}}, {""name"": ""find_duplicate_number"", ""description"": ""Finds the duplicate number in a list of integers."", ""parameters"": {""nums"": {""description"": ""The list of integers."", ""type"": ""List[int]""}}}]",find_majority_element,"{""nums"": null}","{""rule_log"": {""select"": {""candidates"": [{""tool"": ""find_majority_element"", ""bm25"": 7.686387625769919, ""arg_overlap"": 0, ""lambda"": 0.2, ""total"": 7.686387625769919}, {""tool"": ""find_missing_ranges"", ""bm25"": 2.8540540529135896, ""arg_overlap"": 0, ""lambda"": 0.2, ""total"": 2.8540540529135896}, {""tool"": ""find_duplicate_number"", ""bm25"": 3.341772150292357, ""arg_overlap"": 0, ""lambda"": 0.2, ""total"": 3.341772150292357}], ""chosen"": {""tool"": ""find_majority_element"", ""bm25"": 7.686387625769919, ""arg_overlap"": 0, ""lambda"": 0.2, ""total"": 7.686387625769919}}, ""fill"": {""per_arg"": [{""name"": ""nums"", ""type"": ""List[int]"", ""required"": false, ""enum"": null, ""raw"": null, ""how"": ""missing"", ""coerced"": null, ""ok"": false, ""note"": ""none""}]}}}"
94,"What is the probability of rolling a 1 on a ten-sided die for 2 consecutive rolls? Also, what is the neuronal activity rate for a synaptic input rate of 200 per second?","[{""name"": ""probability_of_consecutive_rolls"", ""description"": ""Calculates the probability of rolling a specific value on a die consecutively for a given number of rolls."", ""parameters"": {""target_value"": {""description"": ""The desired value to be rolled."", ""type"": ""int"", ""default"": 6}, ""num_rolls"": {""description"": ""The number of consecutive rolls."", ""type"": ""int"", ""default"": 6}, ""num_sides"": {""description"": ""The number of sides on the die. Defaults to 6."", ""type"": ""int, optional""}}}, {""name"": ""neuronal_activity_rate"", ""description"": ""Calculates the neuronal activity rate based on the synaptic input rate, synaptic weight, and decay constant."", ""parameters"": {""synaptic_input_rate"": {""description"": ""The rate of synaptic inputs per second."", ""type"": ""int"", ""default"": 1.0}, ""synaptic_weight"": {""description"": ""The weight of the synaptic input, denoting its influence. Defaults to 1.0."", ""type"": ""float, optional"", ""default"": 0.1}, ""decay_constant"": {""description"": ""The rate at which the neuron's potential decays. Defaults to 0.1."", ""type"": ""float, optional"", ""default"": 1.0}}}]",probability_of_consecutive_rolls,"{""target_value"": 1, ""num_rolls"": 1, ""num_sides"": null}","{""rule_log"": {""select"": {""candidates"": [{""tool"": ""probability_of_consecutive_rolls"", ""bm25"": 12.912106471000685, ""arg_overlap"": 0, ""lambda"": 0.2, ""total"": 12.912106471000685}, {""tool"": ""neuronal_activity_rate"", ""bm25"": 10.660910951059577, ""arg_overlap"": 0, ""lambda"": 0.2, ""total"": 10.660910951059577}], ""chosen"": {""tool"": ""probability_of_consecutive_rolls"", ""bm25"": 12.912106471000685, ""arg_overlap"": 0, ""lambda"": 0.2, ""total"": 12.912106471000685}}, ""fill"": {""per_arg"": [{""name"": ""target_value"", ""type"": ""int"", ""required"": false, ""enum"": null, ""raw"": ""1"", ""how"": ""regex-int"", ""coerced"": 1, ""ok"": true, ""note"": ""regex-int""}, {""name"": ""num_rolls"", ""type"": ""int"", ""required"": false, ""enum"": null, ""raw"": ""1"", ""how"": ""regex-int"", ""coerced"": 1, ""ok"": true, ""note"": ""regex-int""}, {""name"": ""num_sides"", ""type"": ""int, optional"", ""required"": false, ""enum"": null, ""raw"": null, ""how"": ""missing"", ""coerced"": null, ""ok"": false, ""note"": ""none""}]}}}"
95,"If I have two lists of items, one list has 24 items and the other has 30 items, and I want to combine them while maintaining the same intervals, how many items should the new list have?","[{""name"": ""least_common_multiple"", ""description"": ""Computes the least common multiple (LCM) of two positive integers."", ""parameters"": {""a"": {""description"": ""The first positive integer."", ""type"": ""int""}, ""b"": {""description"": ""The second positive integer."", ""type"": ""int""}}}]",least_common_multiple,"{""a"": 24, ""b"": 24}","{""rule_log"": {""select"": {""candidates"": [{""tool"": ""least_common_multiple"", ""bm25"": 2.9999999987479335, ""arg_overlap"": 0, ""lambda"": 0.2, ""total"": 2.9999999987479335}], ""chosen"": {""tool"": ""least_common_multiple"", ""bm25"": 2.9999999987479335, ""arg_overlap"": 0, ""lambda"": 0.2, ""total"": 2.9999999987479335}}, ""fill"": {""per_arg"": [{""name"": ""a"", ""type"": ""int"", ""required"": false, ""enum"": null, ""raw"": ""24"", ""how"": ""regex-int"", ""coerced"": 24, ""ok"": true, ""note"": ""regex-int""}, {""name"": ""b"", ""type"": ""int"", ""required"": false, ""enum"": null, ""raw"": ""24"", ""how"": ""regex-int"", ""coerced"": 24, ""ok"": true, ""note"": ""regex-int""}]}}}"
96,"Flatten the nested list [[1, 2, 3], [4, 5], [6, 7, 8, 9], [10], [11, 12]] and count the occurrences of each number.","[{""name"": ""find_longest_word"", ""description"": ""Finds the longest word in a list of words."", ""parameters"": {""words"": {""description"": ""A list of words."", ""type"": ""List[str]""}}}, {""name"": ""count_occurrences"", ""description"": ""Counts the occurrences of each element in a list and returns a dictionary with the counts."", ""parameters"": {""lst"": {""description"": ""The input list."", ""type"": ""List""}}}, {""name"": ""flatten_list"", ""description"": ""Flattens a nested list into a single-level list."", ""parameters"": {""nested_list"": {""description"": ""The nested list to be flattened."", ""type"": ""List""}}}, {""name"": ""generate_random_string"", ""description"": ""Generates a random string of specified length and character types."", ""parameters"": {""length"": {""description"": ""The length of the random string."", ""type"": ""int"", ""default"": true}, ""uppercase"": {""description"": ""Include uppercase letters. Defaults to True."", ""type"": ""bool, optional"", ""default"": true}, ""lowercase"": {""description"": ""Include lowercase letters. Defaults to True."", ""type"": ""bool, optional"", ""default"": true}, ""digits"": {""description"": ""Include digits. Defaults to True."", ""type"": ""bool, optional""}, ""special_chars"": {""description"": ""Include special characters. Defaults to False."", ""type"": ""bool, optional"", ""default"": true}}}, {""name"": ""is_subset"", ""description"": ""Checks if one set is a subset of another set."", ""parameters"": {""set1"": {""description"": ""The first set."", ""type"": ""set""}, ""set2"": {""description"": ""The second set."", ""type"": ""set""}}}, {""name"": ""find_files"", ""description"": ""Finds all files with a specific extension in a directory and its subdirectories."", ""parameters"": {""directory"": {""description"": ""The directory to search in."", ""type"": ""str""}, ""extension"": {""description"": ""The file extension to search for."", ""type"": ""str""}}}]",count_occurrences,"{""lst"": null}","{""rule_log"": {""select"": {""candidates"": [{""tool"": ""find_longest_word"", ""bm25"": 5.116103242251256, ""arg_overlap"": 0, ""lambda"": 0.2, ""total"": 5.116103242251256}, {""tool"": ""count_occurrences"", ""bm25"": 9.993241123770673, ""arg_overlap"": 0, ""lambda"": 0.2, ""total"": 9.993241123770673}, {""tool"": ""flatten_list"", ""bm25"": 4.68731867395926, ""arg_overlap"": 0, ""lambda"": 0.2, ""total"": 4.68731867395926}, {""tool"": ""generate_random_string"", ""bm25"": 3.014334002193558, ""arg_overlap"": 0, ""lambda"": 0.2, ""total"": 3.014334002193558}, {""tool"": ""is_subset"", ""bm25"": 1.3910397997836181, ""arg_overlap"": 0, ""lambda"": 0.2, ""total"": 1.3910397997836181}, {""tool"": ""find_files"", ""bm25"": 1.4690574512863106, ""arg_overlap"": 0, ""lambda"": 0.2, ""total"": 1.4690574512863106}], ""chosen"": {""tool"": ""count_occurrences"", ""bm25"": 9.993241123770673, ""arg_overlap"": 0, ""lambda"": 0.2, ""total"": 9.993241123770673}}, ""fill"": {""per_arg"": [{""name"": ""lst"", ""type"": ""List"", ""required"": false, ""enum"": null, ""raw"": null, ""how"": ""missing"", ""coerced"": null, ""ok"": false, ""note"": ""none""}]}}}"
97,What is the angle between the hour and minute hands of a clock at 3:30?,"[{""name"": ""final_velocity"", ""description"": ""Calculates the final velocity of an object given its initial velocity, acceleration, and time."", ""parameters"": {""initial_velocity"": {""description"": ""The initial velocity of the object."", ""type"": ""float""}, ""acceleration"": {""description"": ""The acceleration of the object."", ""type"": ""float""}, ""time"": {""description"": ""The time elapsed."", ""type"": ""float""}}}, {""name"": ""average"", ""description"": ""Calculates the arithmetic mean of a list of numbers."", ""parameters"": {""numbers"": {""description"": ""The list of numbers."", ""type"": ""List[float]""}}}, {""name"": ""find_equilibrium_index"", ""description"": ""Finds the equilibrium index of a list, where the sum of elements on the left is equal to the sum of elements on the right."", ""parameters"": {""arr"": {""description"": ""The input list of integers."", ""type"": ""List[int]""}}}, {""name"": ""calculate_angle"", ""description"": ""Calculates the angle between the hour and minute hands of a clock."", ""parameters"": {""hour"": {""description"": ""The hour value (1-12)."", ""type"": ""int""}, ""minute"": {""description"": ""The minute value (0-59)."", ""type"": ""int""}}}, {""name"": ""matrix_multiply"", ""description"": ""Multiplies two matrices."", ""parameters"": {""matrix_a"": {""description"": ""The first matrix."", ""type"": ""List[List[float]]""}, ""matrix_b"": {""description"": ""The second matrix."", ""type"": ""List[List[float]]""}}}]",calculate_angle,"{""hour"": 3, ""minute"": 3}","{""rule_log"": {""select"": {""candidates"": [{""tool"": ""final_velocity"", ""bm25"": 3.8938128785058734, ""arg_overlap"": 0, ""lambda"": 0.2, ""total"": 3.8938128785058734}, {""tool"": ""average"", ""bm25"": 4.658503457296431, ""arg_overlap"": 0, ""lambda"": 0.2, ""total"": 4.658503457296431}, {""tool"": ""find_equilibrium_index"", ""bm25"": 5.958891986676677, ""arg_overlap"": 0, ""lambda"": 0.2, ""total"": 5.958891986676677}, {""tool"": ""calculate_angle"", ""bm25"": 18.828840879347375, ""arg_overlap"": 0, ""lambda"": 0.2, ""total"": 18.828840879347375}, {""tool"": ""matrix_multiply"", ""bm25"": 0.0, ""arg_overlap"": 0, ""lambda"": 0.2, ""total"": 0.0}], ""chosen"": {""tool"": ""calculate_angle"", ""bm25"": 18.828840879347375, ""arg_overlap"": 0, ""lambda"": 0.2, ""total"": 18.828840879347375}}, ""fill"": {""per_arg"": [{""name"": ""hour"", ""type"": ""int"", ""required"": false, ""enum"": null, ""raw"": ""3"", ""how"": ""regex-int"", ""coerced"": 3, ""ok"": true, ""note"": ""regex-int""}, {""name"": ""minute"", ""type"": ""int"", ""required"": false, ""enum"": null, ""raw"": ""3"", ""how"": ""regex-int"", ""coerced"": 3, ""ok"": true, ""note"": ""regex-int""}]}}}"
98,"What is the monthly mortgage payment for a $150,000 loan with an annual interest rate of 5% over a 10-year term?","[{""name"": ""monthly_mortgage_payment"", ""description"": ""Calculates the monthly mortgage payment based on the loan amount, annual interest rate, and loan term."", ""parameters"": {""loan_amount"": {""description"": ""The total amount of the loan."", ""type"": ""float""}, ""annual_interest_rate"": {""description"": ""The annual interest rate as a decimal (e.g., 0.05 for 5%)."", ""type"": ""float""}, ""loan_term_years"": {""description"": ""The loan term in years."", ""type"": ""int""}}}]",monthly_mortgage_payment,"{""loan_amount"": 150.0, ""annual_interest_rate"": 150.0, ""loan_term_years"": 150}","{""rule_log"": {""select"": {""candidates"": [{""tool"": ""monthly_mortgage_payment"", ""bm25"": 9.749999996172754, ""arg_overlap"": 0, ""lambda"": 0.2, ""total"": 9.749999996172754}], ""chosen"": {""tool"": ""monthly_mortgage_payment"", ""bm25"": 9.749999996172754, ""arg_overlap"": 0, ""lambda"": 0.2, ""total"": 9.749999996172754}}, ""fill"": {""per_arg"": [{""name"": ""loan_amount"", ""type"": ""float"", ""required"": false, ""enum"": null, ""raw"": ""150"", ""how"": ""regex-float"", ""coerced"": 150.0, ""ok"": true, ""note"": ""regex-float""}, {""name"": ""annual_interest_rate"", ""type"": ""float"", ""required"": false, ""enum"": null, ""raw"": ""150"", ""how"": ""regex-float"", ""coerced"": 150.0, ""ok"": true, ""note"": ""regex-float""}, {""name"": ""loan_term_years"", ""type"": ""int"", ""required"": false, ""enum"": null, ""raw"": ""150"", ""how"": ""regex-int"", ""coerced"": 150, ""ok"": true, ""note"": ""regex-int""}]}}}"
99,"Can you help me create a histogram for the following data: [1, 2, 2, 3, 3, 3, 4, 4, 4, 4] with 5 bins?","[{""name"": ""matrix_multiply"", ""description"": ""Multiplies two matrices."", ""parameters"": {""matrix_a"": {""description"": ""The first matrix."", ""type"": ""List[List[float]]""}, ""matrix_b"": {""description"": ""The second matrix."", ""type"": ""List[List[float]]""}}}, {""name"": ""create_histogram"", ""description"": ""Create a histogram based on provided data."", ""parameters"": {""data"": {""description"": ""The data for which histogram needs to be plotted."", ""type"": ""list"", ""default"": 10}, ""bins"": {""description"": ""The number of equal-width bins in the range. Default is 10."", ""type"": ""int"", ""default"": 10}}}]",create_histogram,"{""data"": [""1""], ""bins"": 1}","{""rule_log"": {""select"": {""candidates"": [{""tool"": ""matrix_multiply"", ""bm25"": 0.0, ""arg_overlap"": 0, ""lambda"": 0.2, ""total"": 0.0}, {""tool"": ""create_histogram"", ""bm25"": 4.947237178957623, ""arg_overlap"": 0, ""lambda"": 0.2, ""total"": 4.947237178957623}], ""chosen"": {""tool"": ""create_histogram"", ""bm25"": 4.947237178957623, ""arg_overlap"": 0, ""lambda"": 0.2, ""total"": 4.947237178957623}}, ""fill"": {""per_arg"": [{""name"": ""data"", ""type"": ""list"", ""required"": false, ""enum"": null, ""raw"": ""1"", ""how"": ""after-name"", ""coerced"": [""1""], ""ok"": true, ""note"": ""singleton""}, {""name"": ""bins"", ""type"": ""int"", ""required"": false, ""enum"": null, ""raw"": ""1"", ""how"": ""regex-int"", ""coerced"": 1, ""ok"": true, ""note"": ""regex-int""}]}}}"
